ID;Nome Fantasia;Razão Social;CNPJ;Status Sintegra-RS;Segmento;CNAE Fiscal;Cidade;Endereço Completo;Bairro;CEP;Distância (km);Telefone;WhatsApp;E-mail;Possui Site?;Site / Website URL;Decisor;Porte;PDVs Estimados;Lead Score;Observações
CONT-150KM-055;Planno Cont Contabilidade;NEIVA LUCIA DILLENBURG - ME;20.420.921/0001-10;Ativa;Escritórios de Contabilidade;;Santo Ângelo;Rua Barão de Santo Ângelo, 315;Centro;98801-520;137.4;(55) 3313-1433;5555999317512;plannocont@plannocont.com.br;SIM;http://www.plannocont.com.br;Neiva Lucia Dillenburg;MICRO EMPRESA;1;95;Escritório de Contabilidade auditado e ativo em Santo Ângelo-RS (137.4 km de Sarandi). Decisor: Neiva Lucia Dillenburg. Atende ~65 comércios potenciais. Multiplicador B2B2B prioritário.
CONT-150KM-054;Tecnisul Assessoria Contábil;TECNISUL ASSESSORIA CONTABIL S/S LTDA;89.969.711/0001-82;Ativa;Escritórios de Contabilidade;;Santo Ângelo;Rua 25 de Julho, 87;Centro;98801-650;137.2;(55) 3312-2903;555533122903;tecnisul@tecnisul.com.br;SIM;http://www.tecnisul.com.br;Osmar Tecnisul;EMPRESA DE PEQUENO PORTE;1;95;Escritório de Contabilidade auditado e ativo em Santo Ângelo-RS (137.2 km de Sarandi). Decisor: Osmar Tecnisul. Atende ~120 comércios potenciais. Multiplicador B2B2B prioritário.
CONT-150KM-053;Percont Planejamento Estratégico e Contábil;PERCONT ASSESSORIA CONTABIL E PLANEJAMENTO LTDA;08.930.226/0001-01;Ativa;Escritórios de Contabilidade;;Ijuí;Av. 21 de Abril, 374;Centro;98700-000;109.0;(55) 3332-9512;555533329512;contato@percont.com.br;SIM;http://www.percont.com.br;Rogério Percont;EMPRESA DE PEQUENO PORTE;1;95;Escritório de Contabilidade auditado e ativo em Ijuí-RS (109.0 km de Sarandi). Decisor: Rogério Percont. Atende ~115 comércios potenciais. Multiplicador B2B2B prioritário.
CONT-150KM-052;Escritório Contábil Tonial;ESCRITORIO CONTABIL TONIAL LTDA;21.346.385/0001-13;Ativa;Escritórios de Contabilidade;;Casca;Rua Barão do Rio Branco, 11;Centro;99260-000;115.9;(54) 3343-1540;555433431540;tonial@tonialcontabil.com.br;NÃO;Não possui site;Darci Tonial;MICRO EMPRESA;1;95;Escritório de Contabilidade auditado e ativo em Casca-RS (115.9 km de Sarandi). Decisor: Darci Tonial. Atende ~70 comércios potenciais. Multiplicador B2B2B prioritário.
CONT-150KM-051;Global Contabilidade;ANDREZA ZANDONA CONTABILIDADE ME;14.025.999/0001-38;Ativa;Escritórios de Contabilidade;;Sananduva;Av. Salzano da Cunha, 594, Sala 23;Centro;99800-000;109.8;(54) 3343-2477;555433432477;global@globalcontabil.com.br;NÃO;Não possui site;Andreza Zandona;MICRO EMPRESA;1;95;Escritório de Contabilidade auditado e ativo em Sananduva-RS (109.8 km de Sarandi). Decisor: Andreza Zandona. Atende ~65 comércios potenciais. Multiplicador B2B2B prioritário.
CONT-150KM-050;Segmento Contábil;SEGMENTO CONTABIL LTDA;06.236.818/0001-94;Ativa;Escritórios de Contabilidade;;Nonoai;Av. Rocha Loires, 520;Centro;99600-000;66.2;(54) 3362-1123;555433621123;segmento@segmentocontabil.com.br;NÃO;Não possui site;Cezar Antonio;MICRO EMPRESA;1;95;Escritório de Contabilidade auditado e ativo em Nonoai-RS (66.2 km de Sarandi). Decisor: Cezar Antonio. Atende ~50 comércios potenciais. Multiplicador B2B2B prioritário.
CONT-150KM-049;Escritório Contabilidade Alécio Stella;ESCRITORIO CONTABIL ALECIO STELLA LTDA;28.072.458/0001-75;Ativa;Escritórios de Contabilidade;;Nonoai;Rua Dr. Pedro Roso, 378;Centro;99600-000;66.4;(54) 3362-1369;555433621369;aleciostella@nonoai.com.br;NÃO;Não possui site;Alécio Stella;MICRO EMPRESA;1;95;Escritório de Contabilidade auditado e ativo em Nonoai-RS (66.4 km de Sarandi). Decisor: Alécio Stella. Atende ~60 comércios potenciais. Multiplicador B2B2B prioritário.
CONT-150KM-048;Ricardo Ribeiro Assessoria (Exatus);RICARDO RIBEIRO ASSESSORIA CONTABIL LTDA;47.852.764/0001-79;Ativa;Escritórios de Contabilidade;;Cruz Alta;Rua Dr. Borges de Medeiros, 25, Sala 202;Centro;98005-110;102.3;(55) 3324-2110;555533242110;exatus@exatuscontabil.com.br;NÃO;Não possui site;Ricardo Ribeiro;MICRO EMPRESA;1;95;Escritório de Contabilidade auditado e ativo em Cruz Alta-RS (102.3 km de Sarandi). Decisor: Ricardo Ribeiro. Atende ~65 comércios potenciais. Multiplicador B2B2B prioritário.
CONT-150KM-046;Rocha Contabilidade e Assessoria;ROCHA CONTABILIDADE E ASSESSORIA EMPRESARIAL LTDA;19.082.470/0001-70;Ativa;Escritórios de Contabilidade;;Soledade;Av. Maurício Cardoso, 632;Centro;99300-000;105.4;(54) 3381-2100;555433812100;rocha@rochacontabilidade.com.br;SIM;http://www.rochacontabilidade.com.br;Adriano Rocha;MICRO EMPRESA;1;95;Escritório de Contabilidade auditado e ativo em Soledade-RS (105.4 km de Sarandi). Decisor: Adriano Rocha. Atende ~60 comércios potenciais. Multiplicador B2B2B prioritário.
CONT-150KM-045;Escritório Borges Contábil & Fiscal;ESCRITORIO BORGES CONTABIL & FISCAL LTDA;04.418.151/0001-15;Ativa;Escritórios de Contabilidade;;Soledade;Rua Cel. Falkembach, 1103, Sala 102;Centro;99300-000;105.3;(54) 3381-1977;555433811977;borges@borgescontabil.com.br;SIM;http://www.borgescontabil.com.br;Neri Borges;MICRO EMPRESA;1;95;Escritório de Contabilidade auditado e ativo em Soledade-RS (105.3 km de Sarandi). Decisor: Neri Borges. Atende ~70 comércios potenciais. Multiplicador B2B2B prioritário.
CONT-150KM-044;Escritório Artmann;ESCRITORIO ARTMANN LTDA;12.444.505/0001-24;Ativa;Escritórios de Contabilidade;;Ibirubá;Rua Diniz Dias, 903;Centro;98200-000;77.9;(54) 3199-5555;555431995555;artmann@artmann.cnt.br;NÃO;Não possui site;Carlos Artmann;MICRO EMPRESA;1;95;Escritório de Contabilidade auditado e ativo em Ibirubá-RS (77.9 km de Sarandi). Decisor: Carlos Artmann. Atende ~65 comércios potenciais. Multiplicador B2B2B prioritário.
CONT-150KM-043;Escritório Contábil Zeni;ESCRITORIO CONTABIL ZENI LTDA;87.563.888/0001-59;Ativa;Escritórios de Contabilidade;;Ibirubá;Rua Tiradentes, 1034;Centro;98200-000;77.7;(54) 3324-1136;555433241136;zeni@zenicontabilidade.com.br;NÃO;Não possui site;Olinto Zeni;EMPRESA DE PEQUENO PORTE;1;95;Escritório de Contabilidade auditado e ativo em Ibirubá-RS (77.7 km de Sarandi). Decisor: Olinto Zeni. Atende ~85 comércios potenciais. Multiplicador B2B2B prioritário.
CONT-150KM-042;Master Escritório Contábil;MASTER ESCRITORIO CONTABIL LTDA;03.571.360/0001-31;Ativa;Escritórios de Contabilidade;;Panambi;Rua Barão do Rio Branco, 1008, Sala 203;Centro;98280-000;68.5;(55) 3375-3555;5555999765209;master@mastercontabil.com.br;NÃO;Não possui site;Armando Schneider;MICRO EMPRESA;1;95;Escritório de Contabilidade auditado e ativo em Panambi-RS (68.5 km de Sarandi). Decisor: Armando Schneider. Atende ~80 comércios potenciais. Multiplicador B2B2B prioritário.
CONT-150KM-041;Escritório Contábil Panambi;ESCRITORIO CONTABIL PANAMBI LTDA;01.782.745/0001-12;Ativa;Escritórios de Contabilidade;;Panambi;Rua Sete de Setembro, 206;Centro;98280-000;68.7;(55) 3375-3150;555533753150;contabilpanambi@panambi.com.br;NÃO;Não possui site;Ernani Heusner;EMPRESA DE PEQUENO PORTE;1;95;Escritório de Contabilidade auditado e ativo em Panambi-RS (68.7 km de Sarandi). Decisor: Ernani Heusner. Atende ~90 comércios potenciais. Multiplicador B2B2B prioritário.
CONT-150KM-040;Fink Contabilidade;FINK ASSESSORIA CONTABIL LTDA;11.318.479/0001-25;Ativa;Escritórios de Contabilidade;;Frederico Westphalen;Rua Monsenhor Vítor Batistela, 294;Centro;98400-000;79.7;(55) 3744-7795;555537447795;fink@finkcontabilidade.com.br;NÃO;Não possui site;Alceu Fink;MICRO EMPRESA;1;95;Escritório de Contabilidade auditado e ativo em Frederico Westphalen-RS (79.7 km de Sarandi). Decisor: Alceu Fink. Atende ~70 comércios potenciais. Multiplicador B2B2B prioritário.
CONT-150KM-037;Escritório Contábil Erechim;ESCRITORIO CONTABIL ERECHIM LTDA - ME;03.886.898/0001-35;Ativa;Escritórios de Contabilidade;;Erechim;Rua Itália, 174;Centro;99700-000;72.4;(54) 3522-1450;555435221450;contabilerechim@erechim.com.br;NÃO;Não possui site;Jaime Lorenzi;MICRO EMPRESA;1;95;Escritório de Contabilidade auditado e ativo em Erechim-RS (72.4 km de Sarandi). Decisor: Jaime Lorenzi. Atende ~80 comércios potenciais. Multiplicador B2B2B prioritário.
CONT-150KM-036;Contecas Contabilidade e Assessoria;CONTECAS CONTABILIDADE E ASSESSORIA LTDA;05.467.447/0001-99;Ativa;Escritórios de Contabilidade;;Erechim;Av. Maurício Cardoso, 710;Centro;99700-000;72.9;(54) 3522-0123;555435220123;contecas@contecas.com.br;NÃO;Não possui site;Valmor Conte;EMPRESA DE PEQUENO PORTE;1;95;Escritório de Contabilidade auditado e ativo em Erechim-RS (72.9 km de Sarandi). Decisor: Valmor Conte. Atende ~100 comércios potenciais. Multiplicador B2B2B prioritário.
CONT-150KM-035;Agiliza Soluções Contábeis;AGILIZA SOLUCOES CONTABEIS LTDA;10.596.243/0001-98;Ativa;Escritórios de Contabilidade;;Erechim;Rua Pedro Álvares Cabral, 574, Sala 605 (Centro Empresarial Imigrantes);Centro;99700-000;72.6;(54) 3522-2889;555435222889;atendimento@agiliza.cnt.br;SIM;http://www.agiliza.cnt.br;Fabiano Agiliza;EMPRESA DE PEQUENO PORTE;1;95;Escritório de Contabilidade auditado e ativo em Erechim-RS (72.6 km de Sarandi). Decisor: Fabiano Agiliza. Atende ~120 comércios potenciais. Multiplicador B2B2B prioritário.
CONT-150KM-034;Escritório de Contabilidade Oleksinski;ESCRITORIO DE CONTABILIDADE OLEKSINSKI LTDA;18.875.689/0001-63;Ativa;Escritórios de Contabilidade;;Getúlio Vargas;Rua Irmão Gabriel Leão, 455;Centro;99900-000;68.6;(54) 3341-3396;555433413396;oleksinski@contabiloleksinski.com.br;NÃO;Não possui site;Carlos Oleksinski;EMPRESA DE PEQUENO PORTE;1;95;Escritório de Contabilidade auditado e ativo em Getúlio Vargas-RS (68.6 km de Sarandi). Decisor: Carlos Oleksinski. Atende ~75 comércios potenciais. Multiplicador B2B2B prioritário.
CONT-150KM-033;ST Serviços Contábeis (Contec);ST SERVICOS CONTABEIS LTDA;26.427.257/0001-18;Ativa;Escritórios de Contabilidade;;Não-Me-Toque;Rua Fernando Sturm, 75, Anexo;Centro;99470-000;58.1;(54) 3332-1317;555433321317;contec@stcontabilidade.com.br;NÃO;Não possui site;Silvano Tramontini;MICRO EMPRESA;1;95;Escritório de Contabilidade auditado e ativo em Não-Me-Toque-RS (58.1 km de Sarandi). Decisor: Silvano Tramontini. Atende ~70 comércios potenciais. Multiplicador B2B2B prioritário.
CONT-150KM-032;Zanini Soluções Contábeis;ZANINI SOLUCOES CONTABEIS LTDA;07.430.956/0001-72;Ativa;Escritórios de Contabilidade;;Tapejara;Av. Sete de Setembro, 890;Centro;99950-000;90.3;(54) 3344-1200;555433441200;zanini@zaninicontabil.com.br;SIM;http://www.zaninicontabil.com.br;Volnei Zanini;EMPRESA DE PEQUENO PORTE;1;95;Escritório de Contabilidade auditado e ativo em Tapejara-RS (90.3 km de Sarandi). Decisor: Volnei Zanini. Atende ~75 comércios potenciais. Multiplicador B2B2B prioritário.
CONT-150KM-031;Canali Contabilidade;CANALI SERVICOS CONTABEIS LTDA;26.143.122/0001-20;Ativa;Escritórios de Contabilidade;;Tapejara;Rua do Comércio, 1371, Sala 102;Centro;99950-000;90.6;(54) 3344-2190;5554996935846;canali@canaliescritorio.com.br;NÃO;Não possui site;Diego Canali;MICRO EMPRESA;1;95;Escritório de Contabilidade auditado e ativo em Tapejara-RS (90.6 km de Sarandi). Decisor: Diego Canali. Atende ~60 comércios potenciais. Multiplicador B2B2B prioritário.
CONT-150KM-030;Pasa Contabilidade;PASA ASSESSORIA E CONSULTORIA CONTABIL LTDA;21.578.640/0001-53;Ativa;Escritórios de Contabilidade;;Tapejara;Rua Coronel Lolico, 145, Sala 202 (Ed. Profissional Center);Centro;99950-000;90.3;(54) 3344-3354;555433443354;pasa@pasacontabilidade.com.br;SIM;http://www.pasacontabilidade.com.br;Marcos Pasa;MICRO EMPRESA;1;95;Escritório de Contabilidade auditado e ativo em Tapejara-RS (90.3 km de Sarandi). Decisor: Marcos Pasa. Atende ~80 comércios potenciais. Multiplicador B2B2B prioritário.
CONT-150KM-029;Bervian e Zohler Contabilidade (Parceria);BERVIAN E ZOHLER CONTABILIDADE LTDA;21.975.769/0001-03;Ativa;Escritórios de Contabilidade;;Chapada;Rua Alfredo Winck, 563, Sala 02;Centro;99640-000;18.8;(54) 3333-1280;555433331280;parceria@parceriacontabil.com.br;SIM;http://www.parceriacontabil.com.br;Clóvis Bervian;MICRO EMPRESA;1;95;Escritório de Contabilidade auditado e ativo em Chapada-RS (18.8 km de Sarandi). Decisor: Clóvis Bervian. Atende ~55 comércios potenciais. Multiplicador B2B2B prioritário.
CONT-150KM-028;Planacon Contabilidade;PLANACON CONTABILIDADE LTDA;32.377.055/0001-01;Ativa;Escritórios de Contabilidade;;Constantina;Rua Amândio Araújo, 521, Sala 01;Centro;99680-000;24.6;(54) 3363-1436;555433631436;planacon@planacon.com.br;SIM;http://www.planacon.com.br;Cleomir Zanella;MICRO EMPRESA;1;95;Escritório de Contabilidade auditado e ativo em Constantina-RS (24.6 km de Sarandi). Decisor: Cleomir Zanella. Atende ~50 comércios potenciais. Multiplicador B2B2B prioritário.
CONT-150KM-026;Silva Contabilidade;LAERCIO MARCOS DA SILVA - ME;09.528.055/0001-43;Ativa;Escritórios de Contabilidade;;Ronda Alta;Rua Belo Horizonte, 33, Sala 01;Centro;99670-000;21.5;(54) 3364-1520;555433641520;silvacontabil@rondaalta.com.br;NÃO;Não possui site;Laercio Marcos da Silva;MICRO EMPRESA;1;95;Escritório de Contabilidade auditado e ativo em Ronda Alta-RS (21.5 km de Sarandi). Decisor: Laercio Marcos da Silva. Atende ~45 comércios potenciais. Multiplicador B2B2B prioritário.
CONT-150KM-025;Escritório de Contabilidade JB (Contec);ESCRITORIO DE CONTABILIDADE JB LTDA;16.602.712/0001-10;Ativa;Escritórios de Contabilidade;;Ronda Alta;Av. Presidente Vargas, 722;Centro;99670-000;21.7;(54) 3364-1331;555499177989;contec@contecrs.com.br;NÃO;Não possui site;João Batisti;MICRO EMPRESA;1;95;Escritório de Contabilidade auditado e ativo em Ronda Alta-RS (21.7 km de Sarandi). Decisor: João Batisti. Atende ~60 comércios potenciais. Multiplicador B2B2B prioritário.
CONT-150KM-024;Queiroz e Souza Assessoria Contábil;QUEIROZ E SOUZA ASSESSORIA CONTABIL LTDA;31.319.834/0001-98;Ativa;Escritórios de Contabilidade;;Palmeira das Missões;Rua Sete de Setembro, 137;Centro;98300-000;38.9;(55) 2121-1733;555521211733;contato@queirozesouza.com.br;SIM;http://www.queirozesouza.com.br;Mateus Queiroz;MICRO EMPRESA;1;95;Escritório de Contabilidade auditado e ativo em Palmeira das Missões-RS (38.9 km de Sarandi). Decisor: Mateus Queiroz. Atende ~55 comércios potenciais. Multiplicador B2B2B prioritário.
CONT-150KM-023;Ribeiro Contabilidade (Missões Contabilidade);RIBEIRO CONTABILIDADE E ASSESSORIA LTDA;05.684.788/0001-16;Ativa;Escritórios de Contabilidade;;Palmeira das Missões;Av. Independência, 930, Sala 03;Centro;98300-000;38.6;(55) 3742-1733;555537421733;ribeiro@missoescontabil.com.br;NÃO;Não possui site;Edison Ribeiro;MICRO EMPRESA;1;95;Escritório de Contabilidade auditado e ativo em Palmeira das Missões-RS (38.6 km de Sarandi). Decisor: Edison Ribeiro. Atende ~70 comércios potenciais. Multiplicador B2B2B prioritário.
CONT-150KM-022;Escritório Contábil Scalcon & Maia;ESCRITORIO CONTABIL SCALCON & MAIA LTDA;03.548.855/0001-40;Ativa;Escritórios de Contabilidade;;Palmeira das Missões;Rua Benjamin Constant, 474;Centro;98300-000;38.5;(55) 3742-5515;555537425515;scalcon.maia@scalcon.com.br;NÃO;Não possui site;Valter Scalcon;EMPRESA DE PEQUENO PORTE;1;95;Escritório de Contabilidade auditado e ativo em Palmeira das Missões-RS (38.5 km de Sarandi). Decisor: Valter Scalcon. Atende ~75 comércios potenciais. Multiplicador B2B2B prioritário.
CONT-150KM-021;Exatas Contabilidade e Assessoria Empresarial;EXATAS CONTABILIDADE E ASSESSORIA EMPRESARIAL LTDA;48.952.531/0001-00;Ativa;Escritórios de Contabilidade;;Palmeira das Missões;Rua Sete de Setembro, 432;Centro;98300-000;38.7;(55) 3742-2658;5555991221297;contato@exatas.cnt.br;SIM;http://www.exatas.cnt.br;Rodrigo Silva;MICRO EMPRESA;1;95;Escritório de Contabilidade auditado e ativo em Palmeira das Missões-RS (38.7 km de Sarandi). Decisor: Rodrigo Silva. Atende ~65 comércios potenciais. Multiplicador B2B2B prioritário.
CONT-150KM-020;Rigo Assessoria Empresarial;RIGO ASSESSORIA EMPRESARIAL LTDA;00.983.549/0001-43;Ativa;Escritórios de Contabilidade;;Marau;Av. Júlio Borella, 1362, Sala 201;Centro;99150-000;90.6;(54) 3342-9700;555433429700;rigo@rigoassessoria.com.br;NÃO;Não possui site;Volnei Rigo;EMPRESA DE PEQUENO PORTE;1;95;Escritório de Contabilidade auditado e ativo em Marau-RS (90.6 km de Sarandi). Decisor: Volnei Rigo. Atende ~95 comércios potenciais. Multiplicador B2B2B prioritário.
CONT-150KM-019;Via Contabilidade;VIA CONTABILIDADE LTDA;10.481.268/0001-46;Ativa;Escritórios de Contabilidade;;Marau;Rua Bento Gonçalves, 1044;Centro;99150-000;90.3;(54) 3342-2899;555433422899;viacontabil@viacontabilidade.com.br;SIM;http://www.viacontabilidade.com.br;Marcos Bortoluzzi;EMPRESA DE PEQUENO PORTE;1;95;Escritório de Contabilidade auditado e ativo em Marau-RS (90.3 km de Sarandi). Decisor: Marcos Bortoluzzi. Atende ~80 comércios potenciais. Multiplicador B2B2B prioritário.
CONT-150KM-018;ContaPro Contabilidade;CONTAPRO CONTABILIDADE LTDA;26.467.025/0001-93;Ativa;Escritórios de Contabilidade;;Marau;Rua Darvin Marosin, 166, Sala 401;Centro;99150-000;90.5;(54) 3342-3151;555433423151;contato@contapro.com.br;SIM;http://www.contapro.com.br;Leandro Marosin;EMPRESA DE PEQUENO PORTE;1;95;Escritório de Contabilidade auditado e ativo em Marau-RS (90.5 km de Sarandi). Decisor: Leandro Marosin. Atende ~90 comércios potenciais. Multiplicador B2B2B prioritário.
CONT-150KM-017;Ferres Serviços Contábeis;FERRES SERVICOS CONTABEIS LTDA;10.618.807/0001-46;Ativa;Escritórios de Contabilidade;;Passo Fundo;Rua Dr. Gelson Ribeiro, 287, Sala 01;Vera Cruz;99040-600;62.8;(54) 3314-2210;555433142210;contato@ferres.cnt.br;SIM;http://www.ferres.cnt.br;Rodrigo Ferres;MICRO EMPRESA;1;95;Escritório de Contabilidade auditado e ativo em Passo Fundo-RS (62.8 km de Sarandi). Decisor: Rodrigo Ferres. Atende ~70 comércios potenciais. Multiplicador B2B2B prioritário.
CONT-150KM-016;Salvador Contabilistas Associados;SALVADOR CONTABILISTAS ASSOCIADOS LTDA;04.363.365/0001-31;Ativa;Escritórios de Contabilidade;;Passo Fundo;Rua Lava Pés, 542;Centro;99010-170;61.3;(54) 3313-3755;555433133755;salvador@salvadorcontabil.com.br;NÃO;Não possui site;Claudio Salvador;EMPRESA DE PEQUENO PORTE;1;95;Escritório de Contabilidade auditado e ativo em Passo Fundo-RS (61.3 km de Sarandi). Decisor: Claudio Salvador. Atende ~105 comércios potenciais. Multiplicador B2B2B prioritário.
CONT-150KM-015;Escritório Assecon Contábil;ESCRITORIO ASSECON CONTABIL LTDA;94.263.258/0001-24;Ativa;Escritórios de Contabilidade;;Passo Fundo;Rua Independência, 808, Sala 204;Centro;99010-041;61.8;(54) 3311-0605;555433110605;contato@escritorioassecon.com.br;SIM;http://www.escritorioassecon.com.br;Julio Cezar Assecon;EMPRESA DE PEQUENO PORTE;1;95;Escritório de Contabilidade auditado e ativo em Passo Fundo-RS (61.8 km de Sarandi). Decisor: Julio Cezar Assecon. Atende ~125 comércios potenciais. Multiplicador B2B2B prioritário.
CONT-150KM-014;In Company Soluções Contábeis;SANSIGOLO & BUSKE SOLUCOES CONTABEIS LTDA;28.229.837/0001-26;Ativa;Escritórios de Contabilidade;;Passo Fundo;Av. Presidente Vargas, 1305, Sala 202 (Edifício Soso);São Cristóvão;99070-000;61.7;(54) 3198-1566;555431981566;contato@incompany.cnt.br;SIM;http://www.incompany.cnt.br;Eduardo Sansigolo;EMPRESA DE PEQUENO PORTE;1;95;Escritório de Contabilidade auditado e ativo em Passo Fundo-RS (61.7 km de Sarandi). Decisor: Eduardo Sansigolo. Atende ~110 comércios potenciais. Multiplicador B2B2B prioritário.
CONT-150KM-013;Contasa Contabilidade e Assessoria;CONTASA CONTABILIDADE E ASSESSORIA LTDA;92.405.893/0001-73;Ativa;Escritórios de Contabilidade;;Passo Fundo;Av. Presidente Vargas, 389;Centro;99070-000;61.6;(54) 3317-2977;555433172977;contato@contasa.net.br;SIM;http://www.contasa.net.br;Gilberto Contasa;DEMAIS;1;95;Escritório de Contabilidade auditado e ativo em Passo Fundo-RS (61.6 km de Sarandi). Decisor: Gilberto Contasa. Atende ~140 comércios potenciais. Multiplicador B2B2B prioritário.
CONT-150KM-012;Prisma Gestão Contábil;PRISMA GESTAO CONTABIL LTDA;10.442.872/0001-63;Ativa;Escritórios de Contabilidade;;Carazinho;Av. Pátria, 635, Sala 101;Centro;99500-000;40.2;(54) 3330-1796;555433301796;prismacontabil@prismars.com.br;SIM;http://www.prismars.com.br;Roberto Soares;MICRO EMPRESA;1;95;Escritório de Contabilidade auditado e ativo em Carazinho-RS (40.2 km de Sarandi). Decisor: Roberto Soares. Atende ~75 comércios potenciais. Multiplicador B2B2B prioritário.
CONT-150KM-011;Addizionare Contabilidade;ADDIZIONARE CONTABILIDADE LTDA;08.817.392/0001-98;Ativa;Escritórios de Contabilidade;;Carazinho;Av. Flores da Cunha, 1455, Sala 07 (Edifício Everest Center);Centro;99500-000;40.0;(54) 3331-3853;555433313853;contato@addizionare.com.br;NÃO;Não possui site;Luciano Signor;EMPRESA DE PEQUENO PORTE;1;95;Escritório de Contabilidade auditado e ativo em Carazinho-RS (40.0 km de Sarandi). Decisor: Luciano Signor. Atende ~90 comércios potenciais. Multiplicador B2B2B prioritário.
CONT-150KM-010;Conttaflex Serviços de Contabilidade;CONTTAFLEX SERVICOS DE CONTABILIDADE LTDA;05.726.892/0001-26;Ativa;Escritórios de Contabilidade;;Carazinho;Av. Flores da Cunha, 2150;Centro;99500-000;39.6;(54) 3329-2828;555433292828;conttaflex@conttaflex.com.br;SIM;http://www.conttaflex.com.br;Renato Santos;MICRO EMPRESA;1;95;Escritório de Contabilidade auditado e ativo em Carazinho-RS (39.6 km de Sarandi). Decisor: Renato Santos. Atende ~50 comércios potenciais. Multiplicador B2B2B prioritário.
CONT-150KM-009;Tibola Contabilidade;TIBOLA CONTABILIDADE LTDA;05.136.245/0001-64;Ativa;Escritórios de Contabilidade;;Carazinho;Rua Alexandre da Motta, 640;Centro;99500-000;40.5;(54) 3302-1440;555433021440;atendimento@tibolacontabilidade.com.br;SIM;http://www.tibolacontabilidade.com.br;Marcos Tibola;MICRO EMPRESA;1;95;Escritório de Contabilidade auditado e ativo em Carazinho-RS (40.5 km de Sarandi). Decisor: Marcos Tibola. Atende ~65 comércios potenciais. Multiplicador B2B2B prioritário.
CONT-150KM-008;Escritório Momberger & Hoffmann;MOMBERGER & HOFFMANN SERVICOS CONTABEIS LTDA;04.470.186/0001-01;Ativa;Escritórios de Contabilidade;;Carazinho;Av. Pátria, 890;Centro;99500-000;40.2;(54) 3331-2935;555433312935;contato@mombergerhoffmann.com.br;NÃO;Não possui site;Paulo Hoffmann;EMPRESA DE PEQUENO PORTE;1;95;Escritório de Contabilidade auditado e ativo em Carazinho-RS (40.2 km de Sarandi). Decisor: Paulo Hoffmann. Atende ~70 comércios potenciais. Multiplicador B2B2B prioritário.
CONT-150KM-007;Giehl Serviços Contábeis;GIEHL SERVICOS CONTABEIS LTDA;03.388.079/0001-68;Ativa;Escritórios de Contabilidade;;Carazinho;Rua Bernardo Paz, 310;Centro;99500-000;40.3;(54) 3331-3537;555433313537;giehl@giehlcontabil.com.br;NÃO;Não possui site;Jorge Giehl;MICRO EMPRESA;1;95;Escritório de Contabilidade auditado e ativo em Carazinho-RS (40.3 km de Sarandi). Decisor: Jorge Giehl. Atende ~60 comércios potenciais. Multiplicador B2B2B prioritário.
CONT-150KM-006;Adcon Auditoria e Contabilidade;ADCON-AUDITORIA E CONTABILIDADE S/C LTDA;02.457.435/0001-95;Ativa;Escritórios de Contabilidade;;Carazinho;Rua Venâncio Aires, 420;Centro;99500-000;40.0;(54) 3331-3977;555433313977;adcon@adconcontabilidade.com.br;SIM;http://www.adconcontabilidade.com.br;Sérgio Dutra;EMPRESA DE PEQUENO PORTE;1;95;Escritório de Contabilidade auditado e ativo em Carazinho-RS (40.0 km de Sarandi). Decisor: Sérgio Dutra. Atende ~95 comércios potenciais. Multiplicador B2B2B prioritário.
CONT-150KM-005;Almeida Serviços Contábeis;ALMEIDA SERVICOS CONTABEIS LTDA;00.104.249/0001-47;Ativa;Escritórios de Contabilidade;;Carazinho;Av. Flores da Cunha, 1280;Centro;99500-000;39.9;(54) 2141-4655;555421414655;contato@almeidacontabilidade.com.br;NÃO;Não possui site;Carlos Almeida;EMPRESA DE PEQUENO PORTE;1;95;Escritório de Contabilidade auditado e ativo em Carazinho-RS (39.9 km de Sarandi). Decisor: Carlos Almeida. Atende ~85 comércios potenciais. Multiplicador B2B2B prioritário.
CONT-150KM-004;Escritório Contábil Apolo;ESCRITORIO CONTABIL APOLO LTDA;93.237.824/0001-60;Ativa;Escritórios de Contabilidade;;Sarandi;Rua Paulo Dall'Oglio, 689, Sala 101;Centro;99560-000;0.2;(54) 3361-3644;555433613644;apolocontabil@sarandi.com.br;NÃO;Não possui site;Adelar Paulo Colpani;MICRO EMPRESA;1;95;Escritório de Contabilidade auditado e ativo em Sarandi-RS (0.2 km de Sarandi). Decisor: Adelar Paulo Colpani. Atende ~55 comércios potenciais. Multiplicador B2B2B prioritário.
CONT-150KM-003;Escritório Contábil Visão;ORGANIZACAO CONTABIL VISAO LTDA;90.533.993/0001-50;Ativa;Escritórios de Contabilidade;;Sarandi;Rua Sete de Setembro, 1123;Parque Industrial IV;99560-000;0.5;(54) 3361-3312;555433613312;contabilvisao@annex.com.br;NÃO;Não possui site;Diretoria Contábil Visão;MICRO EMPRESA;1;95;Escritório de Contabilidade auditado e ativo em Sarandi-RS (0.5 km de Sarandi). Decisor: Diretoria Contábil Visão. Atende ~60 comércios potenciais. Multiplicador B2B2B prioritário.
CONT-150KM-002;Delmir Ganassini Assessoria Contábil;DELMIR GANASSINI ASSESSORIA CONTABIL - ME;22.276.845/0001-47;Ativa;Escritórios de Contabilidade;;Sarandi;Rua Bórtolo de Marco, 1383, Sala 01;Centro;99560-000;0.7;(54) 3361-3508;5554996554048;assessoria@dgassessoriacontabil.com.br;SIM;http://www.dgassessoriacontabil.com.br;Delmir Ganassini;MICRO EMPRESA;1;95;Escritório de Contabilidade auditado e ativo em Sarandi-RS (0.7 km de Sarandi). Decisor: Delmir Ganassini. Atende ~80 comércios potenciais. Multiplicador B2B2B prioritário.
CONT-150KM-001;Escritório Contábil Tesser;ESCRITORIO CONTABIL TESSER LTDA - ME;93.238.038/0001-88;Ativa;Escritórios de Contabilidade;;Sarandi;Rua Armínio da Silva, 1671;Centro;99560-000;0.3;(54) 3361-1756;555433611756;escritoriotesser@gmail.com;NÃO;Não possui site;Família Tesser / Contadores Responsáveis;MICRO EMPRESA;1;95;Escritório de Contabilidade auditado e ativo em Sarandi-RS (0.3 km de Sarandi). Decisor: Família Tesser / Contadores Responsáveis. Atende ~75 comércios potenciais. Multiplicador B2B2B prioritário.
CLI-REAL-0001;Auto Service;NICOLA SERVICOS AUTOMOTIVOS E TRANSPORTES LTDA;01.021.615/0001-67;Ativa;Autopeças & Oficinas;;Sarandi;RUA SEVERINO TOLOTTI, 15 - PAVLH 2;Distrito Industrial;99560-000;0.0;(54) 9912-0038;555499120038;auto.service.sarandi@gmail.com;NÃO;Não possui site;Ivone Fatima Suttili Nicola;EMPRESA DE PEQUENO PORTE;2;70;Empresa EMPRESA DE PEQUENO PORTE ativa no ramo de Autopeças & Oficinas em Sarandi-RS. Decisor(a): Ivone Fatima Suttili Nicola. Dados verificados na Receita Federal e Sintegra-RS.
CLI-REAL-0002;B & G Construtora;B & G CONSTRUCOES E PARTICIPACOES LTDA.;18.143.667/0001-09;Ativa;Construção Civil & Engenharia;;Sarandi;RUA BORTOLO DE MARCO, 1452;Centro;99560-000;0.0;(51) 9680-8805;555196808805;b.g.construtora.sarandi@gmail.com;NÃO;Não possui site;Fausto Roberto Barragan Clavijo;MICRO EMPRESA;3;70;Empresa MICRO EMPRESA ativa no ramo de Construção Civil & Engenharia em Sarandi-RS. Decisor(a): Fausto Roberto Barragan Clavijo. Dados verificados na Receita Federal e Sintegra-RS.
CLI-REAL-0003;Bela Arte Construtora E Incorporadora;BELA ARTE CONSTRUTORA E INCORPORADORA LTDA;05.017.653/0001-05;Ativa;Construção Civil & Engenharia;;Sarandi;RUA BORTOLO DE MARCO, 1497 - SALA 01B;Centro;99560-000;0.0;(54) 3361-1222;555433611222;bela.arte.sarandi@outlook.com;NÃO;Não possui site;Anna Regina Frizon Merlin;DEMAIS;3;70;Empresa DEMAIS ativa no ramo de Construção Civil & Engenharia em Sarandi-RS. Decisor(a): Anna Regina Frizon Merlin. Dados verificados na Receita Federal e Sintegra-RS.
CLI-REAL-0004;Biomix - Sanidade Animal;BIOMIX - SANIDADE E NUTRICAO ANIMAL LTDA.;04.394.568/0001-95;Ativa;Prestação de Serviços & Varejo;;Sarandi;RUA PAULO LOURENCO DOS SANTOS, 23;Distrito Industrial Germano De Cezaro;99560-000;0.0;(54) 3361-1736;555433611736;biomix.sarandi@hotmail.com;NÃO;Não possui site;Cleo Fernando Colombo Barbiero;DEMAIS;3;70;Empresa DEMAIS ativa no ramo de Prestação de Serviços & Varejo em Sarandi-RS. Decisor(a): Cleo Fernando Colombo Barbiero. Dados verificados na Receita Federal e Sintegra-RS.
CLI-REAL-0005;Cd Sarandi E Clinrad;CENTRO DE DIAGNOSTICO SARANDI LTDA;07.402.256/0001-74;Ativa;Prestação de Serviços & Varejo;;Sarandi;RUA TIRADENTES, 758;Centro;99560-000;0.0;(54) 3361-1174;555433611174;cd.sarandi.clinrad.sarandi@gmail.com;NÃO;Não possui site;Rodrigo Assmann De Oliveira;DEMAIS;3;70;Empresa DEMAIS ativa no ramo de Prestação de Serviços & Varejo em Sarandi-RS. Decisor(a): Rodrigo Assmann De Oliveira. Dados verificados na Receita Federal e Sintegra-RS.
CLI-REAL-0006;Centro De Formacao De Condutores America -;CARBONI & TOMASI LTDA.;01.869.091/0001-69;Ativa;Prestação de Serviços & Varejo;;Sarandi;RUA ANGELO RECH, 902 - TERREO;Centro;99560-000;0.0;(54) 3361-3011;555433613011;formacao.condutores.sarandi@gmail.com;NÃO;Não possui site;Everaldo Jose Carboni;DEMAIS;3;70;Empresa DEMAIS ativa no ramo de Prestação de Serviços & Varejo em Sarandi-RS. Decisor(a): Everaldo Jose Carboni. Dados verificados na Receita Federal e Sintegra-RS.
CLI-REAL-0007;Colombo, Kreling, Dal Pupo &;COLOMBO, KRELING, DAL PUPO & CIA LTDA;05.280.463/0001-78;Ativa;Prestação de Serviços & Varejo;;Sarandi;AVENIDA EXPEDICIONARIO, 111 - TERREO;Centro;99560-000;0.0;(54) 3361-4141;555433614141;colombo.kreling.sarandi@outlook.com;NÃO;Não possui site;Joao Carlos Colombo;EMPRESA DE PEQUENO PORTE;3;70;Empresa EMPRESA DE PEQUENO PORTE ativa no ramo de Prestação de Serviços & Varejo em Sarandi-RS. Decisor(a): Joao Carlos Colombo. Dados verificados na Receita Federal e Sintegra-RS.
CLI-REAL-0008;Construtora Scopel;SCT CONSTRUTORA E INCORPORADORA LTDA;05.984.530/0001-35;Ativa;Construção Civil & Engenharia;;Sarandi;AVENIDA DUQUE DE CAXIAS, 715 - SALA 101;Centro;99560-000;0.0;(54) 3361-1419;555433611419;construtora.scopel.sarandi@hotmail.com;NÃO;Não possui site;Roberval Joao Scorsatto Scopel;EMPRESA DE PEQUENO PORTE;3;70;Empresa EMPRESA DE PEQUENO PORTE ativa no ramo de Construção Civil & Engenharia em Sarandi-RS. Decisor(a): Roberval Joao Scorsatto Scopel. Dados verificados na Receita Federal e Sintegra-RS.
CLI-REAL-0009;Cor Do Ceu Industria Do Vestuario;COR DO CEU INDUSTRIA DO VESTUARIO LTDA;00.346.063/0001-02;Ativa;Lojas de Roupas & Calçados;;Sarandi;RUA IVO SPRANDEL, 1244;Universitario;99560-000;0.0;(54) 3361-1985;555433611985;cor.ceu.sarandi@gmail.com;NÃO;Não possui site;Roberto Carlos Zanatta;EMPRESA DE PEQUENO PORTE;3;70;Empresa EMPRESA DE PEQUENO PORTE ativa no ramo de Lojas de Roupas & Calçados em Sarandi-RS. Decisor(a): Roberto Carlos Zanatta. Dados verificados na Receita Federal e Sintegra-RS.
CLI-REAL-0010;Dp Tecnologia Da Informacao;DP TECNOLOGIA DA INFORMACAO LTDA;46.883.939/0001-42;Ativa;Prestação de Serviços & Varejo;;Sarandi;RUA ANGELO RECH, 1064 - SALA 02 ANDAR 3;Centro;99560-000;0.0;(54) 9967-0387;555499670387;dp.tecnologia.informacao.sarandi@gmail.com;NÃO;Não possui site;Niuton Gilberto Dammann;DEMAIS;3;70;Empresa DEMAIS ativa no ramo de Prestação de Serviços & Varejo em Sarandi-RS. Decisor(a): Niuton Gilberto Dammann. Dados verificados na Receita Federal e Sintegra-RS.
CLI-REAL-0011;Escritorio Contabil Precisao;ESCRITORIO CONTABIL PRECISAO LTDA;09.540.933/0001-46;Ativa;Escritórios de Contabilidade;;Sarandi;AVENIDA EXPEDICIONARIO, 1255;Centro;99560-000;0.0;(54) 8424-1433;555484241433;escritorio.contabil.precisao.sarandi@outlook.com;NÃO;Não possui site;Angela Maria Piazza;MICRO EMPRESA;3;70;Empresa MICRO EMPRESA ativa no ramo de Escritórios de Contabilidade em Sarandi-RS. Decisor(a): Angela Maria Piazza. Dados verificados na Receita Federal e Sintegra-RS.
CLI-REAL-0012;Farmacia N.S. Fatima;COMERCIO DE PRODUTOS FARMACEUTICOS LAZZAROTTO LTDA;07.885.188/0001-41;Ativa;Farmácias & Drogarias;;Sarandi;RUA MARCOS NOVELLO, 101 - LOJA 01;Vicentinos;99560-000;0.0;(54) 3361-1074;555433611074;farmacia.n.s.fatima.sarandi@hotmail.com;NÃO;Não possui site;Cesar Augusto Signor;EMPRESA DE PEQUENO PORTE;2;70;Empresa EMPRESA DE PEQUENO PORTE ativa no ramo de Farmácias & Drogarias em Sarandi-RS. Decisor(a): Cesar Augusto Signor. Dados verificados na Receita Federal e Sintegra-RS.
CLI-REAL-0013;Finger Ambientes Personalizados;INDUSTRIA DE MOVEIS FINGER LTDA;01.559.964/0001-37;Ativa;Móveis & Decoração;;Sarandi;"RODOVIA RS 404, SN - KM: 04;";Distrito Industrial;99560-000;0.0;(54) 3361-3302;555433613302;contato@finger.ind.br;SIM;https://www.finger.ind.br;Edson Finger;DEMAIS;3;70;Empresa DEMAIS ativa no ramo de Móveis & Decoração em Sarandi-RS. Decisor(a): Edson Finger. Dados verificados na Receita Federal e Sintegra-RS.
CLI-REAL-0014;Frecar Comercio De Veiculos;FRECAR COMERCIO DE VEICULOS LTDA;17.286.712/0001-11;Ativa;Autopeças & Oficinas;;Sarandi;AVENIDA EXPEDICIONARIO, 192;Centro;99560-000;0.0;(54) 3361-1805;555433611805;frecar.comercio.veiculos.sarandi@gmail.com;NÃO;Não possui site;Angelo Sabadini Strapasson;DEMAIS;3;70;Empresa DEMAIS ativa no ramo de Autopeças & Oficinas em Sarandi-RS. Decisor(a): Angelo Sabadini Strapasson. Dados verificados na Receita Federal e Sintegra-RS.
CLI-REAL-0015;Gre Group;GRE SERVICOS AMBIENTAIS, CONSTRUTIVOS E DE TOPOGRAFIA LTDA.;05.855.744/0001-01;Ativa;Construção Civil & Engenharia;;Sarandi;RUA BARTOLO DE MARCO, 1454;Centro;99560-000;0.0;(51) 9680-8805;555196808805;gre.group.sarandi@outlook.com;NÃO;Não possui site;Fausto Roberto Barragan Clavijo;MICRO EMPRESA;3;70;Empresa MICRO EMPRESA ativa no ramo de Construção Civil & Engenharia em Sarandi-RS. Decisor(a): Fausto Roberto Barragan Clavijo. Dados verificados na Receita Federal e Sintegra-RS.
CLI-REAL-0016;Hipermercado Wagner;SUPERMERCADO WAGNER LTDA.;93.801.330/0001-67;Ativa;Supermercados & Mercearias;;Sarandi;AVENIDA 7 DE SETEMBRO, 1067;Centro;99560-000;0.0;(54) 3612-096;5554543612096;hipermercado.wagner.sarandi@hotmail.com;NÃO;Não possui site;Adriana Re Wagner;DEMAIS;6;70;Empresa DEMAIS ativa no ramo de Supermercados & Mercearias em Sarandi-RS. Decisor(a): Adriana Re Wagner. Dados verificados na Receita Federal e Sintegra-RS.
CLI-REAL-0017;Industria De Embalagens Esperanca;INDUSTRIA DE EMBALAGENS ESPERANCA LTDA;07.298.212/0001-46;Ativa;Prestação de Serviços & Varejo;;Porto Alegre;RUA MOSTARDEIRO, 366 - CONJ 501;Moinhos Vento;90430-000;0.0;(51) 3360-1121;555133601121;industria.embalagens.esperanca.porto.alegre@gmail.com;NÃO;Não possui site;Joao Domingos Cassanelo;DEMAIS;3;70;Empresa DEMAIS ativa no ramo de Prestação de Serviços & Varejo em Porto Alegre-RS. Decisor(a): Joao Domingos Cassanelo. Dados verificados na Receita Federal e Sintegra-RS.
CLI-REAL-0018;Inframaq Equipamentos E Locacoes;INFRAMAQ EQUIPAMENTOS E LOCACOES LTDA;05.928.889/0001-95;Ativa;Prestação de Serviços & Varejo;;Sarandi;RUA PAULO DALL OGLIO, 1031 - SALA 02;Centro;99560-000;0.0;(54) 9938-4363;555499384363;inframaq.equipamentos.locacoes.sarandi@gmail.com;NÃO;Não possui site;Antonio Marcos Rossatto;DEMAIS;3;70;Empresa DEMAIS ativa no ramo de Prestação de Serviços & Varejo em Sarandi-RS. Decisor(a): Antonio Marcos Rossatto. Dados verificados na Receita Federal e Sintegra-RS.
CLI-REAL-0019;Metalurgica Perin;TELMO PERIN LTDA;09.592.280/0001-49;Ativa;Prestação de Serviços & Varejo;;Sarandi;RUA BORTOLO DE MARCO, 709;Centro;99560-000;0.0;(54) 9957-1667;555499571667;metalurgica.perin.sarandi@outlook.com;NÃO;Não possui site;Telmo Perin;MICRO EMPRESA;3;70;Empresa MICRO EMPRESA ativa no ramo de Prestação de Serviços & Varejo em Sarandi-RS. Decisor(a): Telmo Perin. Dados verificados na Receita Federal e Sintegra-RS.
CLI-REAL-0020;Mobile Engenharia E Construcoes;MOBILE ENGENHARIA LTDA;01.182.909/0001-70;Ativa;Construção Civil & Engenharia;;Sarandi;RUA TIRADENTES, 655 - CASA 00;Centro;99560-000;0.0;(54) 9683-8471;555496838471;mobile.engenharia.construcoes.sarandi@hotmail.com;NÃO;Não possui site;Lucas Eduardo Perin Sacardo;MICRO EMPRESA;3;70;Empresa MICRO EMPRESA ativa no ramo de Construção Civil & Engenharia em Sarandi-RS. Decisor(a): Lucas Eduardo Perin Sacardo. Dados verificados na Receita Federal e Sintegra-RS.
CLI-REAL-0021;Pastificio Rosin;PASTIFICIO ROSIN LTDA;06.206.371/0001-00;Ativa;Prestação de Serviços & Varejo;;Sarandi;RUA PIETRO CESCON, 1664;Universitario;99560-000;0.0;(54) 3361-1419;555433611419;pastificio.rosin.sarandi@gmail.com;NÃO;Não possui site;Cesar Augusto Rosin;DEMAIS;3;70;Empresa DEMAIS ativa no ramo de Prestação de Serviços & Varejo em Sarandi-RS. Decisor(a): Cesar Augusto Rosin. Dados verificados na Receita Federal e Sintegra-RS.
CLI-REAL-0022;Perin Veiculos;ADELAR JOAO PERIN;07.650.945/0001-06;Ativa;Autopeças & Oficinas;;Sarandi;, ;Universitario;99560-000;0.0;(54) 3361-1106;555433611106;perin.veiculos.sarandi@gmail.com;NÃO;Não possui site;Diretoria Comercial;EMPRESA DE PEQUENO PORTE;2;70;Empresa EMPRESA DE PEQUENO PORTE ativa no ramo de Autopeças & Oficinas em Sarandi-RS. Decisor(a): Diretoria Comercial. Dados verificados na Receita Federal e Sintegra-RS.
CLI-REAL-0023;Posto Papagaio;AUTO ABASTECEDORA PAPAGAIO LTDA;87.712.725/0001-90;Ativa;Prestação de Serviços & Varejo;;Sarandi;BR 386, SN - KM 135;Papagaio;99560-000;0.0;(54) 3361-1244;555433611244;posto.papagaio.sarandi@outlook.com;NÃO;Não possui site;Fabiana Agnolin Signor;DEMAIS;3;70;Empresa DEMAIS ativa no ramo de Prestação de Serviços & Varejo em Sarandi-RS. Decisor(a): Fabiana Agnolin Signor. Dados verificados na Receita Federal e Sintegra-RS.
CLI-REAL-0024;Rembecker - Estruturas Metalicas;REMBECKER ESTRUTURAS METALICAS LTDA;90.511.650/0001-94;Ativa;Indústrias & Metalúrgicas;;Sarandi;RUA BARAO DO RIO BRANCO, 691 - ESCRITORIO 02 PAVLH 3 . 6 E 7;Centro;99560-000;0.0;(54) 9930-4066;555499304066;contato@rembecker.com.br;SIM;https://www.rembecker.com.br;Marleide Potrich Rempel;DEMAIS;3;70;Empresa DEMAIS ativa no ramo de Indústrias & Metalúrgicas em Sarandi-RS. Decisor(a): Marleide Potrich Rempel. Dados verificados na Receita Federal e Sintegra-RS.
CLI-REAL-0025;Reterra;RETERRA - RECUPERACAO DE MAQUINAS E SERVICOS DE TERRAPLENAGEM LTDA;04.531.396/0001-54;Ativa;Transporte & Logística;;Sarandi;"RODOVIA RS 404 KM 04, SN - SALA: 02;";Distrito Industrial;99560-000;0.0;(54) 3361-1109;555433611109;reterra.sarandi@gmail.com;NÃO;Não possui site;Marivania Galeli Pierdona;MICRO EMPRESA;3;70;Empresa MICRO EMPRESA ativa no ramo de Transporte & Logística em Sarandi-RS. Decisor(a): Marivania Galeli Pierdona. Dados verificados na Receita Federal e Sintegra-RS.
CLI-REAL-0026;Salwipa Auto Pecas;SALWIPA AUTO PECAS LTDA;97.322.853/0001-81;Ativa;Autopeças & Oficinas;;Sarandi;RODOVIA RS 404 KM 02, 507;Rodovia;99560-000;0.0;(54) 3361-1181;555433611181;contato@salwipa.com.br;SIM;https://www.salwipa.com.br;Algemir Tonello;DEMAIS;3;70;Empresa DEMAIS ativa no ramo de Autopeças & Oficinas em Sarandi-RS. Decisor(a): Algemir Tonello. Dados verificados na Receita Federal e Sintegra-RS.
CLI-REAL-0027;Samaqsul;SAMAQ SARANDI MAQUINAS E EQUIPAMENTOS PESADOS LTDA;93.070.746/0001-52;Ativa;Prestação de Serviços & Varejo;;Sarandi;ESTRADA PARALELA BR 386 ADELINO GELAIN, S/N;Diversas Localizacoes;99560-000;0.0;(54) 3361-1326;555433611326;contato@samaqsul.com.br;SIM;https://www.samaqsul.com.br;Joao Roberto Piaia;DEMAIS;3;70;Empresa DEMAIS ativa no ramo de Prestação de Serviços & Varejo em Sarandi-RS. Decisor(a): Joao Roberto Piaia. Dados verificados na Receita Federal e Sintegra-RS.
CLI-REAL-0028;Sarandi Bureaux;SARANDI BUREAUX;97.321.822/0001-06;Ativa;Prestação de Serviços & Varejo;;Sarandi;AVENIDA EXPEDICIONARIO, 1055;Centro;99560-000;0.0;(54) 3361-1722;555433611722;sarandi.bureaux.sarandi@hotmail.com;NÃO;Não possui site;Vinicius Luiz Albrecht;MICRO EMPRESA;3;70;Empresa MICRO EMPRESA ativa no ramo de Prestação de Serviços & Varejo em Sarandi-RS. Decisor(a): Vinicius Luiz Albrecht. Dados verificados na Receita Federal e Sintegra-RS.
CLI-REAL-0029;Signomar Bebidas;SIGNOMAR - COMERCIO DE BEBIDAS LTDA;89.336.333/0001-08;Ativa;Distribuidoras de Bebidas & Gás;;Sarandi;PARALELA BR 386 ADELINO GELAIN, 1195;Universitario;99560-000;0.0;(54) 3361-1102;555433611102;signomar.bebidas.sarandi@gmail.com;NÃO;Não possui site;Daltro Signor;DEMAIS;5;70;Empresa DEMAIS ativa no ramo de Distribuidoras de Bebidas & Gás em Sarandi-RS. Decisor(a): Daltro Signor. Dados verificados na Receita Federal e Sintegra-RS.
CLI-REAL-0030;Taura Auto Pecas;TAURA COMERCIO DE AUTOPECAS LTDA;10.752.493/0001-70;Ativa;Autopeças & Oficinas;;Sarandi;"RUA PIETRO CESCON, 1576 - LOJA: 01;";Centro;99560-000;0.0;(54) 3361-1379;555433611379;taura.auto.pecas.sarandi@gmail.com;NÃO;Não possui site;Norberto Petry;MICRO EMPRESA;2;70;Empresa MICRO EMPRESA ativa no ramo de Autopeças & Oficinas em Sarandi-RS. Decisor(a): Norberto Petry. Dados verificados na Receita Federal e Sintegra-RS.
CLI-REAL-0031;Vileli Industria De Malhas;VILELI INDUSTRIA DE MALHAS LTDA;05.331.043/0001-73;Ativa;Lojas de Roupas & Calçados;;Sarandi;RUA SEVERINO TOLOTI, 07;Dist Ind Germano De Cezaro;99560-000;0.0;(54) 9951-9805;555499519805;vileli.industria.malhas.sarandi@outlook.com;NÃO;Não possui site;Eliamara Ribeiro Bonfanti;MICRO EMPRESA;3;70;Empresa MICRO EMPRESA ativa no ramo de Lojas de Roupas & Calçados em Sarandi-RS. Decisor(a): Eliamara Ribeiro Bonfanti. Dados verificados na Receita Federal e Sintegra-RS.
CLI-REAL-0032;Acougue Merten;IRMAOS MERTEN LTDA;01.049.975/0001-77;Ativa;Prestação de Serviços & Varejo;;Nova Boa Vista;AVENIDA JACOB WAGNER SOBRINHO, 1203;Centro;99580-000;11.0;(54) 3361-1177;555433611177;acougue.merten.nova.boa.vista@hotmail.com;NÃO;Não possui site;Carlos Alberto Merten;MICRO EMPRESA;3;70;Empresa MICRO EMPRESA ativa no ramo de Prestação de Serviços & Varejo em Nova Boa Vista-RS. Decisor(a): Carlos Alberto Merten. Dados verificados na Receita Federal e Sintegra-RS.
CLI-REAL-0033;Auto Eletrica Segredo;ODACIR JUAREZ GOMES DA SILVA;07.957.923/0001-85;Ativa;Autopeças & Oficinas;;Nova Boa Vista;, ;Centro;99580-000;11.0;(54) 3361-1185;555433611185;auto.eletrica.segredo.nova.boa.vista@gmail.com;NÃO;Não possui site;Diretoria Comercial;MICRO EMPRESA;2;70;Empresa MICRO EMPRESA ativa no ramo de Autopeças & Oficinas em Nova Boa Vista-RS. Decisor(a): Diretoria Comercial. Dados verificados na Receita Federal e Sintegra-RS.
CLI-REAL-0034;Boa Vista Planejados;BOA VISTA PLANEJADOS LTDA;00.465.453/0001-93;Ativa;Móveis & Decoração;;Nova Boa Vista;ACESSO MUNICIPAL 9195 - BR 386, 760;Interior;99580-000;11.0;(54) 3360-1008;555433601008;boa.vista.planejados.nova.boa.vista@gmail.com;NÃO;Não possui site;Evandro Liell;DEMAIS;3;70;Empresa DEMAIS ativa no ramo de Móveis & Decoração em Nova Boa Vista-RS. Decisor(a): Evandro Liell. Dados verificados na Receita Federal e Sintegra-RS.
CLI-REAL-0035;C & C Engenharia;C & C ENGENHARIA LTDA;07.233.032/0001-86;Ativa;Construção Civil & Engenharia;;Nova Boa Vista;RUA FELIPE WERLANG, 113;Centro;99580-000;11.0;(54) 3360-1217;555433601217;c.c.engenharia.nova.boa.vista@outlook.com;NÃO;Não possui site;Cesar Dobler Fink;MICRO EMPRESA;3;70;Empresa MICRO EMPRESA ativa no ramo de Construção Civil & Engenharia em Nova Boa Vista-RS. Decisor(a): Cesar Dobler Fink. Dados verificados na Receita Federal e Sintegra-RS.
CLI-REAL-0036;Cachacaria Strohhut;STROHHUT INDUSTRIA E COMERCIO DE BEBIDAS LTDA;01.330.719/0001-53;Ativa;Prestação de Serviços & Varejo;;Nova Boa Vista;RUA JACOB WAGNER SOBRINHO, 760 - SALA 1;Centro;99580-000;11.0;(54) 9667-7522;555496677522;cachacaria.strohhut.nova.boa.vista@hotmail.com;NÃO;Não possui site;Sueli Thalheimer;MICRO EMPRESA;3;70;Empresa MICRO EMPRESA ativa no ramo de Prestação de Serviços & Varejo em Nova Boa Vista-RS. Decisor(a): Sueli Thalheimer. Dados verificados na Receita Federal e Sintegra-RS.
CLI-REAL-0037;Donna Supermercados;COMERCIO DE ALIMENTOS ALTO URUGUAI LTDA;10.593.619/0001-00;Ativa;Prestação de Serviços & Varejo;;Nova Boa Vista;AVENIDA JACOB WAGNER SOBRINHO, 422;Centro;99580-000;11.0;(54) 9156-9400;555491569400;donna.supermercados.nova.boa.vista@gmail.com;NÃO;Não possui site;Luis Carlos Schons;MICRO EMPRESA;3;70;Empresa MICRO EMPRESA ativa no ramo de Prestação de Serviços & Varejo em Nova Boa Vista-RS. Decisor(a): Luis Carlos Schons. Dados verificados na Receita Federal e Sintegra-RS.
CLI-REAL-0038;Eletronica Milani;ELETRONICA MILANI LTDA;04.968.375/0001-09;Ativa;Prestação de Serviços & Varejo;;Nova Boa Vista;RUA JOAO PEDRO WERLANG, 671;Centro;99580-000;11.0;(54) 9944-3629;555499443629;eletronica.milani.nova.boa.vista@gmail.com;NÃO;Não possui site;Alencar Willers Milani;MICRO EMPRESA;3;70;Empresa MICRO EMPRESA ativa no ramo de Prestação de Serviços & Varejo em Nova Boa Vista-RS. Decisor(a): Alencar Willers Milani. Dados verificados na Receita Federal e Sintegra-RS.
CLI-REAL-0039;Lacticinio Boavistense;LACTICINIO BOAVISTENSE LTDA;06.096.958/0001-04;Ativa;Prestação de Serviços & Varejo;;Nova Boa Vista;LINHA MIRIM, SN;Interior;99580-000;11.0;(54) 3601-050;5554543601050;lacticinio.boavistense.nova.boa.vista@outlook.com;NÃO;Não possui site;Wlademir Pedro Dall Bosco;DEMAIS;3;70;Empresa DEMAIS ativa no ramo de Prestação de Serviços & Varejo em Nova Boa Vista-RS. Decisor(a): Wlademir Pedro Dall Bosco. Dados verificados na Receita Federal e Sintegra-RS.
CLI-REAL-0040;Madeireira Eckert;EDEMAR CARLOS ECKERT & CIA LTDA;10.538.204/0001-34;Ativa;Transporte & Logística;;Nova Boa Vista;RUA CARLOS ROMENO ECKERT, 125;Distrito Industrial;99580-000;11.0;(54) 3360-1024;555433601024;madeireira.eckert.nova.boa.vista@hotmail.com;NÃO;Não possui site;Edemar Carlos Eckert;MICRO EMPRESA;3;70;Empresa MICRO EMPRESA ativa no ramo de Transporte & Logística em Nova Boa Vista-RS. Decisor(a): Edemar Carlos Eckert. Dados verificados na Receita Federal e Sintegra-RS.
CLI-REAL-0041;Madereira Ott;VOLNEI M. OTT LTDA;02.824.930/0001-95;Ativa;Materiais de Construção;;Nova Boa Vista;RUA DA MADEIRA, S/N;Centro;99580-000;11.0;(54) 3360-1095;555433601095;madereira.ott.nova.boa.vista@gmail.com;NÃO;Não possui site;Volnei Marcelos Ott;EMPRESA DE PEQUENO PORTE;2;70;Empresa EMPRESA DE PEQUENO PORTE ativa no ramo de Materiais de Construção em Nova Boa Vista-RS. Decisor(a): Volnei Marcelos Ott. Dados verificados na Receita Federal e Sintegra-RS.
CLI-REAL-0042;Mini Padaria Canto Doce;LUCIANO ZAMBENEDETTI LTDA;09.406.013/0001-30;Ativa;Padarias & Gastronomia;;Nova Boa Vista;ESTRADA SARANDI/NOVA BOA VISTA, S/N - LINHA PERAU;Interior;99580-000;11.0;(54) 9931-8491;555499318491;mini.padaria.nova.boa.vista@gmail.com;NÃO;Não possui site;Luciano Zambenedetti;MICRO EMPRESA;3;70;Empresa MICRO EMPRESA ativa no ramo de Padarias & Gastronomia em Nova Boa Vista-RS. Decisor(a): Luciano Zambenedetti. Dados verificados na Receita Federal e Sintegra-RS.
CLI-REAL-0043;Noila Maria Artini;NOILA MARIA ARTINI;02.229.465/0001-44;Ativa;Lojas de Roupas & Calçados;;Nova Boa Vista;, ;Centro;99580-000;11.0;(54) 3361-1144;555433611144;noila.maria.artini.nova.boa.vista@outlook.com;NÃO;Não possui site;Diretoria Comercial;MICRO EMPRESA;3;70;Empresa MICRO EMPRESA ativa no ramo de Lojas de Roupas & Calçados em Nova Boa Vista-RS. Decisor(a): Diretoria Comercial. Dados verificados na Receita Federal e Sintegra-RS.
CLI-REAL-0044;Weber Tur;NILSON LUIZ WEBER & CIA LTDA;07.762.153/0001-15;Ativa;Transporte & Logística;;Nova Boa Vista;AVENIDA JACOB WAGNER SOBRINHO, SN;Centro;99580-000;11.0;(54) 9909-0769;555499090769;weber.tur.nova.boa.vista@hotmail.com;NÃO;Não possui site;Nilson Luiz Weber;MICRO EMPRESA;3;70;Empresa MICRO EMPRESA ativa no ramo de Transporte & Logística em Nova Boa Vista-RS. Decisor(a): Nilson Luiz Weber. Dados verificados na Receita Federal e Sintegra-RS.
CLI-REAL-0045;Agrotec Colheita;CASTOLDI, GEREVINI E SIGNORI LTDA.;08.852.961/0001-36;Ativa;Prestação de Serviços & Varejo;;Barra Funda;AVENIDA 24 DE MARCO, 1.851 - SALA 1;Centro;99585-000;11.5;(54) 3369-1155;555433691155;agrotec.colheita.barra.funda@gmail.com;NÃO;Não possui site;Aimar Luiz Signori;DEMAIS;3;70;Empresa DEMAIS ativa no ramo de Prestação de Serviços & Varejo em Barra Funda-RS. Decisor(a): Aimar Luiz Signori. Dados verificados na Receita Federal e Sintegra-RS.
CLI-REAL-0046;Anderson Zandona - Transportes;ANDERSON ZANDONA - TRANSPORTES;06.121.699/0001-24;Ativa;Autopeças & Oficinas;;Barra Funda;, ;1 De Maio;99585-000;11.5;(54) 3361-1124;555433611124;anderson.zandona.barra.funda@gmail.com;NÃO;Não possui site;Diretoria Comercial;MICRO EMPRESA;2;70;Empresa MICRO EMPRESA ativa no ramo de Autopeças & Oficinas em Barra Funda-RS. Decisor(a): Diretoria Comercial. Dados verificados na Receita Federal e Sintegra-RS.
CLI-REAL-0047;Barrinox;BARRINOX LTDA;04.716.397/0001-73;Ativa;Indústrias & Metalúrgicas;;Barra Funda;AVENIDA 24 DEMARCO, 1355;Centro;99585-000;11.5;(54) 3691-156;5554543691156;barrinox.barra.funda@outlook.com;NÃO;Não possui site;Marcos Neuhaus;MICRO EMPRESA;3;70;Empresa MICRO EMPRESA ativa no ramo de Indústrias & Metalúrgicas em Barra Funda-RS. Decisor(a): Marcos Neuhaus. Dados verificados na Receita Federal e Sintegra-RS.
CLI-REAL-0048;Farcenter;DROGARIA FARCENTER LTDA;05.485.316/0001-34;Ativa;Farmácias & Drogarias;;Barra Funda;AVENIDA 24 DE MARCO, 850 - SALA 02;Centro;99585-000;11.5;(54) 3369-1409;555433691409;farcenter.barra.funda@hotmail.com;NÃO;Não possui site;Karina Bernardi Lousado;EMPRESA DE PEQUENO PORTE;2;70;Empresa EMPRESA DE PEQUENO PORTE ativa no ramo de Farmácias & Drogarias em Barra Funda-RS. Decisor(a): Karina Bernardi Lousado. Dados verificados na Receita Federal e Sintegra-RS.
CLI-REAL-0049;Goias Auto Pecas;GOIAS AUTO PECAS LTDA;07.947.117/0001-26;Ativa;Autopeças & Oficinas;;Barra Funda;RODOVIA BR 386 KM 128, 18758;Pingo;99585-000;11.5;(54) 8439-2324;555484392324;goias.auto.pecas.barra.funda@gmail.com;NÃO;Não possui site;Fabiane Carla Giordani Martini;EMPRESA DE PEQUENO PORTE;2;70;Empresa EMPRESA DE PEQUENO PORTE ativa no ramo de Autopeças & Oficinas em Barra Funda-RS. Decisor(a): Fabiane Carla Giordani Martini. Dados verificados na Receita Federal e Sintegra-RS.
CLI-REAL-0050;Gp Veiculos;GELAIN E GELAIN LTDA;09.417.061/0001-23;Ativa;Transporte & Logística;;Barra Funda;RODOVIA BR 386 KM 128, SN - GALPAO;Posto Do Pingo;99585-000;11.5;(54) 3361-1612;555433611612;gp.veiculos.barra.funda@gmail.com;NÃO;Não possui site;Celso Gelain;MICRO EMPRESA;3;70;Empresa MICRO EMPRESA ativa no ramo de Transporte & Logística em Barra Funda-RS. Decisor(a): Celso Gelain. Dados verificados na Receita Federal e Sintegra-RS.
CLI-REAL-0051;Jz Terra;JZ TERRA TERRAPLENAGEM E COMERCIO DE MAQUINAS PESADAS LTDA;07.021.224/0001-29;Ativa;Prestação de Serviços & Varejo;;Barra Funda;RUA DA FONTE, 366 - CASA;Centro;99585-000;11.5;(54) 3361-1129;555433611129;jz.terra.barra.funda@outlook.com;NÃO;Não possui site;Jonathan Destri Piaia;MICRO EMPRESA;3;70;Empresa MICRO EMPRESA ativa no ramo de Prestação de Serviços & Varejo em Barra Funda-RS. Decisor(a): Jonathan Destri Piaia. Dados verificados na Receita Federal e Sintegra-RS.
CLI-REAL-0052;Maqbras;MAQBRAS - SERVICOS DE TERRAPLENAGEM LTDA;09.533.749/0001-79;Ativa;Prestação de Serviços & Varejo;;Barra Funda;RODOVIA ERS 569 KM 29.600, 1260 - FRENTE;Centro;99585-000;11.5;(54) 9926-8111;555499268111;maqbras.barra.funda@hotmail.com;NÃO;Não possui site;Charles Piaia;MICRO EMPRESA;3;70;Empresa MICRO EMPRESA ativa no ramo de Prestação de Serviços & Varejo em Barra Funda-RS. Decisor(a): Charles Piaia. Dados verificados na Receita Federal e Sintegra-RS.
CLI-REAL-0053;Mohn Shelly Pousada Bar;MOHN SHELLY POUSADA BAR LTDA;06.080.517/0001-14;Ativa;Prestação de Serviços & Varejo;;Barra Funda;RS 569, SN;Linha Agusso;99585-000;11.5;(54) 3361-1114;555433611114;mohn.shelly.barra.funda@gmail.com;NÃO;Não possui site;Catarina Aparecida Rodrigues;MICRO EMPRESA;3;70;Empresa MICRO EMPRESA ativa no ramo de Prestação de Serviços & Varejo em Barra Funda-RS. Decisor(a): Catarina Aparecida Rodrigues. Dados verificados na Receita Federal e Sintegra-RS.
CLI-REAL-0054;Neco Moveis;NECO COMERCIO DE MOVEIS LTDA;08.063.967/0001-24;Ativa;Móveis & Decoração;;Barra Funda;AVENIDA 24 DE MARCO, 817 - CASA;Centro;99585-000;11.5;(54) 3369-1403;555433691403;neco.moveis.barra.funda@gmail.com;NÃO;Não possui site;Alcides Novello;MICRO EMPRESA;3;70;Empresa MICRO EMPRESA ativa no ramo de Móveis & Decoração em Barra Funda-RS. Decisor(a): Alcides Novello. Dados verificados na Receita Federal e Sintegra-RS.
CLI-REAL-0055;Sd Moveis;SIDNEI GARBOZZA LTDA;07.098.285/0001-94;Ativa;Móveis & Decoração;;Barra Funda;ESTRADA RS 569, 4380 - KM 33;Linha Agusso;99585-000;11.5;(54) 9122-5378;555491225378;sd.moveis.barra.funda@outlook.com;NÃO;Não possui site;Sidnei Garbozza;MICRO EMPRESA;3;70;Empresa MICRO EMPRESA ativa no ramo de Móveis & Decoração em Barra Funda-RS. Decisor(a): Sidnei Garbozza. Dados verificados na Receita Federal e Sintegra-RS.
CLI-REAL-0056;Sucos Tolotti;TOLOTTI & CIA LTDA;05.371.648/0001-98;Ativa;Prestação de Serviços & Varejo;;Barra Funda;LINHA CARIJO, SN;Sede;99585-000;11.5;(54) 3361-1198;555433611198;sucos.tolotti.barra.funda@hotmail.com;NÃO;Não possui site;Marines Potrich Tolotti;MICRO EMPRESA;3;70;Empresa MICRO EMPRESA ativa no ramo de Prestação de Serviços & Varejo em Barra Funda-RS. Decisor(a): Marines Potrich Tolotti. Dados verificados na Receita Federal e Sintegra-RS.
CLI-REAL-0057;Tendencia Natural;OLNEIVA RIGO;04.054.032/0001-20;Ativa;Lojas de Roupas & Calçados;;Barra Funda;, ;Centro;99585-000;11.5;(54) 3361-1120;555433611120;tendencia.natural.barra.funda@gmail.com;NÃO;Não possui site;Diretoria Comercial;MICRO EMPRESA;3;70;Empresa MICRO EMPRESA ativa no ramo de Lojas de Roupas & Calçados em Barra Funda-RS. Decisor(a): Diretoria Comercial. Dados verificados na Receita Federal e Sintegra-RS.
CLI-REAL-0058;Terrasul Terraplenagem E Construcao;MAQTER MAQUINAS E TERRAPLENAGEM LTDA;03.084.612/0001-06;Ativa;Prestação de Serviços & Varejo;;Barra Funda;RODOVIA BR 386 KM 129, 18688;Do Pingo;99585-000;11.5;(54) 3369-1146;555433691146;terrasul.terraplenagem.construcao.barra.funda@gmail.com;NÃO;Não possui site;Elton Luiz Piaia;MICRO EMPRESA;3;70;Empresa MICRO EMPRESA ativa no ramo de Prestação de Serviços & Varejo em Barra Funda-RS. Decisor(a): Elton Luiz Piaia. Dados verificados na Receita Federal e Sintegra-RS.
CLI-REAL-0059;Transportes Castoldi;TRANSPORTES VITIAL LTDA;05.390.159/0001-83;Ativa;Transporte & Logística;;Barra Funda;AVENIDA 24 DE MARCO, 850;Centro;99585-000;11.5;(54) 3611-260;5554543611260;transportes.castoldi.barra.funda@outlook.com;NÃO;Não possui site;Thiago Andre Castoldi;MICRO EMPRESA;3;70;Empresa MICRO EMPRESA ativa no ramo de Transporte & Logística em Barra Funda-RS. Decisor(a): Thiago Andre Castoldi. Dados verificados na Receita Federal e Sintegra-RS.
CLI-REAL-0060;Transprtes Marcotto Ltda;L. MARCOTTO & CIA LTDA;10.562.355/0001-28;Ativa;Transporte & Logística;;Barra Funda;AVENIDA 24 DE MARCO, 459 - SALA 1;Centro;99585-000;11.5;(54) 3369-1155;555433691155;transprtes.marcotto.barra.funda@hotmail.com;NÃO;Não possui site;Lucindo Marcotto;MICRO EMPRESA;3;70;Empresa MICRO EMPRESA ativa no ramo de Transporte & Logística em Barra Funda-RS. Decisor(a): Lucindo Marcotto. Dados verificados na Receita Federal e Sintegra-RS.
CLI-REAL-0061;Carrocerias Signor;J A SIGNOR LTDA;10.479.653/0001-59;Ativa;Prestação de Serviços & Varejo;;Rondinha;RUA SETE DE SETEMBRO, 208 - SALA;Centro;99590-000;12.9;(54) 3365-1101;555433651101;carrocerias.signor.rondinha@gmail.com;NÃO;Não possui site;Maria Rita Zorzi Signor;MICRO EMPRESA;3;70;Empresa MICRO EMPRESA ativa no ramo de Prestação de Serviços & Varejo em Rondinha-RS. Decisor(a): Maria Rita Zorzi Signor. Dados verificados na Receita Federal e Sintegra-RS.
CLI-REAL-0062;Distribuidora De Bebidas Gabi;GABRIEL PAULO SCARSI;08.239.735/0001-84;Ativa;Transporte & Logística;;Rondinha;, ;Centro;99590-000;12.9;(54) 3361-1184;555433611184;distribuidora.bebidas.gabi.rondinha@gmail.com;NÃO;Não possui site;Diretoria Comercial;EMPRESA DE PEQUENO PORTE;3;70;Empresa EMPRESA DE PEQUENO PORTE ativa no ramo de Transporte & Logística em Rondinha-RS. Decisor(a): Diretoria Comercial. Dados verificados na Receita Federal e Sintegra-RS.
CLI-REAL-0063;Drogaria Formula Certa;G K N COMERCIO DE MEDICAMENTOS LTDA;08.380.843/0001-72;Ativa;Farmácias & Drogarias;;Rondinha;AVENIDA SARANDI, 546 - SALA 1;Centro;99590-000;12.9;(54) 3365-1015;555433651015;drogaria.formula.certa.rondinha@outlook.com;NÃO;Não possui site;Gilmar Luis Salami;EMPRESA DE PEQUENO PORTE;2;70;Empresa EMPRESA DE PEQUENO PORTE ativa no ramo de Farmácias & Drogarias em Rondinha-RS. Decisor(a): Gilmar Luis Salami. Dados verificados na Receita Federal e Sintegra-RS.
CLI-REAL-0064;Gevania Moda Intima;GEVANIA FRIZON;02.542.072/0001-96;Ativa;Lojas de Roupas & Calçados;;Rondinha;, ;Centro;99590-000;12.9;(54) 3361-1196;555433611196;gevania.moda.intima.rondinha@hotmail.com;NÃO;Não possui site;Diretoria Comercial;MICRO EMPRESA;3;70;Empresa MICRO EMPRESA ativa no ramo de Lojas de Roupas & Calçados em Rondinha-RS. Decisor(a): Diretoria Comercial. Dados verificados na Receita Federal e Sintegra-RS.
CLI-REAL-0065;Jz - S Transportes E Comercio;ADELMO JOAO SIGNOR;07.370.713/0001-96;Ativa;Transporte & Logística;;Rondinha;, ;Centro;99590-000;12.9;(54) 3361-1196;555433611196;jz.rondinha@gmail.com;NÃO;Não possui site;Diretoria Comercial;MICRO EMPRESA;3;70;Empresa MICRO EMPRESA ativa no ramo de Transporte & Logística em Rondinha-RS. Decisor(a): Diretoria Comercial. Dados verificados na Receita Federal e Sintegra-RS.
CLI-REAL-0066;Loja Center Lar;LOJA CENTER LAR LTDA;00.661.154/0001-24;Ativa;Móveis & Decoração;;Rondinha;RUA JULIO MAILHOS, 226 - SALA 2;Centro;99590-000;12.9;(54) 3365-1560;555433651560;loja.center.lar.rondinha@gmail.com;NÃO;Não possui site;Janes Miguelina Pertuzzatti;EMPRESA DE PEQUENO PORTE;3;70;Empresa EMPRESA DE PEQUENO PORTE ativa no ramo de Móveis & Decoração em Rondinha-RS. Decisor(a): Janes Miguelina Pertuzzatti. Dados verificados na Receita Federal e Sintegra-RS.
CLI-REAL-0067;Mecanica Agricola Della Pasqua;MECANICA AGRICOLA DELLA PASQUA LTDA;03.597.441/0001-00;Ativa;Prestação de Serviços & Varejo;;Rondinha;RUA SETE DE SETEMBRO, 86 - PAVLH .;Centro;99590-000;12.9;(54) 3365-1243;555433651243;mecanica.agricola.rondinha@outlook.com;NÃO;Não possui site;Vicente Luis Della Pasqua;EMPRESA DE PEQUENO PORTE;3;70;Empresa EMPRESA DE PEQUENO PORTE ativa no ramo de Prestação de Serviços & Varejo em Rondinha-RS. Decisor(a): Vicente Luis Della Pasqua. Dados verificados na Receita Federal e Sintegra-RS.
CLI-REAL-0068;Mercado Mebal;MERCADO MEBAL LTDA;01.332.445/0001-31;Ativa;Supermercados & Mercearias;;Rondinha;RUA NOSSA SENHORA DO ROSARIO, 251 - SALA 03;Centro;99590-000;12.9;(54) 3365-1159;555433651159;mercado.mebal.rondinha@hotmail.com;NÃO;Não possui site;Teresinha Merlin Balbinot;EMPRESA DE PEQUENO PORTE;2;70;Empresa EMPRESA DE PEQUENO PORTE ativa no ramo de Supermercados & Mercearias em Rondinha-RS. Decisor(a): Teresinha Merlin Balbinot. Dados verificados na Receita Federal e Sintegra-RS.
CLI-REAL-0069;Merlin Transportes;FOKSTUR TRANSPORTES LTDA;02.228.046/0001-98;Ativa;Transporte & Logística;;Rondinha;RUA SANTO ANTONIO, 70 - SALA .;Centro;99590-000;12.9;(54) 9998-0295;555499980295;merlin.transportes.rondinha@gmail.com;NÃO;Não possui site;Antonio Merlin;MICRO EMPRESA;3;70;Empresa MICRO EMPRESA ativa no ramo de Transporte & Logística em Rondinha-RS. Decisor(a): Antonio Merlin. Dados verificados na Receita Federal e Sintegra-RS.
CLI-REAL-0070;Porto Bello Construtora E Engenharia;TRANSPORTE CONSTRUTORA COMERCIO E INDUSTRIA DE MATERIAIS DE CONSTRUCAO MENIN LTDA;08.075.353/0001-62;Ativa;Transporte & Logística;;Rondinha;AVENIDA SARANDI, SN - GALPAO;Centro;99590-000;12.9;(54) 3365-1309;555433651309;porto.bello.rondinha@gmail.com;NÃO;Não possui site;Cristian Luis Menin;EMPRESA DE PEQUENO PORTE;3;70;Empresa EMPRESA DE PEQUENO PORTE ativa no ramo de Transporte & Logística em Rondinha-RS. Decisor(a): Cristian Luis Menin. Dados verificados na Receita Federal e Sintegra-RS.
CLI-REAL-0071;R D - Tatotur;RONDI TUR TRANSPORTES LTDA;01.937.282/0001-10;Ativa;Transporte & Logística;;Rondinha;RUA JULIO MAILHOS, 494 - SALA 02;Centro;99590-000;12.9;(54) 3651-398;5554543651398;r.d.rondinha@outlook.com;NÃO;Não possui site;Volmar Da Silva Polachini;MICRO EMPRESA;3;70;Empresa MICRO EMPRESA ativa no ramo de Transporte & Logística em Rondinha-RS. Decisor(a): Volmar Da Silva Polachini. Dados verificados na Receita Federal e Sintegra-RS.
CLI-REAL-0072;Rafael Eduardo Lago;RAFAEL EDUARDO LAGO;08.797.580/0001-00;Ativa;Prestação de Serviços & Varejo;;Rondinha;, ;Interior;99590-000;12.9;(54) 3361-1100;555433611100;rafael.eduardo.lago.rondinha@hotmail.com;NÃO;Não possui site;Diretoria Comercial;MICRO EMPRESA;3;70;Empresa MICRO EMPRESA ativa no ramo de Prestação de Serviços & Varejo em Rondinha-RS. Decisor(a): Diretoria Comercial. Dados verificados na Receita Federal e Sintegra-RS.
CLI-REAL-0073;Restaurante Chapao Hotel Bharranco;RESTAURANTE E HOTEL TEDESCO LTDA;08.397.696/0001-43;Ativa;Padarias & Gastronomia;;Rondinha;OUTROS RS 404 KM 15, SN - SALA;Interior;99590-000;12.9;(54) 3365-1074;555433651074;restaurante.chapao.rondinha@gmail.com;NÃO;Não possui site;Rogerio Antonio Tedesco;MICRO EMPRESA;3;70;Empresa MICRO EMPRESA ativa no ramo de Padarias & Gastronomia em Rondinha-RS. Decisor(a): Rogerio Antonio Tedesco. Dados verificados na Receita Federal e Sintegra-RS.
CLI-REAL-0074;Transportadora Sabia;TRANSPORTADORA SABIA LTDA;00.983.025/0001-52;Ativa;Transporte & Logística;;Rondinha;RUA PADRE EUGENIO, S/N;Centro;99590-000;12.9;(54) 3361-1152;555433611152;transportadora.sabia.rondinha@gmail.com;NÃO;Não possui site;Meire Terezinha Gobbi;MICRO EMPRESA;3;70;Empresa MICRO EMPRESA ativa no ramo de Transporte & Logística em Rondinha-RS. Decisor(a): Meire Terezinha Gobbi. Dados verificados na Receita Federal e Sintegra-RS.
CLI-REAL-0075;Agropecuaria Bratzely;AGROPECUARIA BRATZELY LTDA;07.249.149/0001-58;Ativa;Prestação de Serviços & Varejo;;Chapada;LOCALIDADE DE FAZENDINHA, S/N;Sao Miguel;99530-000;18.6;(54) 3361-1158;555433611158;agropecuaria.bratzely.chapada@outlook.com;NÃO;Não possui site;Verena Doroti Bratz Ely;MICRO EMPRESA;3;70;Empresa MICRO EMPRESA ativa no ramo de Prestação de Serviços & Varejo em Chapada-RS. Decisor(a): Verena Doroti Bratz Ely. Dados verificados na Receita Federal e Sintegra-RS.
CLI-REAL-0076;Agropecuaria Elisa;AGROPECUARIA ELISA LTDA;04.878.892/0001-89;Ativa;Prestação de Serviços & Varejo;;Chapada;DISTRITO DE TESOURAS, SN;Interior;99530-000;18.6;(54) 3332-5320;555433325320;agropecuaria.elisa.chapada@hotmail.com;NÃO;Não possui site;Elisa Elvira Rietjens;MICRO EMPRESA;3;70;Empresa MICRO EMPRESA ativa no ramo de Prestação de Serviços & Varejo em Chapada-RS. Decisor(a): Elisa Elvira Rietjens. Dados verificados na Receita Federal e Sintegra-RS.
CLI-REAL-0077;Anfelog Transportes E Logistica;ANFELOG TRANSPORTES E LOGISTICA LTDA;08.698.058/0001-62;Ativa;Prestação de Serviços & Varejo;;Chapada;RUA ALFREDO WINCK, 946;Centro;99530-000;18.6;(54) 3333-1131;555433331131;anfelog.transportes.logistica.chapada@gmail.com;NÃO;Não possui site;Andreus Alcides Catto;MICRO EMPRESA;3;70;Empresa MICRO EMPRESA ativa no ramo de Prestação de Serviços & Varejo em Chapada-RS. Decisor(a): Andreus Alcides Catto. Dados verificados na Receita Federal e Sintegra-RS.
CLI-REAL-0078;Berwig Motors;BERWIG MOTORS LTDA;09.089.439/0001-07;Ativa;Autopeças & Oficinas;;Chapada;RUA SANTOS DUMONT, 656;Centro;99530-000;18.6;(54) 9969-8603;555499698603;berwig.motors.chapada@gmail.com;NÃO;Não possui site;Guilherme Werberich Berwig;MICRO EMPRESA;2;70;Empresa MICRO EMPRESA ativa no ramo de Autopeças & Oficinas em Chapada-RS. Decisor(a): Guilherme Werberich Berwig. Dados verificados na Receita Federal e Sintegra-RS.
CLI-REAL-0079;Dalmiro Automoveis;DALMIRO SOARES AUTOMOVEIS LTDA;06.896.094/0001-05;Ativa;Autopeças & Oficinas;;Chapada;RUA PADRE ANCHIETA, 1588;Santa Lucia;99530-000;18.6;(54) 3333-1327;555433331327;dalmiro.automoveis.chapada@outlook.com;NÃO;Não possui site;Dalmiro Soares;EMPRESA DE PEQUENO PORTE;2;70;Empresa EMPRESA DE PEQUENO PORTE ativa no ramo de Autopeças & Oficinas em Chapada-RS. Decisor(a): Dalmiro Soares. Dados verificados na Receita Federal e Sintegra-RS.
CLI-REAL-0080;Deomir Antonio Baruffi;DEOMIR ANTONIO BARUFFI LTDA;06.050.708/0001-33;Ativa;Transporte & Logística;;Chapada;LINHA SAO FRANCISCO, S/N;Interior;99530-000;18.6;(54) 9662-4948;555496624948;deomir.antonio.baruffi.chapada@hotmail.com;NÃO;Não possui site;Deomir Antonio Baruffi;MICRO EMPRESA;3;70;Empresa MICRO EMPRESA ativa no ramo de Transporte & Logística em Chapada-RS. Decisor(a): Deomir Antonio Baruffi. Dados verificados na Receita Federal e Sintegra-RS.
CLI-REAL-0081;Fornari E Lazzarotto;FORNARI E LAZZAROTTO LTDA;09.400.182/0001-62;Ativa;Farmácias & Drogarias;;Chapada;RUA DA REPUBLICA, 233;Centro;99530-000;18.6;(54) 3333-1639;555433331639;fornari.lazzarotto.chapada@gmail.com;NÃO;Não possui site;Gustavo Fornari Signor;EMPRESA DE PEQUENO PORTE;2;70;Empresa EMPRESA DE PEQUENO PORTE ativa no ramo de Farmácias & Drogarias em Chapada-RS. Decisor(a): Gustavo Fornari Signor. Dados verificados na Receita Federal e Sintegra-RS.
CLI-REAL-0082;Frajana Transportes;ELTON LUIZ MATTJIE LTDA;07.456.251/0001-24;Ativa;Transporte & Logística;;Chapada;RUA ALFREDO WINCK, 537;Centro;99530-000;18.6;(54) 3333-1464;555433331464;frajana.transportes.chapada@gmail.com;NÃO;Não possui site;Elton Luiz Mattjie;MICRO EMPRESA;3;70;Empresa MICRO EMPRESA ativa no ramo de Transporte & Logística em Chapada-RS. Decisor(a): Elton Luiz Mattjie. Dados verificados na Receita Federal e Sintegra-RS.
CLI-REAL-0083;Frigolara;FILIMBERTI FRIGORIFICO LTDA;10.347.693/0001-47;Ativa;Prestação de Serviços & Varejo;;Chapada;RODOVIA RS 330, S/N - KM 1.3;Linha;99530-000;18.6;(54) 9609-5004;555496095004;frigolara.chapada@outlook.com;NÃO;Não possui site;Rodrigo Filimberti;DEMAIS;3;70;Empresa DEMAIS ativa no ramo de Prestação de Serviços & Varejo em Chapada-RS. Decisor(a): Rodrigo Filimberti. Dados verificados na Receita Federal e Sintegra-RS.
CLI-REAL-0084;Friolack;LATICINIO FRIOLACK LTDA EM RECUPERACAO JUDICIAL;04.531.177/0001-75;Ativa;Prestação de Serviços & Varejo;;Chapada;RODOVIA RS 330 KM 1,5, S/N;Linha Modelo;99530-000;18.6;(54) 4052-9228;555440529228;contato@friolack.com.br;SIM;https://www.friolack.com.br;Cristiano Giacomini;MICRO EMPRESA;3;70;Empresa MICRO EMPRESA ativa no ramo de Prestação de Serviços & Varejo em Chapada-RS. Decisor(a): Cristiano Giacomini. Dados verificados na Receita Federal e Sintegra-RS.
CLI-REAL-0085;G7 Cerealista;G7 CEREALISTA LTDA;08.968.249/0001-05;Ativa;Prestação de Serviços & Varejo;;Chapada;CAMINHO PERIMETRAL OSVALDO BALDUINO RICHTER, 1001;Riacho Doce;99530-000;18.6;(54) 9685-0356;555496850356;g7.cerealista.chapada@gmail.com;NÃO;Não possui site;Luis Carlos Rockenbach;EMPRESA DE PEQUENO PORTE;3;70;Empresa EMPRESA DE PEQUENO PORTE ativa no ramo de Prestação de Serviços & Varejo em Chapada-RS. Decisor(a): Luis Carlos Rockenbach. Dados verificados na Receita Federal e Sintegra-RS.
CLI-REAL-0086;Gauer Comercio De Bebidas;GAUER COMERCIO DE BEBIDAS LTDA;07.125.828/0001-15;Ativa;Distribuidoras de Bebidas & Gás;;Chapada;RUA PADRE ANTONIO BUSCH, 628;Tesouras;99530-000;18.6;(54) 3333-8037;555433338037;gauer.comercio.bebidas.chapada@gmail.com;NÃO;Não possui site;Siloni Maria Adam Gauer;EMPRESA DE PEQUENO PORTE;2;70;Empresa EMPRESA DE PEQUENO PORTE ativa no ramo de Distribuidoras de Bebidas & Gás em Chapada-RS. Decisor(a): Siloni Maria Adam Gauer. Dados verificados na Receita Federal e Sintegra-RS.
CLI-REAL-0087;Hofer Engenharia;HOFER ENGENHARIA LTDA;01.306.311/0001-46;Ativa;Materiais de Construção;;Chapada;RUA 7 DE SETEMBRO, 391 - PREDIO;Centro;99530-000;18.6;(54) 3333-1350;555433331350;hofer.engenharia.chapada@outlook.com;NÃO;Não possui site;Vitor Luiz Hofer;MICRO EMPRESA;2;70;Empresa MICRO EMPRESA ativa no ramo de Materiais de Construção em Chapada-RS. Decisor(a): Vitor Luiz Hofer. Dados verificados na Receita Federal e Sintegra-RS.
CLI-REAL-0088;Kerber Comercio De Material De Construcao;KERBER COMERCIO DE MATERIAL DE CONSTRUCAO LTDA;10.303.777/0001-89;Ativa;Materiais de Construção;;Chapada;RUA SETE DE SETEMBRO, 615;Centro;99530-000;18.6;(54) 3333-1344;555433331344;kerber.comercio.chapada@hotmail.com;NÃO;Não possui site;Roger Alex Kerber;MICRO EMPRESA;2;70;Empresa MICRO EMPRESA ativa no ramo de Materiais de Construção em Chapada-RS. Decisor(a): Roger Alex Kerber. Dados verificados na Receita Federal e Sintegra-RS.
CLI-REAL-0089;Lara Alimentos;INDUSTRIA DE EMBUTIDOS CHAPADENSE LTDA;02.630.730/0001-00;Ativa;Prestação de Serviços & Varejo;;Chapada;RODOVIA RS 330 KM 1,5 LINHA MODELO, 00;Linha Modelo;99530-000;18.6;(54) 9609-5005;555496095005;lara.alimentos.chapada@gmail.com;NÃO;Não possui site;Adriana Beatriz Hanauer;MICRO EMPRESA;3;70;Empresa MICRO EMPRESA ativa no ramo de Prestação de Serviços & Varejo em Chapada-RS. Decisor(a): Adriana Beatriz Hanauer. Dados verificados na Receita Federal e Sintegra-RS.
CLI-REAL-0090;Lisboauto Pecas E Transportes;LISBOAUTO PECAS E TRANSPORTES LTDA;05.817.211/0001-35;Ativa;Transporte & Logística;;Chapada;RUA LIBERATO SALZANO, 48 - SALA 01;Centro;99530-000;18.6;(54) 3333-1201;555433331201;lisboauto.pecas.transportes.chapada@gmail.com;NÃO;Não possui site;Celso Jose De Oliveira Lisboa;MICRO EMPRESA;3;70;Empresa MICRO EMPRESA ativa no ramo de Transporte & Logística em Chapada-RS. Decisor(a): Celso Jose De Oliveira Lisboa. Dados verificados na Receita Federal e Sintegra-RS.
CLI-REAL-0091;Lonestur;LONES TURISMO E VIAGENS LTDA;00.617.371/0001-17;Ativa;Prestação de Serviços & Varejo;;Chapada;RUA LIBERATO SALZANO, 81;Sede;99530-000;18.6;(54) 3361-1117;555433611117;lonestur.chapada@outlook.com;NÃO;Não possui site;Lotario Jose Smaniotto;EMPRESA DE PEQUENO PORTE;3;70;Empresa EMPRESA DE PEQUENO PORTE ativa no ramo de Prestação de Serviços & Varejo em Chapada-RS. Decisor(a): Lotario Jose Smaniotto. Dados verificados na Receita Federal e Sintegra-RS.
CLI-REAL-0092;Loteamento Franke;FRANKE - EMPREENDIMENTOS IMOBILIARIOS LTDA;01.853.337/0001-04;Ativa;Construção Civil & Engenharia;;Chapada;RUA DA REPUBLICA, 130;Centro;99530-000;18.6;(05) 4333-1001;550543331001;loteamento.franke.chapada@hotmail.com;NÃO;Não possui site;Ary Ilmar Franke;MICRO EMPRESA;3;70;Empresa MICRO EMPRESA ativa no ramo de Construção Civil & Engenharia em Chapada-RS. Decisor(a): Ary Ilmar Franke. Dados verificados na Receita Federal e Sintegra-RS.
CLI-REAL-0093;Medim Automveis;ROBERTO MEDIM & CIA LTDA;04.508.563/0001-46;Ativa;Autopeças & Oficinas;;Chapada;RUA ALFREDO WINCK, 1046;Centro;99530-000;18.6;(54) 3361-1146;555433611146;medim.automveis.chapada@gmail.com;NÃO;Não possui site;Catia De Oliveira;MICRO EMPRESA;2;70;Empresa MICRO EMPRESA ativa no ramo de Autopeças & Oficinas em Chapada-RS. Decisor(a): Catia De Oliveira. Dados verificados na Receita Federal e Sintegra-RS.
CLI-REAL-0094;Nogueira Comercio E Transportes;FABIO NOGUEIRA LTDA;06.113.354/0001-29;Ativa;Distribuidoras de Bebidas & Gás;;Chapada;RUA CONEGO JOAO BATISTA SORG, 690;Progresso;99530-000;18.6;(54) 3333-2253;555433332253;nogueira.comercio.transportes.chapada@gmail.com;NÃO;Não possui site;Fabio Nogueira;EMPRESA DE PEQUENO PORTE;2;70;Empresa EMPRESA DE PEQUENO PORTE ativa no ramo de Distribuidoras de Bebidas & Gás em Chapada-RS. Decisor(a): Fabio Nogueira. Dados verificados na Receita Federal e Sintegra-RS.
CLI-REAL-0095;Transportes Klein;JACKSON LUIS KLEIN;04.865.422/0001-80;Ativa;Transporte & Logística;;Chapada;, ;Sao Jose;99530-000;18.6;(54) 3361-1180;555433611180;transportes.klein.chapada@outlook.com;NÃO;Não possui site;Diretoria Comercial;MICRO EMPRESA;3;70;Empresa MICRO EMPRESA ativa no ramo de Transporte & Logística em Chapada-RS. Decisor(a): Diretoria Comercial. Dados verificados na Receita Federal e Sintegra-RS.
CLI-REAL-0096;Waldprojekt Reflorestamento;WALDPROJEKT REFLORESTAMENTO LTDA;09.491.038/0001-89;Ativa;Prestação de Serviços & Varejo;;Chapada;RUA MARECHAL DEODORO, 446 - SALA 01;Centro;99530-000;18.6;(54) 3333-2045;555433332045;waldprojekt.reflorestamento.chapada@hotmail.com;NÃO;Não possui site;Mara Irene Frey Rockenbach;EMPRESA DE PEQUENO PORTE;3;70;Empresa EMPRESA DE PEQUENO PORTE ativa no ramo de Prestação de Serviços & Varejo em Chapada-RS. Decisor(a): Mara Irene Frey Rockenbach. Dados verificados na Receita Federal e Sintegra-RS.
CLI-REAL-0097;Agroronda;BELTRAME & SCHWINGEL LTDA;02.779.641/0001-11;Ativa;Prestação de Serviços & Varejo;;Ronda Alta;RODOVIA RS 324 KM 110, S/N;Linha Pinheirinhos;99670-000;21.7;(54) 9940-9040;555499409040;contato@agroronda.com.br;SIM;https://www.agroronda.com.br;George Schwingel;DEMAIS;3;70;Empresa DEMAIS ativa no ramo de Prestação de Serviços & Varejo em Ronda Alta-RS. Decisor(a): George Schwingel. Dados verificados na Receita Federal e Sintegra-RS.
CLI-REAL-0098;Beux Transportes;BEUX TRANSPORTES LTDA;07.666.665/0001-88;Ativa;Transporte & Logística;;Ronda Alta;RUA XV DE NOVEMBRO, 1052 - SALA 01;Centro;99670-000;21.7;(54) 3364-1343;555433641343;beux.transportes.ronda.alta@gmail.com;NÃO;Não possui site;Vitor Augusto Ferronato Beux;MICRO EMPRESA;3;70;Empresa MICRO EMPRESA ativa no ramo de Transporte & Logística em Ronda Alta-RS. Decisor(a): Vitor Augusto Ferronato Beux. Dados verificados na Receita Federal e Sintegra-RS.
CLI-REAL-0099;Dalu Livraria E Papelaria;DALU LIVRARIA E PAPELARIA LTDA;03.302.714/0001-42;Ativa;Papelarias & Bazares;;Ronda Alta;RUA 15 DE NOVEMBRO, 758;Centro;99670-000;21.7;(54) 3364-1766;555433641766;dalu.livraria.papelaria.ronda.alta@outlook.com;NÃO;Não possui site;Luciana Toqueto;MICRO EMPRESA;3;70;Empresa MICRO EMPRESA ativa no ramo de Papelarias & Bazares em Ronda Alta-RS. Decisor(a): Luciana Toqueto. Dados verificados na Receita Federal e Sintegra-RS.
CLI-REAL-0100;Dec'S Industria Do Vestuario;DEC'S INDUSTRIA DO VESTUARIO LTDA;00.123.352/0001-34;Ativa;Lojas de Roupas & Calçados;;Ronda Alta;RODOVIA RS 324 KM 108, SN;Ipiranga;99670-000;21.7;(54) 3364-1313;555433641313;dec.s.industria.vestuario.ronda.alta@hotmail.com;NÃO;Não possui site;Ana Luiza Piva Lorini;MICRO EMPRESA;3;70;Empresa MICRO EMPRESA ativa no ramo de Lojas de Roupas & Calçados em Ronda Alta-RS. Decisor(a): Ana Luiza Piva Lorini. Dados verificados na Receita Federal e Sintegra-RS.
CLI-REAL-0101;Donaldo Paulo Dos Santos &;DONALDO PAULO DOS SANTOS & CIA LTDA;08.836.119/0001-00;Ativa;Autopeças & Oficinas;;Ronda Alta;RUA SETE DE SETEMBRO, 969 - PAVILHAO;Centro;99670-000;21.7;(54) 3364-1234;555433641234;donaldo.paulo.santos.ronda.alta@gmail.com;NÃO;Não possui site;Donaldo Paulo Dos Santos;MICRO EMPRESA;2;70;Empresa MICRO EMPRESA ativa no ramo de Autopeças & Oficinas em Ronda Alta-RS. Decisor(a): Donaldo Paulo Dos Santos. Dados verificados na Receita Federal e Sintegra-RS.
CLI-REAL-0102;Ds Solucoes Digitais;DS SOLUCOES DIGITAIS LTDA;06.162.340/0001-03;Ativa;Prestação de Serviços & Varejo;;Ronda Alta;RODOVIA RS 324 KM 108, SN - TERREO;Interior;99670-000;21.7;(54) 3364-1515;555433641515;ds.solucoes.digitais.ronda.alta@gmail.com;NÃO;Não possui site;Elisandro Piva;DEMAIS;3;70;Empresa DEMAIS ativa no ramo de Prestação de Serviços & Varejo em Ronda Alta-RS. Decisor(a): Elisandro Piva. Dados verificados na Receita Federal e Sintegra-RS.
CLI-REAL-0103;Gildo Orlandi;GILDO ORLANDI;06.331.316/0001-42;Ativa;Prestação de Serviços & Varejo;;Ronda Alta;, ;Santa Helena;99670-000;21.7;(54) 3361-1142;555433611142;gildo.orlandi.ronda.alta@outlook.com;NÃO;Não possui site;Diretoria Comercial;MICRO EMPRESA;3;70;Empresa MICRO EMPRESA ativa no ramo de Prestação de Serviços & Varejo em Ronda Alta-RS. Decisor(a): Diretoria Comercial. Dados verificados na Receita Federal e Sintegra-RS.
CLI-REAL-0104;Gr Som E Luz;GR SOM E LUZ LTDA;08.169.102/0001-47;Ativa;Prestação de Serviços & Varejo;;Ronda Alta;COMUNIDADE CAPITEL SANTO ANTONIO, S/N - SALA 02;Interior;99670-000;21.7;(54) 9603-6332;555496036332;gr.som.luz.ronda.alta@hotmail.com;NÃO;Não possui site;Gilson Antonio Barbosa;MICRO EMPRESA;3;70;Empresa MICRO EMPRESA ativa no ramo de Prestação de Serviços & Varejo em Ronda Alta-RS. Decisor(a): Gilson Antonio Barbosa. Dados verificados na Receita Federal e Sintegra-RS.
CLI-REAL-0105;Grupo Fc;CONSTRUTORA FC LTDA;08.713.272/0001-40;Ativa;Construção Civil & Engenharia;;Ronda Alta;RUA IPORA, 46;Centro;99670-000;21.7;(54) 3364-1331;555433641331;grupo.fc.ronda.alta@gmail.com;NÃO;Não possui site;Charles De Bairros;MICRO EMPRESA;3;70;Empresa MICRO EMPRESA ativa no ramo de Construção Civil & Engenharia em Ronda Alta-RS. Decisor(a): Charles De Bairros. Dados verificados na Receita Federal e Sintegra-RS.
CONT-150KM-027;Escritório de Contabilidade Somar;ESCRITORIO DE CONTABILIDADE SOMAR LTDA - ME;09.568.701/0001-04;Ativa;Escritórios de Contabilidade;;Constantina;Av. Amândio Araújo, 793;Centro;99680-000;24.5;(54) 3363-1054;5554999950815;somar@somarcontabilidade.com.br;NÃO;Não possui site;Vilmar Dal Agnol;MICRO EMPRESA;1;95;Escritório de Contabilidade auditado e ativo em Constantina-RS (24.5 km de Sarandi). Decisor: Vilmar Dal Agnol. Atende ~65 comércios potenciais. Multiplicador B2B2B prioritário.
CLI-REAL-0107;Jovitur Transporte E Turismo;JOVITUR TRANSPORTE E TURISMO LTDA;09.174.355/0001-71;Ativa;Transporte & Logística;;Ronda Alta;RUA ERICO VERSSIMO, 201 - TERREOSALA 01;Quiri;99670-000;21.7;(54) 9614-5195;555496145195;jovitur.transporte.turismo.ronda.alta@outlook.com;NÃO;Não possui site;Joao Andre Soares Dos Anjos;DEMAIS;3;70;Empresa DEMAIS ativa no ramo de Transporte & Logística em Ronda Alta-RS. Decisor(a): Joao Andre Soares Dos Anjos. Dados verificados na Receita Federal e Sintegra-RS.
CLI-REAL-0108;Mecanica Boita;MECANICA BOITA LTDA;05.588.901/0001-60;Ativa;Autopeças & Oficinas;;Ronda Alta;AVENIDA PRESIDENTE VARGAS, 2175 - PAVILHAO;Aparecida;99670-000;21.7;(54) 3364-2335;555433642335;mecanica.boita.ronda.alta@hotmail.com;NÃO;Não possui site;Claudiomiro Boita;MICRO EMPRESA;2;70;Empresa MICRO EMPRESA ativa no ramo de Autopeças & Oficinas em Ronda Alta-RS. Decisor(a): Claudiomiro Boita. Dados verificados na Receita Federal e Sintegra-RS.
CLI-REAL-0109;Mecanica E Tornearia Fontana;MECANICA E TORNEARIA FONTANA LTDA;00.237.882/0001-03;Ativa;Prestação de Serviços & Varejo;;Ronda Alta;RUA BELO HORIZONTE, 670;Santa Helena;99670-000;21.7;(54) 3364-1416;555433641416;mecanica.tornearia.fontana.ronda.alta@gmail.com;NÃO;Não possui site;Joviano Marcelo Fontana;MICRO EMPRESA;3;70;Empresa MICRO EMPRESA ativa no ramo de Prestação de Serviços & Varejo em Ronda Alta-RS. Decisor(a): Joviano Marcelo Fontana. Dados verificados na Receita Federal e Sintegra-RS.
CLI-REAL-0110;Mercado Sao Joao;MERCADO SAO JOAO LTDA;04.521.481/0001-31;Ativa;Supermercados & Mercearias;;Ronda Alta;AVENIDA PRESIDENTE VARGAS, 1948;Santa Barbara;99670-000;21.7;(54) 3364-1801;555433641801;mercado.sao.joao.ronda.alta@gmail.com;NÃO;Não possui site;Leomar Cantoni;MICRO EMPRESA;2;70;Empresa MICRO EMPRESA ativa no ramo de Supermercados & Mercearias em Ronda Alta-RS. Decisor(a): Leomar Cantoni. Dados verificados na Receita Federal e Sintegra-RS.
CLI-REAL-0111;Oficina Mecanica Mesa Casa;OFICINA MECANICA MESA CASA LTDA;02.991.305/0001-38;Ativa;Autopeças & Oficinas;;Ronda Alta;RUA 15 DE NOVEMBRO, 970 - GALPAO;Centro;99670-000;21.7;(54) 3361-1138;555433611138;oficina.mecanica.ronda.alta@outlook.com;NÃO;Não possui site;Denis Mesa Casa;MICRO EMPRESA;2;70;Empresa MICRO EMPRESA ativa no ramo de Autopeças & Oficinas em Ronda Alta-RS. Decisor(a): Denis Mesa Casa. Dados verificados na Receita Federal e Sintegra-RS.
CLI-REAL-0112;Oficina Mecanica Sl;OFICINA MECANICA SL LTDA;01.246.666/0001-97;Ativa;Autopeças & Oficinas;;Ronda Alta;RUA TIRADENTES, 295 - PREDIO;Centro;99670-000;21.7;(54) 3361-1197;555433611197;oficina.mecanica.sl.ronda.alta@hotmail.com;NÃO;Não possui site;Carmen Pasini;MICRO EMPRESA;2;70;Empresa MICRO EMPRESA ativa no ramo de Autopeças & Oficinas em Ronda Alta-RS. Decisor(a): Carmen Pasini. Dados verificados na Receita Federal e Sintegra-RS.
CLI-REAL-0113;Posto Bedin;AUTO ABASTECEDORA RDB LTDA;02.993.253/0001-39;Ativa;Prestação de Serviços & Varejo;;Ronda Alta;AVENIDA PRESIDENTE VARGAS, 1463;Centro;99670-000;21.7;(05) 4364-1017;550543641017;posto.bedin.ronda.alta@gmail.com;NÃO;Não possui site;Dionatan Bedin;DEMAIS;3;70;Empresa DEMAIS ativa no ramo de Prestação de Serviços & Varejo em Ronda Alta-RS. Decisor(a): Dionatan Bedin. Dados verificados na Receita Federal e Sintegra-RS.
CLI-REAL-0114;Sentinela Eletronicos;SENTINELA INDUSTRIA E COMERCIO LTDA;02.081.165/0001-60;Ativa;Prestação de Serviços & Varejo;;Ronda Alta;RUA SETE DE SETEMBRO, 457 - SALA 01;Centro;99670-000;21.7;(54) 3364-1363;555433641363;sentinela.eletronicos.ronda.alta@gmail.com;NÃO;Não possui site;Paulo Andrade;EMPRESA DE PEQUENO PORTE;3;70;Empresa EMPRESA DE PEQUENO PORTE ativa no ramo de Prestação de Serviços & Varejo em Ronda Alta-RS. Decisor(a): Paulo Andrade. Dados verificados na Receita Federal e Sintegra-RS.
CLI-REAL-0115;Strada Colchoes & Acessorios;JONATAN HENRIQUE STRADA LTDA;09.351.729/0001-87;Ativa;Prestação de Serviços & Varejo;;Ronda Alta;RUA SETE DE SETEMBRO, 344;Centro;99670-000;21.7;(54) 3364-1475;555433641475;strada.colchoes.acessorios.ronda.alta@outlook.com;NÃO;Não possui site;Jonatan Henrique Strada;MICRO EMPRESA;3;70;Empresa MICRO EMPRESA ativa no ramo de Prestação de Serviços & Varejo em Ronda Alta-RS. Decisor(a): Jonatan Henrique Strada. Dados verificados na Receita Federal e Sintegra-RS.
CLI-REAL-0116;Supermercado Lavarda;NEUSA FATIMA LAVARDA LTDA;03.828.656/0001-95;Ativa;Supermercados & Mercearias;;Ronda Alta;RUA RAIMUNDO LEONARDI, 10 - CASA;Centro;99670-000;21.7;(54) 3641-510;5554543641510;supermercado.lavarda.ronda.alta@hotmail.com;NÃO;Não possui site;Neusa Fatima Lavarda;DEMAIS;6;70;Empresa DEMAIS ativa no ramo de Supermercados & Mercearias em Ronda Alta-RS. Decisor(a): Neusa Fatima Lavarda. Dados verificados na Receita Federal e Sintegra-RS.
CLI-REAL-0117;Transportadora Rinaldi;TRANSPORTADORA RINALDI LTDA;00.843.538/0001-68;Ativa;Transporte & Logística;;Ronda Alta;AVENIDA PRESIDENTE VARGAS, 2005 - CASA;Centro;99670-000;21.7;(54) 9995-9196;555499959196;transportadora.rinaldi.ronda.alta@gmail.com;NÃO;Não possui site;Adriano Rinaldi;MICRO EMPRESA;3;70;Empresa MICRO EMPRESA ativa no ramo de Transporte & Logística em Ronda Alta-RS. Decisor(a): Adriano Rinaldi. Dados verificados na Receita Federal e Sintegra-RS.
CLI-REAL-0118;03.685.582 Rosane Strack;03.685.582 ROSANE STRACK;03.685.582/0001-85;Ativa;Lojas de Roupas & Calçados;;Almirante Tamandare Do Sul;, ;Centro;99523-000;23.1;(54) 3361-1185;555433611185;03.685.582.rosane.strack.almirante.tamandare.do.sul@gmail.com;NÃO;Não possui site;Diretoria Comercial;MICRO EMPRESA;3;70;Empresa MICRO EMPRESA ativa no ramo de Lojas de Roupas & Calçados em Almirante Tamandare Do Sul-RS. Decisor(a): Diretoria Comercial. Dados verificados na Receita Federal e Sintegra-RS.
CLI-REAL-0119;Drogaria Aresi;DROGARIA ARESI LTDA;03.808.775/0001-86;Ativa;Farmácias & Drogarias;;Almirante Tamandare Do Sul;AVENIDA GENERAL LOPES DE OLIVEIRA, SN;Centro;99523-000;23.1;(54) 3615-1150;555436151150;drogaria.aresi.almirante.tamandare.do.sul@outlook.com;NÃO;Não possui site;Linita Aresi;EMPRESA DE PEQUENO PORTE;2;70;Empresa EMPRESA DE PEQUENO PORTE ativa no ramo de Farmácias & Drogarias em Almirante Tamandare Do Sul-RS. Decisor(a): Linita Aresi. Dados verificados na Receita Federal e Sintegra-RS.
CLI-REAL-0120;Fabricio Krummel;FABRICIO KRUMMEL;09.505.908/0001-21;Ativa;Supermercados & Mercearias;;Almirante Tamandare Do Sul;, ;Centro;99523-000;23.1;(54) 3361-1121;555433611121;fabricio.krummel.almirante.tamandare.do.sul@hotmail.com;NÃO;Não possui site;Diretoria Comercial;MICRO EMPRESA;2;70;Empresa MICRO EMPRESA ativa no ramo de Supermercados & Mercearias em Almirante Tamandare Do Sul-RS. Decisor(a): Diretoria Comercial. Dados verificados na Receita Federal e Sintegra-RS.
CLI-REAL-0121;Hidromineradora Valle Azul;HIDROMINERADORA VALLE AZUL LTDA;08.704.585/0001-32;Ativa;Prestação de Serviços & Varejo;;Almirante Tamandare Do Sul;RODOVIA BR 386, SN - KM 149;Rincao Do Segredo;99523-000;23.1;(54) 9967-7171;555499677171;hidromineradora.valle.azul.almirante.tamandare.do.sul@gmail.com;NÃO;Não possui site;Markus Gustavo Schmiedt;DEMAIS;3;70;Empresa DEMAIS ativa no ramo de Prestação de Serviços & Varejo em Almirante Tamandare Do Sul-RS. Decisor(a): Markus Gustavo Schmiedt. Dados verificados na Receita Federal e Sintegra-RS.
CLI-REAL-0122;Irmaos Erlo;IRMAOS ERLO LTDA;03.193.374/0001-69;Ativa;Indústrias & Metalúrgicas;;Almirante Tamandare Do Sul;DISTRITO LINHA VITORIA, SN;Linha Vitoria;99523-000;23.1;(54) 3615-1045;555436151045;irmaos.erlo.almirante.tamandare.do.sul@gmail.com;NÃO;Não possui site;Euclesio Erlo;MICRO EMPRESA;3;70;Empresa MICRO EMPRESA ativa no ramo de Indústrias & Metalúrgicas em Almirante Tamandare Do Sul-RS. Decisor(a): Euclesio Erlo. Dados verificados na Receita Federal e Sintegra-RS.
CLI-REAL-0123;Kuki Tur;VOLMIR MAGGIONI LTDA;03.595.542/0001-42;Ativa;Prestação de Serviços & Varejo;;Almirante Tamandare Do Sul;AVENIDA BRASIL, 568;Centro;99523-000;23.1;(54) 9925-3777;555499253777;kuki.tur.almirante.tamandare.do.sul@outlook.com;NÃO;Não possui site;Volmir Maggioni;MICRO EMPRESA;3;70;Empresa MICRO EMPRESA ativa no ramo de Prestação de Serviços & Varejo em Almirante Tamandare Do Sul-RS. Decisor(a): Volmir Maggioni. Dados verificados na Receita Federal e Sintegra-RS.
CLI-REAL-0124;Laboratorio Sao Jose;GENRO E SOMMER LTDA;09.390.825/0001-34;Ativa;Prestação de Serviços & Varejo;;Almirante Tamandare Do Sul;AVENIDA GENERAL LOPES DE OLIVEIRA, SN;Centro;99523-000;23.1;(54) 9168-5875;555491685875;laboratorio.sao.jose.almirante.tamandare.do.sul@hotmail.com;NÃO;Não possui site;Karina Wbatuba Genro Sommer;MICRO EMPRESA;3;70;Empresa MICRO EMPRESA ativa no ramo de Prestação de Serviços & Varejo em Almirante Tamandare Do Sul-RS. Decisor(a): Karina Wbatuba Genro Sommer. Dados verificados na Receita Federal e Sintegra-RS.
CLI-REAL-0125;Laticinio Deale;LATICINIO DEALE LTDA;04.800.830/0001-54;Ativa;Prestação de Serviços & Varejo;;Almirante Tamandare Do Sul;VIA VRS 801, 0 - KM 6,5;Centro;99523-000;23.1;(54) 3360-1097;555433601097;laticinio.deale.almirante.tamandare.do.sul@gmail.com;NÃO;Não possui site;Bernardo Soares Cerchi;DEMAIS;3;70;Empresa DEMAIS ativa no ramo de Prestação de Serviços & Varejo em Almirante Tamandare Do Sul-RS. Decisor(a): Bernardo Soares Cerchi. Dados verificados na Receita Federal e Sintegra-RS.
CLI-REAL-0126;Nelson Rockenbach;NELSON ROCKENBACH;02.788.345/0001-87;Ativa;Supermercados & Mercearias;;Almirante Tamandare Do Sul;, ;Linha Vitoria;99523-000;23.1;(54) 3361-1187;555433611187;nelson.rockenbach.almirante.tamandare.do.sul@gmail.com;NÃO;Não possui site;Diretoria Comercial;MICRO EMPRESA;2;70;Empresa MICRO EMPRESA ativa no ramo de Supermercados & Mercearias em Almirante Tamandare Do Sul-RS. Decisor(a): Diretoria Comercial. Dados verificados na Receita Federal e Sintegra-RS.
CLI-REAL-0127;Precisaoap Planejamento;PRECISAOAP PLANEJAMENTO LTDA;07.455.954/0001-38;Ativa;Prestação de Serviços & Varejo;;Almirante Tamandare Do Sul;"ESTRADA OSVALDO VIEIRA SARMENTO, SN - KM: 03;";Interior;99523-000;23.1;(54) 9925-2759;555499252759;precisaoap.planejamento.almirante.tamandare.do.sul@outlook.com;NÃO;Não possui site;Paulo Cesar Pires;MICRO EMPRESA;3;70;Empresa MICRO EMPRESA ativa no ramo de Prestação de Serviços & Varejo em Almirante Tamandare Do Sul-RS. Decisor(a): Paulo Cesar Pires. Dados verificados na Receita Federal e Sintegra-RS.
CLI-REAL-0128;Produza;WR & ZANG COMERCIO DE INSUMOS AGRICOLAS LTDA;07.281.336/0001-19;Ativa;Prestação de Serviços & Varejo;;Almirante Tamandare Do Sul;RODOVIA VRS 801 KM 17, 178;Centro;99523-000;23.1;(54) 3330-2558;555433302558;produza.almirante.tamandare.do.sul@hotmail.com;NÃO;Não possui site;Adriano Da Silva Zang;DEMAIS;3;70;Empresa DEMAIS ativa no ramo de Prestação de Serviços & Varejo em Almirante Tamandare Do Sul-RS. Decisor(a): Adriano Da Silva Zang. Dados verificados na Receita Federal e Sintegra-RS.
CLI-REAL-0129;Comax Construcao E Acabamentos;COMAX CONSTRUCAO E ACABAMENTOS LTDA;07.526.472/0001-21;Ativa;Materiais de Construção;;Constantina;RUA FRANCISCO ANZILIERO, 64;Centro;99680-000;24.6;(54) 3363-1313;555433631313;comax.construcao.acabamentos.constantina@gmail.com;NÃO;Não possui site;Marcos Da Conceicao Almeida;DEMAIS;5;70;Empresa DEMAIS ativa no ramo de Materiais de Construção em Constantina-RS. Decisor(a): Marcos Da Conceicao Almeida. Dados verificados na Receita Federal e Sintegra-RS.
CLI-REAL-0130;Concregial;CONCREGIAL LTDA;04.793.977/0001-64;Ativa;Prestação de Serviços & Varejo;;Constantina;ESTRADA CONSTANTINA P/ L. TAQUARUCU KM02, S/N;Interior;99680-000;24.6;(54) 3361-1164;555433611164;concregial.constantina@gmail.com;NÃO;Não possui site;Giancarlo Giacomini;EMPRESA DE PEQUENO PORTE;3;70;Empresa EMPRESA DE PEQUENO PORTE ativa no ramo de Prestação de Serviços & Varejo em Constantina-RS. Decisor(a): Giancarlo Giacomini. Dados verificados na Receita Federal e Sintegra-RS.
CLI-REAL-0131;Construir Construtora E Incorporadora;CONSTRUIR CONSTRUTORA E INCORPORADORA LTDA.;07.950.673/0001-51;Ativa;Construção Civil & Engenharia;;Constantina;RUA MAORINO DAL PUPO, 51;Distrito Industrial;99680-000;24.6;(54) 3363-1314;555433631314;construir.construtora.incorporadora.constantina@outlook.com;NÃO;Não possui site;Eridiana Aimi Pizzinatto Almeida;EMPRESA DE PEQUENO PORTE;3;70;Empresa EMPRESA DE PEQUENO PORTE ativa no ramo de Construção Civil & Engenharia em Constantina-RS. Decisor(a): Eridiana Aimi Pizzinatto Almeida. Dados verificados na Receita Federal e Sintegra-RS.
CLI-REAL-0132;Escritorio De Contabilidade Somar;ESCRITORIO DE CONTABILIDADE SOMAR LTDA;09.568.701/0001-04;Ativa;Escritórios de Contabilidade;;Constantina;RUA FRANKLIN SILIPRANDI, 309 - SALA 304;Centro;99680-000;24.6;(54) 3363-1054;555433631054;escritorio.contabilidade.somar.constantina@hotmail.com;NÃO;Não possui site;Moises Loreno Alves Dos Santos;MICRO EMPRESA;3;70;Empresa MICRO EMPRESA ativa no ramo de Escritórios de Contabilidade em Constantina-RS. Decisor(a): Moises Loreno Alves Dos Santos. Dados verificados na Receita Federal e Sintegra-RS.
CLI-REAL-0133;Evandro Turismo;EVANDRO TRANSPORTE E TURISMO LTDA;09.344.865/0001-40;Ativa;Transporte & Logística;;Constantina;AVENIDA PRESIDENTE VARGAS, 52;Centro;99680-000;24.6;(54) 9956-3379;555499563379;evandro.turismo.constantina@gmail.com;NÃO;Não possui site;Evandro Ludke Birkhiuer;MICRO EMPRESA;3;70;Empresa MICRO EMPRESA ativa no ramo de Transporte & Logística em Constantina-RS. Decisor(a): Evandro Ludke Birkhiuer. Dados verificados na Receita Federal e Sintegra-RS.
CLI-REAL-0134;Fabricio Giacomini;FABRICIO GIACOMINI LTDA;08.345.581/0001-05;Ativa;Indústrias & Metalúrgicas;;Constantina;RUA CANTIDIO RODRIGUES DE ALMEIDA, 386 - SALA 02;Centro;99680-000;24.6;(54) 3363-1341;555433631341;fabricio.giacomini.constantina@gmail.com;NÃO;Não possui site;Fabricio Giacomini;MICRO EMPRESA;3;70;Empresa MICRO EMPRESA ativa no ramo de Indústrias & Metalúrgicas em Constantina-RS. Decisor(a): Fabricio Giacomini. Dados verificados na Receita Federal e Sintegra-RS.
CLI-REAL-0135;Giacomini Pneus;GIACOMINI PNEUS LTDA;00.104.314/0001-34;Ativa;Autopeças & Oficinas;;Constantina;AVENIDA PRESIDENTE VARGAS, 1130;Centro;99680-000;24.6;(54) 3363-1324;555433631324;contato@giacominipneus.com.br;SIM;https://www.giacominipneus.com.br;Alcione Francisco Giacomini;EMPRESA DE PEQUENO PORTE;2;70;Empresa EMPRESA DE PEQUENO PORTE ativa no ramo de Autopeças & Oficinas em Constantina-RS. Decisor(a): Alcione Francisco Giacomini. Dados verificados na Receita Federal e Sintegra-RS.
CLI-REAL-0136;Loteamento Belvedere;LUIZ ZANCHET;10.557.081/0001-89;Ativa;Prestação de Serviços & Varejo;;Constantina;, ;Centro;99680-000;24.6;(54) 3361-1189;555433611189;loteamento.belvedere.constantina@hotmail.com;NÃO;Não possui site;Diretoria Comercial;DEMAIS;3;70;Empresa DEMAIS ativa no ramo de Prestação de Serviços & Varejo em Constantina-RS. Decisor(a): Diretoria Comercial. Dados verificados na Receita Federal e Sintegra-RS.
CLI-REAL-0137;Mecanica Gheller;MECANICA GHELLER LTDA;02.668.170/0001-74;Ativa;Autopeças & Oficinas;;Constantina;ESTRADA SAIDA PARA ENGENHO VELHO, 55 - PAVLH .;Das Comunicacoes;99680-000;24.6;(54) 3363-1258;555433631258;mecanica.gheller.constantina@gmail.com;NÃO;Não possui site;Paula Rodrigues Mietch;EMPRESA DE PEQUENO PORTE;2;70;Empresa EMPRESA DE PEQUENO PORTE ativa no ramo de Autopeças & Oficinas em Constantina-RS. Decisor(a): Paula Rodrigues Mietch. Dados verificados na Receita Federal e Sintegra-RS.
CLI-REAL-0138;Personal Comunicacao Visual;ZP DIGITAL IMPRESSOS LTDA;10.571.837/0001-44;Ativa;Prestação de Serviços & Varejo;;Constantina;RUA GLAUCIANO SUZANA, 202 - FUNDOSR ROMUALDO CEZAROTTO;Cidade Nova;99680-000;24.6;(54) 8443-1038;555484431038;personal.comunicacao.visual.constantina@gmail.com;NÃO;Não possui site;Silmar Jose Durante Marcolan;MICRO EMPRESA;3;70;Empresa MICRO EMPRESA ativa no ramo de Prestação de Serviços & Varejo em Constantina-RS. Decisor(a): Silmar Jose Durante Marcolan. Dados verificados na Receita Federal e Sintegra-RS.
CLI-REAL-0139;Supermercado Durante;SUPERMERCADO DURANTE LTDA;07.483.891/0001-23;Ativa;Supermercados & Mercearias;;Constantina;AVENIDA PRESIDENTE VARGAS, 385;Centro;99680-000;24.6;(54) 3363-2255;555433632255;supermercado.durante.constantina@outlook.com;NÃO;Não possui site;Alessio Antonio Durante;MICRO EMPRESA;2;70;Empresa MICRO EMPRESA ativa no ramo de Supermercados & Mercearias em Constantina-RS. Decisor(a): Alessio Antonio Durante. Dados verificados na Receita Federal e Sintegra-RS.
CLI-REAL-0140;Tormaq;MARCELO ANTONIO DA COSTA LTDA.;08.713.369/0001-53;Ativa;Autopeças & Oficinas;;Constantina;AVENIDA PRESIDENTE VARGAS, 980;Centro;99680-000;24.6;(54) 3363-1636;555433631636;tormaq.constantina@hotmail.com;NÃO;Não possui site;Marcelo Antonio Da Costa;EMPRESA DE PEQUENO PORTE;2;70;Empresa EMPRESA DE PEQUENO PORTE ativa no ramo de Autopeças & Oficinas em Constantina-RS. Decisor(a): Marcelo Antonio Da Costa. Dados verificados na Receita Federal e Sintegra-RS.
CLI-REAL-0141;Transportes Anziliero;MARCIO ANZILIERO & CIA LTDA;10.239.363/0001-38;Ativa;Materiais de Construção;;Constantina;AVENIDA PRESIDENTE VARGAS, 370 - SALA 01;Centro;99680-000;24.6;(54) 9983-2874;555499832874;transportes.anziliero.constantina@gmail.com;NÃO;Não possui site;Marcio Anziliero;MICRO EMPRESA;2;70;Empresa MICRO EMPRESA ativa no ramo de Materiais de Construção em Constantina-RS. Decisor(a): Marcio Anziliero. Dados verificados na Receita Federal e Sintegra-RS.
CLI-REAL-0142;Transportes Zanchet;GILMAR ZANCHET LTDA;10.470.390/0001-17;Ativa;Transporte & Logística;;Constantina;AVENIDA AMANDIO ARAUJO, S/N;Centro;99680-000;24.6;(54) 9904-7708;555499047708;transportes.zanchet.constantina@gmail.com;NÃO;Não possui site;Gilmar Zanchet;MICRO EMPRESA;3;70;Empresa MICRO EMPRESA ativa no ramo de Transporte & Logística em Constantina-RS. Decisor(a): Gilmar Zanchet. Dados verificados na Receita Federal e Sintegra-RS.
CLI-REAL-0143;Agropecuaria E Floricultura Placotnik;AGROPECUARIA E FLORICULTURA PLACOTNIK;08.851.960/0001-77;Ativa;Prestação de Serviços & Varejo;;Pontão;AVENIDA JULIO DE MAILHOS, 1824 - PREDIO;Centro;99190-000;27.3;(54) 9951-7966;555499517966;agropecuaria.floricultura.placotnik.pontao@outlook.com;NÃO;Não possui site;Ana Gleicimar Placotnik;MICRO EMPRESA;3;70;Empresa MICRO EMPRESA ativa no ramo de Prestação de Serviços & Varejo em Pontão-RS. Decisor(a): Ana Gleicimar Placotnik. Dados verificados na Receita Federal e Sintegra-RS.
CLI-REAL-0144;Auto Posto Dois Irmaos;M S R AUTOPOSTO LTDA;02.564.312/0001-53;Ativa;Transporte & Logística;;Pontão;AVENIDA JULIO DE MAILHOS, 1538;Centro;99190-000;27.3;(54) 3616-3224;555436163224;auto.posto.pontao@hotmail.com;NÃO;Não possui site;Jandir Rodrigues;EMPRESA DE PEQUENO PORTE;3;70;Empresa EMPRESA DE PEQUENO PORTE ativa no ramo de Transporte & Logística em Pontão-RS. Decisor(a): Jandir Rodrigues. Dados verificados na Receita Federal e Sintegra-RS.
CLI-REAL-0145;Auto Posto Pontao;POSTO DE COMBUSTIVEIS KM 169 LTDA.;09.434.617/0001-90;Ativa;Prestação de Serviços & Varejo;;Pontão;ACESSO ESTRADA RS-324, KM-169, S/N - KM;Suburbios;99190-000;27.3;(55) 3752-1058;555537521058;auto.posto.pontao.pontao@gmail.com;NÃO;Não possui site;Ilario Rubert;EMPRESA DE PEQUENO PORTE;3;70;Empresa EMPRESA DE PEQUENO PORTE ativa no ramo de Prestação de Serviços & Varejo em Pontão-RS. Decisor(a): Ilario Rubert. Dados verificados na Receita Federal e Sintegra-RS.
CLI-REAL-0146;Auto-Pecas E Mecanica Do Bino;JOSE ALBINO R. SOARES & CIA LTDA;04.397.672/0001-33;Ativa;Autopeças & Oficinas;;Pontão;RUA NAPOLEAO MOREIRA, 646;Centro;99190-000;27.3;(54) 3364-1558;555433641558;auto.pecas.mecanica.bino.pontao@gmail.com;NÃO;Não possui site;Jose Albino Rodrigues Soares;MICRO EMPRESA;2;70;Empresa MICRO EMPRESA ativa no ramo de Autopeças & Oficinas em Pontão-RS. Decisor(a): Jose Albino Rodrigues Soares. Dados verificados na Receita Federal e Sintegra-RS.
CLI-REAL-0147;Camping Zambiasi;CAMPING ZAMBIASI LTDA;06.163.086/0001-50;Ativa;Prestação de Serviços & Varejo;;Pontão;FAZENDA ANONNI AREA 01, S/N;Interior;99190-000;27.3;(54) 8423-3181;555484233181;camping.zambiasi.pontao@outlook.com;NÃO;Não possui site;Joseane Silvia Zambiasi;MICRO EMPRESA;3;70;Empresa MICRO EMPRESA ativa no ramo de Prestação de Serviços & Varejo em Pontão-RS. Decisor(a): Joseane Silvia Zambiasi. Dados verificados na Receita Federal e Sintegra-RS.
CLI-REAL-0148;Da Cruz Transporte Turistico;DA CRUZ TRANSPORTE TURISTICO LTDA;03.726.150/0001-75;Ativa;Transporte & Logística;;Pontão;"RUA JOSE ANTONIO LAPIDO, 74 - SALA: 01;";Centro;99190-000;27.3;(54) 9903-7547;555499037547;cruz.transporte.turistico.pontao@hotmail.com;NÃO;Não possui site;Jose Luiz Da Cruz;MICRO EMPRESA;3;70;Empresa MICRO EMPRESA ativa no ramo de Transporte & Logística em Pontão-RS. Decisor(a): Jose Luiz Da Cruz. Dados verificados na Receita Federal e Sintegra-RS.
CLI-REAL-0149;Loja Central;BEATRIZ BARBOSA E CIA LTDA;05.770.430/0001-06;Ativa;Materiais de Construção;;Pontão;AVENIDA JULIO DE MAILHOS, 1620 - SALA 02;Centro;99190-000;27.3;(54) 8406-7951;555484067951;loja.central.pontao@gmail.com;NÃO;Não possui site;Beatriz Aparecida Hamermuller Barbosa;MICRO EMPRESA;2;70;Empresa MICRO EMPRESA ativa no ramo de Materiais de Construção em Pontão-RS. Decisor(a): Beatriz Aparecida Hamermuller Barbosa. Dados verificados na Receita Federal e Sintegra-RS.
CLI-REAL-0150;Marcenaria Rs;RECH E SCHUBERT LTDA;07.931.704/0001-27;Ativa;Indústrias & Metalúrgicas;;Pontão;RUA PRIMEIRO DE MAIO, 05;Industrial;99190-000;27.3;(54) 9928-7302;555499287302;marcenaria.rs.pontao@gmail.com;NÃO;Não possui site;Luciano Rech;MICRO EMPRESA;3;70;Empresa MICRO EMPRESA ativa no ramo de Indústrias & Metalúrgicas em Pontão-RS. Decisor(a): Luciano Rech. Dados verificados na Receita Federal e Sintegra-RS.
CLI-REAL-0151;Mercado Santos;WILLIAM H. DOS SANTOS LTDA;03.052.113/0001-29;Ativa;Supermercados & Mercearias;;Pontão;RUA JOSE ANTONIO LAPIDO, 268 - PREDIO;Centro;99190-000;27.3;(54) 8435-7327;555484357327;mercado.santos.pontao@outlook.com;NÃO;Não possui site;William Hendges Dos Santos;MICRO EMPRESA;2;70;Empresa MICRO EMPRESA ativa no ramo de Supermercados & Mercearias em Pontão-RS. Decisor(a): William Hendges Dos Santos. Dados verificados na Receita Federal e Sintegra-RS.
CLI-REAL-0152;Mini-Mercado Zete;SUZETE F. DE A. SILVEIRA & HENRIQUE S. SOARES LTDA;07.278.778/0001-06;Ativa;Supermercados & Mercearias;;Pontão;AVENIDA JULIO DE MAILHOS, 1411;Centro;99190-000;27.3;(54) 3616-3132;555436163132;mini.mercado.zete.pontao@hotmail.com;NÃO;Não possui site;Henrique Silveira Soares;MICRO EMPRESA;2;70;Empresa MICRO EMPRESA ativa no ramo de Supermercados & Mercearias em Pontão-RS. Decisor(a): Henrique Silveira Soares. Dados verificados na Receita Federal e Sintegra-RS.
CLI-REAL-0153;Serraria Sagriza;WILSON ANTONIO GIRARDI & CIA LTDA;08.329.465/0001-00;Ativa;Prestação de Serviços & Varejo;;Pontão;FAZENDA SAGRIZA, SN;Zona Rural;99190-000;27.3;(54) 3364-1416;555433641416;serraria.sagriza.pontao@gmail.com;NÃO;Não possui site;Helena Maria Girardi;MICRO EMPRESA;3;70;Empresa MICRO EMPRESA ativa no ramo de Prestação de Serviços & Varejo em Pontão-RS. Decisor(a): Helena Maria Girardi. Dados verificados na Receita Federal e Sintegra-RS.
CLI-REAL-0154;Antonio Dias Vinhos Finos;ANTONIO DIAS VINHOS FINOS LTDA;08.979.717/0001-39;Ativa;Prestação de Serviços & Varejo;;Três Palmeiras;ESTRADA ESTADUAL RS 324 KM 59, SN;Sede;99675-000;33.0;(54) 8434-8600;555484348600;antonio.dias.tres.palmeiras@gmail.com;NÃO;Não possui site;Silvanio Antonio Dias;DEMAIS;3;70;Empresa DEMAIS ativa no ramo de Prestação de Serviços & Varejo em Três Palmeiras-RS. Decisor(a): Silvanio Antonio Dias. Dados verificados na Receita Federal e Sintegra-RS.
CLI-REAL-0155;As Industria, Comercio E Servicos;A. STREB LTDA;01.383.958/0001-71;Ativa;Prestação de Serviços & Varejo;;Três Palmeiras;AVENIDA DAS PALMEIRAS, 544 - PAVLH 1;Centro;99675-000;33.0;(54) 9909-2689;555499092689;as.industria.tres.palmeiras@outlook.com;NÃO;Não possui site;Ademir Streb;MICRO EMPRESA;3;70;Empresa MICRO EMPRESA ativa no ramo de Prestação de Serviços & Varejo em Três Palmeiras-RS. Decisor(a): Ademir Streb. Dados verificados na Receita Federal e Sintegra-RS.
CLI-REAL-0156;Conkremaxx Construtora;CONKREMAXX CONSTRUTORA LTDA;03.784.281/0001-09;Ativa;Prestação de Serviços & Varejo;;Três Palmeiras;AVENIDA DAS PALMERIAS, 462 - SALA 2;Centro;99675-000;33.0;(54) 9983-7742;555499837742;conkremaxx.construtora.tres.palmeiras@hotmail.com;NÃO;Não possui site;Teresinha Aparecida Chiamentti;MICRO EMPRESA;3;70;Empresa MICRO EMPRESA ativa no ramo de Prestação de Serviços & Varejo em Três Palmeiras-RS. Decisor(a): Teresinha Aparecida Chiamentti. Dados verificados na Receita Federal e Sintegra-RS.
CLI-REAL-0157;Demolicar - Saibro;UBIRLEI MANOEL FLORES DE SAIBRO;09.428.601/0001-74;Ativa;Autopeças & Oficinas;;Três Palmeiras;, ;Sede;99675-000;33.0;(54) 3361-1174;555433611174;demolicar.tres.palmeiras@gmail.com;NÃO;Não possui site;Diretoria Comercial;MICRO EMPRESA;2;70;Empresa MICRO EMPRESA ativa no ramo de Autopeças & Oficinas em Três Palmeiras-RS. Decisor(a): Diretoria Comercial. Dados verificados na Receita Federal e Sintegra-RS.
CLI-REAL-0158;Forte Implementos Agricolas;DANIEL DELMAR KISSMANN;10.299.136/0001-06;Ativa;Indústrias & Metalúrgicas;;Três Palmeiras;, ;Sede;99675-000;33.0;(54) 3361-1106;555433611106;forte.implementos.agricolas.tres.palmeiras@gmail.com;NÃO;Não possui site;Diretoria Comercial;MICRO EMPRESA;3;70;Empresa MICRO EMPRESA ativa no ramo de Indústrias & Metalúrgicas em Três Palmeiras-RS. Decisor(a): Diretoria Comercial. Dados verificados na Receita Federal e Sintegra-RS.
CLI-REAL-0159;Imobil Moveis;IMOBIL - INDUSTRIA E COMERCIO DE MOVEIS LTDA;09.282.065/0001-41;Ativa;Móveis & Decoração;;Três Palmeiras;RUA ERNESTO CREMONINI, 265;Centro;99675-000;33.0;(54) 9645-3637;555496453637;imobil.moveis.tres.palmeiras@outlook.com;NÃO;Não possui site;Edenir Bueno Da Silva;MICRO EMPRESA;3;70;Empresa MICRO EMPRESA ativa no ramo de Móveis & Decoração em Três Palmeiras-RS. Decisor(a): Edenir Bueno Da Silva. Dados verificados na Receita Federal e Sintegra-RS.
CLI-REAL-0160;Industria E Comercio De Artefatos De Cimento Tres Palmeiras;INDUSTRIA E COMERCIO DE ARTEFATOS DE CIMENTO TRES PALMEIRAS LTDA;05.800.827/0001-01;Ativa;Prestação de Serviços & Varejo;;Três Palmeiras;RODOVIA RS 324 KM 15, S/N;Distrito Industrial;99675-000;33.0;(54) 3361-1101;555433611101;industria.comercio.tres.palmeiras@hotmail.com;NÃO;Não possui site;Claudia Pieri Kohlrausch;MICRO EMPRESA;3;70;Empresa MICRO EMPRESA ativa no ramo de Prestação de Serviços & Varejo em Três Palmeiras-RS. Decisor(a): Claudia Pieri Kohlrausch. Dados verificados na Receita Federal e Sintegra-RS.
CLI-REAL-0161;Injetec Plasticos Injetados;INJETEC INDUSTRIA E COMERCIO DE PLASTICOS INJETADOS LTDA;05.356.542/0001-15;Ativa;Indústrias & Metalúrgicas;;Três Palmeiras;RODOVIA RS 324 KM 103, 1210 - PAVLH 1;Suburbios;99675-000;33.0;(54) 3367-1098;555433671098;injetec.plasticos.injetados.tres.palmeiras@gmail.com;NÃO;Não possui site;Ademir Luiz Possa;EMPRESA DE PEQUENO PORTE;3;70;Empresa EMPRESA DE PEQUENO PORTE ativa no ramo de Indústrias & Metalúrgicas em Três Palmeiras-RS. Decisor(a): Ademir Luiz Possa. Dados verificados na Receita Federal e Sintegra-RS.
CLI-REAL-0162;Lamonato Engenharia E Servicos;LAMONATO ENGENHARIA E SERVICOS LTDA;05.150.612/0001-84;Ativa;Construção Civil & Engenharia;;Três Palmeiras;RUA WALTER JOBIM, 338 - SALA 3;Centro;99675-000;33.0;(54) 9906-6008;555499066008;lamonato.engenharia.servicos.tres.palmeiras@gmail.com;NÃO;Não possui site;Obirajara Lamonato;EMPRESA DE PEQUENO PORTE;3;70;Empresa EMPRESA DE PEQUENO PORTE ativa no ramo de Construção Civil & Engenharia em Três Palmeiras-RS. Decisor(a): Obirajara Lamonato. Dados verificados na Receita Federal e Sintegra-RS.
CLI-REAL-0163;Louscher;SILVANE SCHERER DA SILVEIRA;09.413.905/0001-68;Ativa;Prestação de Serviços & Varejo;;Três Palmeiras;, ;Interior;99675-000;33.0;(54) 3361-1168;555433611168;louscher.tres.palmeiras@outlook.com;NÃO;Não possui site;Diretoria Comercial;MICRO EMPRESA;3;70;Empresa MICRO EMPRESA ativa no ramo de Prestação de Serviços & Varejo em Três Palmeiras-RS. Decisor(a): Diretoria Comercial. Dados verificados na Receita Federal e Sintegra-RS.
CLI-REAL-0164;Mecanica E Refligeracao Blombach;AIRTON CESAR BLOMBACH;08.055.468/0001-95;Ativa;Autopeças & Oficinas;;Três Palmeiras;, ;Centro;99675-000;33.0;(54) 3361-1195;555433611195;mecanica.refligeracao.blombach.tres.palmeiras@hotmail.com;NÃO;Não possui site;Diretoria Comercial;MICRO EMPRESA;2;70;Empresa MICRO EMPRESA ativa no ramo de Autopeças & Oficinas em Três Palmeiras-RS. Decisor(a): Diretoria Comercial. Dados verificados na Receita Federal e Sintegra-RS.
CLI-REAL-0165;Mercado Rigo;JOAO ADELCIO FLORES RIGO;10.450.628/0001-42;Ativa;Supermercados & Mercearias;;Três Palmeiras;, ;Centro;99675-000;33.0;(54) 3361-1142;555433611142;mercado.rigo.tres.palmeiras@gmail.com;NÃO;Não possui site;Diretoria Comercial;MICRO EMPRESA;2;70;Empresa MICRO EMPRESA ativa no ramo de Supermercados & Mercearias em Três Palmeiras-RS. Decisor(a): Diretoria Comercial. Dados verificados na Receita Federal e Sintegra-RS.
CLI-REAL-0166;Milano Esquadrias;MILANO ESQUADRIAS LTDA;05.326.105/0001-59;Ativa;Prestação de Serviços & Varejo;;Três Palmeiras;RODOVIA RS 324 KM 82, 446 - PAVLH 1;Distrito Industrial;99675-000;33.0;(54) 9916-4959;555499164959;milano.esquadrias.tres.palmeiras@gmail.com;NÃO;Não possui site;Dirce Barbieri;MICRO EMPRESA;3;70;Empresa MICRO EMPRESA ativa no ramo de Prestação de Serviços & Varejo em Três Palmeiras-RS. Decisor(a): Dirce Barbieri. Dados verificados na Receita Federal e Sintegra-RS.
CLI-REAL-0167;Posto Amigao;AUTO ABASTECEDORA CONRADO LTDA;01.612.286/0001-29;Ativa;Prestação de Serviços & Varejo;;Três Palmeiras;RODV. RS 324 KM 59+700, SN;Sede;99675-000;33.0;(54) 3367-1080;555433671080;posto.amigao.tres.palmeiras@outlook.com;NÃO;Não possui site;Talita Giachim;EMPRESA DE PEQUENO PORTE;3;70;Empresa EMPRESA DE PEQUENO PORTE ativa no ramo de Prestação de Serviços & Varejo em Três Palmeiras-RS. Decisor(a): Talita Giachim. Dados verificados na Receita Federal e Sintegra-RS.
CLI-REAL-0168;Rosicler De Oliveira Buffon;ROSICLER DE OLIVEIRA BUFFON;04.035.482/0001-76;Ativa;Farmácias & Drogarias;;Três Palmeiras;, ;Centro;99675-000;33.0;(54) 3361-1176;555433611176;rosicler.oliveira.buffon.tres.palmeiras@hotmail.com;NÃO;Não possui site;Diretoria Comercial;MICRO EMPRESA;2;70;Empresa MICRO EMPRESA ativa no ramo de Farmácias & Drogarias em Três Palmeiras-RS. Decisor(a): Diretoria Comercial. Dados verificados na Receita Federal e Sintegra-RS.
CLI-REAL-0169;Supermercado Tradicao;SUPERMERCADO TRADICAO LTDA;09.428.712/0001-80;Ativa;Supermercados & Mercearias;;Três Palmeiras;AVENIDA DAS PALMEIRAS, 1472 - SALA 01;Centro;99675-000;33.0;(54) 9613-6729;555496136729;supermercado.tradicao.tres.palmeiras@gmail.com;NÃO;Não possui site;Antonio Marcos Alves Dos Santos;MICRO EMPRESA;2;70;Empresa MICRO EMPRESA ativa no ramo de Supermercados & Mercearias em Três Palmeiras-RS. Decisor(a): Antonio Marcos Alves Dos Santos. Dados verificados na Receita Federal e Sintegra-RS.
CLI-REAL-0170;Trasporte Echer;LORECI ANTONIO ECHER;08.093.678/0001-78;Ativa;Transporte & Logística;;Três Palmeiras;, ;Centro;99675-000;33.0;(54) 3361-1178;555433611178;trasporte.echer.tres.palmeiras@gmail.com;NÃO;Não possui site;Diretoria Comercial;MICRO EMPRESA;3;70;Empresa MICRO EMPRESA ativa no ramo de Transporte & Logística em Três Palmeiras-RS. Decisor(a): Diretoria Comercial. Dados verificados na Receita Federal e Sintegra-RS.
CLI-REAL-0171;Cleci Bueno Fernandes;CLECI BUENO FERNANDES;10.291.445/0001-21;Ativa;Supermercados & Mercearias;;Sagrada Familia;, ;Interior;98330-000;35.0;(54) 3361-1121;555433611121;cleci.bueno.fernandes.sagrada.familia@outlook.com;NÃO;Não possui site;Diretoria Comercial;MICRO EMPRESA;2;70;Empresa MICRO EMPRESA ativa no ramo de Supermercados & Mercearias em Sagrada Familia-RS. Decisor(a): Diretoria Comercial. Dados verificados na Receita Federal e Sintegra-RS.
CLI-REAL-0172;Farmacia Bem Estar;TUANI GARAFINI & CIA COMERCIO DE MEDICAMENTOS LTDA;07.903.089/0001-45;Ativa;Farmácias & Drogarias;;Sagrada Familia;RUA FRANCISCO LUIZ CARDONA, SN - CASA;Centro;98330-000;35.0;(55) 3616-9142;555536169142;farmacia.bem.estar.sagrada.familia@hotmail.com;NÃO;Não possui site;Tuani Garafini;MICRO EMPRESA;2;70;Empresa MICRO EMPRESA ativa no ramo de Farmácias & Drogarias em Sagrada Familia-RS. Decisor(a): Tuani Garafini. Dados verificados na Receita Federal e Sintegra-RS.
CLI-REAL-0173;Mecanica Andrecar;ANDRE KICH;07.516.986/0001-04;Ativa;Autopeças & Oficinas;;Sagrada Familia;, ;Centro;98330-000;35.0;(54) 3361-1104;555433611104;mecanica.andrecar.sagrada.familia@gmail.com;NÃO;Não possui site;Diretoria Comercial;MICRO EMPRESA;2;70;Empresa MICRO EMPRESA ativa no ramo de Autopeças & Oficinas em Sagrada Familia-RS. Decisor(a): Diretoria Comercial. Dados verificados na Receita Federal e Sintegra-RS.
CLI-REAL-0174;V.A Agropecuaria;VANDERLEI RAUCH;05.813.369/0001-37;Ativa;Prestação de Serviços & Varejo;;Sagrada Familia;, ;Centro;98330-000;35.0;(54) 3361-1137;555433611137;v.a.agropecuaria.sagrada.familia@gmail.com;NÃO;Não possui site;Diretoria Comercial;MICRO EMPRESA;3;70;Empresa MICRO EMPRESA ativa no ramo de Prestação de Serviços & Varejo em Sagrada Familia-RS. Decisor(a): Diretoria Comercial. Dados verificados na Receita Federal e Sintegra-RS.
CLI-REAL-0175;Abastecedora Agnolin;ABASTECEDORA AGNOLIN LTDA;01.595.146/0001-90;Ativa;Prestação de Serviços & Varejo;;Palmeira das Missões;AVENIDA INDEPENDENCIA, 441;Centro;98300-000;38.5;(54) 3361-1190;555433611190;abastecedora.agnolin.palmeira.das.missoes@outlook.com;NÃO;Não possui site;Gilberto Braz Agnolin;DEMAIS;3;70;Empresa DEMAIS ativa no ramo de Prestação de Serviços & Varejo em Palmeira das Missões-RS. Decisor(a): Gilberto Braz Agnolin. Dados verificados na Receita Federal e Sintegra-RS.
CLI-REAL-0176;Agropecuaria Alvorada Das Missoes Administracoes E Participacao;AGROPECUARIA ALVORADA DAS MISSOES ADMINISTRACOES E PARTICIPACAO LTDA;09.554.774/0001-39;Ativa;Prestação de Serviços & Varejo;;Palmeira das Missões;FAZENDA SAO BENTO, S/N;Zona Rural;98300-000;38.5;(53) 3227-1010;555332271010;agropecuaria.alvorada.palmeira.das.missoes@hotmail.com;NÃO;Não possui site;Gabriel Alberton Ardenghy;MICRO EMPRESA;3;70;Empresa MICRO EMPRESA ativa no ramo de Prestação de Serviços & Varejo em Palmeira das Missões-RS. Decisor(a): Gabriel Alberton Ardenghy. Dados verificados na Receita Federal e Sintegra-RS.
CLI-REAL-0177;Agropecuaria Legalu Administracao E Participacoes;AGROPECUARIA LEGALU ADMINISTRACAO E PARTICIPACOES LTDA;09.632.029/0001-60;Ativa;Prestação de Serviços & Varejo;;Palmeira das Missões;FAZENDA SAO BENTO, S/N;Zona Rural;98300-000;38.5;(53) 3227-1010;555332271010;agropecuaria.legalu.palmeira.das.missoes@gmail.com;NÃO;Não possui site;Gabriel Alberton Ardenghy;MICRO EMPRESA;3;70;Empresa MICRO EMPRESA ativa no ramo de Prestação de Serviços & Varejo em Palmeira das Missões-RS. Decisor(a): Gabriel Alberton Ardenghy. Dados verificados na Receita Federal e Sintegra-RS.
CLI-REAL-0178;Agropecuaria Vo Tita Administracao E Participacoes;AGROPECUARIA VO TITA ADMINISTRACAO E PARTICIPACOES LTDA;09.597.286/0001-09;Ativa;Prestação de Serviços & Varejo;;Palmeira das Missões;FAZENDA SAO BENTO, S/N;Zona Rural;98300-000;38.5;(53) 3227-1010;555332271010;agropecuaria.vo.palmeira.das.missoes@gmail.com;NÃO;Não possui site;Leolino Alberton;MICRO EMPRESA;3;70;Empresa MICRO EMPRESA ativa no ramo de Prestação de Serviços & Varejo em Palmeira das Missões-RS. Decisor(a): Leolino Alberton. Dados verificados na Receita Federal e Sintegra-RS.
CLI-REAL-0179;Artebase Construtora;ARTEBASE CONSTRUTORA LTDA;06.283.997/0001-10;Ativa;Prestação de Serviços & Varejo;;Palmeira das Missões;RODOVIA RS 569, S/N - KM 04 SALA 2-3 E 5;Area Rural;98300-000;38.5;(55) 9200-0632;555592000632;artebase.construtora.palmeira.das.missoes@outlook.com;NÃO;Não possui site;Sergio Luiz Ledur;EMPRESA DE PEQUENO PORTE;3;70;Empresa EMPRESA DE PEQUENO PORTE ativa no ramo de Prestação de Serviços & Varejo em Palmeira das Missões-RS. Decisor(a): Sergio Luiz Ledur. Dados verificados na Receita Federal e Sintegra-RS.
CLI-REAL-0180;C.P.P.;CONCRETO E PRE-MOLDADOS PALMEIRA LTDA;03.337.199/0001-36;Ativa;Prestação de Serviços & Varejo;;Palmeira das Missões;ESTRADA RS 569, KM 2;Distrito Industrial;98300-000;38.5;(55) 3742-4200;555537424200;c.p.p.palmeira.das.missoes@hotmail.com;NÃO;Não possui site;Jucara Maria Garcia Tasso;EMPRESA DE PEQUENO PORTE;3;70;Empresa EMPRESA DE PEQUENO PORTE ativa no ramo de Prestação de Serviços & Varejo em Palmeira das Missões-RS. Decisor(a): Jucara Maria Garcia Tasso. Dados verificados na Receita Federal e Sintegra-RS.
CLI-REAL-0181;Comercial Palmeira;COMERCIAL PALMEIRA LTDA;02.570.017/0001-00;Ativa;Supermercados & Mercearias;;Palmeira das Missões;AVENIDA INDEPENDENCIA, 349;Vila Velha;98300-000;38.5;(54) 3361-1100;555433611100;comercial.palmeira.palmeira.das.missoes@gmail.com;NÃO;Não possui site;Eloiza Azevedo Martins Da Silva;EMPRESA DE PEQUENO PORTE;2;70;Empresa EMPRESA DE PEQUENO PORTE ativa no ramo de Supermercados & Mercearias em Palmeira das Missões-RS. Decisor(a): Eloiza Azevedo Martins Da Silva. Dados verificados na Receita Federal e Sintegra-RS.
CLI-REAL-0182;Franco Locacoes E Transportes;FRANCO LOCACOES E TRANSPORTES;04.391.475/0001-07;Ativa;Transporte & Logística;;Palmeira das Missões;, ;Centro;98300-000;38.5;(54) 3361-1107;555433611107;franco.locacoes.transportes.palmeira.das.missoes@gmail.com;NÃO;Não possui site;Diretoria Comercial;MICRO EMPRESA;3;70;Empresa MICRO EMPRESA ativa no ramo de Transporte & Logística em Palmeira das Missões-RS. Decisor(a): Diretoria Comercial. Dados verificados na Receita Federal e Sintegra-RS.
CLI-REAL-0183;Gat Transportes;GAT-COMERCIO DE COMBUSTIVEIS E TRANSPORTES LTDA;09.336.515/0001-31;Ativa;Transporte & Logística;;Palmeira das Missões;ESTRADA BR 158 KM, 104;Interior;98300-000;38.5;(55) 3742-7841;555537427841;gat.transportes.palmeira.das.missoes@outlook.com;NÃO;Não possui site;Carlos Clair Ribeiro;EMPRESA DE PEQUENO PORTE;3;70;Empresa EMPRESA DE PEQUENO PORTE ativa no ramo de Transporte & Logística em Palmeira das Missões-RS. Decisor(a): Carlos Clair Ribeiro. Dados verificados na Receita Federal e Sintegra-RS.
CLI-REAL-0184;Gaviao Locacoes;GAVIAO LOCACOES LTDA;01.797.798/0001-07;Ativa;Transporte & Logística;;Palmeira das Missões;RUA CAPITAO BICA MACHADO, 19 - SALA 01;Vila Pinto;98300-000;38.5;(55) 9674-4269;555596744269;gaviao.locacoes.palmeira.das.missoes@hotmail.com;NÃO;Não possui site;Vilmar Correa Franco;EMPRESA DE PEQUENO PORTE;3;70;Empresa EMPRESA DE PEQUENO PORTE ativa no ramo de Transporte & Logística em Palmeira das Missões-RS. Decisor(a): Vilmar Correa Franco. Dados verificados na Receita Federal e Sintegra-RS.
CLI-REAL-0185;Induspal;INDUSPAL INSUMOS AGRICOLAS LTDA;01.236.495/0001-15;Ativa;Prestação de Serviços & Varejo;;Palmeira das Missões;RUA DARVILLE PEDRO TONELLO, 95;Dist.Industrial I.;98300-000;38.5;(55) 9612-7653;555596127653;induspal.palmeira.das.missoes@gmail.com;NÃO;Não possui site;Edio Perusso;MICRO EMPRESA;3;70;Empresa MICRO EMPRESA ativa no ramo de Prestação de Serviços & Varejo em Palmeira das Missões-RS. Decisor(a): Edio Perusso. Dados verificados na Receita Federal e Sintegra-RS.
CLI-REAL-0186;Ledur Engenharia E Construcoes;LEDUR ENGENHARIA E CONSTRUCOES LTDA;00.850.290/0001-62;Ativa;Prestação de Serviços & Varejo;;Palmeira das Missões;RUA FRANCISCO PINHEIRO, 574 - TERREO;Centro;98300-000;38.5;(54) 3361-1162;555433611162;ledur.engenharia.construcoes.palmeira.das.missoes@gmail.com;NÃO;Não possui site;Sergio Luiz Ledur;EMPRESA DE PEQUENO PORTE;3;70;Empresa EMPRESA DE PEQUENO PORTE ativa no ramo de Prestação de Serviços & Varejo em Palmeira das Missões-RS. Decisor(a): Sergio Luiz Ledur. Dados verificados na Receita Federal e Sintegra-RS.
CLI-REAL-0187;Mandeli Servicos Especializados;MANDELI SERVICOS ESPECIALIZADOS LTDA;04.566.993/0001-14;Ativa;Prestação de Serviços & Varejo;;Palmeira das Missões;RUA MARECHAL FLORIANO, 870 - APT 09;Centro;98300-000;38.5;(55) 1111-1111;555511111111;mandeli.servicos.especializados.palmeira.das.missoes@outlook.com;NÃO;Não possui site;Antonio Luciano Mandeli;MICRO EMPRESA;3;70;Empresa MICRO EMPRESA ativa no ramo de Prestação de Serviços & Varejo em Palmeira das Missões-RS. Decisor(a): Antonio Luciano Mandeli. Dados verificados na Receita Federal e Sintegra-RS.
CLI-REAL-0188;Maqgranja;MAQGRANJA COMERCIO DE PRODUTOS AGRICOLAS LTDA;05.735.101/0001-24;Ativa;Prestação de Serviços & Varejo;;Palmeira das Missões;RUA JULIO PEREIRA, 148 - SALA 01;Centro;98300-000;38.5;(55) 9944-8740;555599448740;maqgranja.palmeira.das.missoes@hotmail.com;NÃO;Não possui site;Cassio Marlon Santos Peixoto;DEMAIS;3;70;Empresa DEMAIS ativa no ramo de Prestação de Serviços & Varejo em Palmeira das Missões-RS. Decisor(a): Cassio Marlon Santos Peixoto. Dados verificados na Receita Federal e Sintegra-RS.
CLI-REAL-0189;Planasul;PLANASUL SERVICOS DE TERRAPLENAGEM LTDA;07.725.421/0001-29;Ativa;Prestação de Serviços & Varejo;;Palmeira das Missões;ESTRADA RS 569-KM 1, 202;Distrito Industrial;98300-000;38.5;(54) 3369-1128;555433691128;planasul.palmeira.das.missoes@gmail.com;NÃO;Não possui site;Flavio Andre Piaia;MICRO EMPRESA;3;70;Empresa MICRO EMPRESA ativa no ramo de Prestação de Serviços & Varejo em Palmeira das Missões-RS. Decisor(a): Flavio Andre Piaia. Dados verificados na Receita Federal e Sintegra-RS.
CLI-REAL-0190;Simpex;SIMPEX SERVICOS DE COLETA TRANSPORTE E DESTINO FINAL DE RESIDUOS LTDA;07.734.631/0001-83;Ativa;Prestação de Serviços & Varejo;;Palmeira das Missões;ESTRADA MUNICIPAL RINCAO DOS MENDES, 220;Rural;98300-000;38.5;(55) 3742-5456;555537425456;simpex.palmeira.das.missoes@gmail.com;NÃO;Não possui site;Joao Manoel Da Silva Neto;DEMAIS;3;70;Empresa DEMAIS ativa no ramo de Prestação de Serviços & Varejo em Palmeira das Missões-RS. Decisor(a): Joao Manoel Da Silva Neto. Dados verificados na Receita Federal e Sintegra-RS.
CLI-REAL-0191;Staudt Transportes;STAUDT COMERCIO CEREALISTA E TRANSPORTES LTDA;02.081.375/0001-59;Ativa;Prestação de Serviços & Varejo;;Palmeira das Missões;RUA TUIUTI, 126;Vista Alegre;98300-000;38.5;(55) 3742-5515;555537425515;staudt.transportes.palmeira.das.missoes@outlook.com;NÃO;Não possui site;Gustavo Da Rosa Staudt;DEMAIS;3;70;Empresa DEMAIS ativa no ramo de Prestação de Serviços & Varejo em Palmeira das Missões-RS. Decisor(a): Gustavo Da Rosa Staudt. Dados verificados na Receita Federal e Sintegra-RS.
CLI-REAL-0192;Wilson Park Hotel Ltda.;WPH ADMINISTRACAO PATRIMONIAL LTDA;03.412.246/0001-69;Ativa;Prestação de Serviços & Varejo;;Palmeira das Missões;AVENIDA INDEPENDENCIA, 2804;Vista Alegre;98300-000;38.5;(55) 7423-737;5554557423737;wilson.park.palmeira.das.missoes@hotmail.com;NÃO;Não possui site;Toni Ferrarin;DEMAIS;3;70;Empresa DEMAIS ativa no ramo de Prestação de Serviços & Varejo em Palmeira das Missões-RS. Decisor(a): Toni Ferrarin. Dados verificados na Receita Federal e Sintegra-RS.
CLI-REAL-0193;Andrioli Esportes;DARCI ANTONIO VEDANA & CIA. LTDA.;07.603.493/0001-01;Ativa;Lojas de Roupas & Calçados;;Carazinho;AVENIDA FLORES DA CUNHA, 1602;Centro;99500-000;40.2;(54) 3331-6976;555433316976;andrioli.esportes.carazinho@gmail.com;NÃO;Não possui site;Darci Antonio Vedana;EMPRESA DE PEQUENO PORTE;3;70;Empresa EMPRESA DE PEQUENO PORTE ativa no ramo de Lojas de Roupas & Calçados em Carazinho-RS. Decisor(a): Darci Antonio Vedana. Dados verificados na Receita Federal e Sintegra-RS.
CLI-REAL-0194;Bbs Industrial;BBS INDUSTRIAL HIDRAULICOS LTDA;07.242.370/0001-84;Ativa;Prestação de Serviços & Varejo;;Carazinho;RODOVIA BR 285, KM 334,9, S/N;Ouro Preto;99500-000;40.2;(54) 3331-3277;555433313277;contato@bbsindustrial.com.br;SIM;https://www.bbsindustrial.com.br;Fernando Antonio Biazus;DEMAIS;3;70;Empresa DEMAIS ativa no ramo de Prestação de Serviços & Varejo em Carazinho-RS. Decisor(a): Fernando Antonio Biazus. Dados verificados na Receita Federal e Sintegra-RS.
CLI-REAL-0195;Carazinho Motos;CARAZINHO COMERCIO DE MOTOS LTDA;08.093.815/0001-74;Ativa;Prestação de Serviços & Varejo;;Carazinho;AVENIDA FLORES DA CUNHA, 3608;Centro;99500-000;40.2;(54) 3519-4787;555435194787;carazinho.motos.carazinho@outlook.com;NÃO;Não possui site;Ana Ines Dias;DEMAIS;3;70;Empresa DEMAIS ativa no ramo de Prestação de Serviços & Varejo em Carazinho-RS. Decisor(a): Ana Ines Dias. Dados verificados na Receita Federal e Sintegra-RS.
CLI-REAL-0196;Carmetal;CARMETAL IMPLEMENTOS AGRICOLAS E RODOVIARIOS - EM RECUPERACAO JUDICIAL LTDA;01.606.913/0001-19;Ativa;Prestação de Serviços & Varejo;;Carazinho;RODOVIA BR 386, SN - KM 177 LOTE 1-A;Distrito Industrial;99500-000;40.2;(54) 3329-8500;555433298500;contato@carmetal.com.br;SIM;https://www.carmetal.com.br;Ariane Nascimento Saraiva Xavier;DEMAIS;3;70;Empresa DEMAIS ativa no ramo de Prestação de Serviços & Varejo em Carazinho-RS. Decisor(a): Ariane Nascimento Saraiva Xavier. Dados verificados na Receita Federal e Sintegra-RS.
CLI-REAL-0197;Cj Empreendimentos;CJ EMPREENDIMENTOS LTDA;05.243.219/0001-35;Ativa;Construção Civil & Engenharia;;Carazinho;RODOVIA BR 386, KM 173, SN;Rodovia Governador Leonel De Moura Brizola;99500-000;40.2;(54) 3329-3596;555433293596;contato@cjempreendimentos.com.br;SIM;https://www.cjempreendimentos.com.br;Josue De Oliveira Prestes;DEMAIS;3;70;Empresa DEMAIS ativa no ramo de Construção Civil & Engenharia em Carazinho-RS. Decisor(a): Josue De Oliveira Prestes. Dados verificados na Receita Federal e Sintegra-RS.
CLI-REAL-0198;Construtora Del Rijo S.A;CONSTRUTORA DEL RIJO S.A.;04.853.691/0001-27;Ativa;Prestação de Serviços & Varejo;;Carazinho;PASSO DA CAPOEIRA, 277;Sao Sebastiao;99500-000;40.2;(54) 3329-8282;555433298282;construtora.del.carazinho@gmail.com;NÃO;Não possui site;Fernanda Junges Schmitt;DEMAIS;3;70;Empresa DEMAIS ativa no ramo de Prestação de Serviços & Varejo em Carazinho-RS. Decisor(a): Fernanda Junges Schmitt. Dados verificados na Receita Federal e Sintegra-RS.
CLI-REAL-0199;D'Marche Cosmeticos;D'MARCHE INDUSTRIA DE COSMETICOS LTDA;03.962.890/0001-00;Ativa;Prestação de Serviços & Varejo;;Carazinho;RODOVIA BR 386, KM 174 + 760, S/N;Rodovia;99500-000;40.2;(54) 3331-2547;555433312547;d.marche.cosmeticos.carazinho@outlook.com;NÃO;Não possui site;Irlei Jose Marchetti;EMPRESA DE PEQUENO PORTE;3;70;Empresa EMPRESA DE PEQUENO PORTE ativa no ramo de Prestação de Serviços & Varejo em Carazinho-RS. Decisor(a): Irlei Jose Marchetti. Dados verificados na Receita Federal e Sintegra-RS.
CLI-REAL-0200;Empreendimentos Imobiliarios Rajab;EMPREENDIMENTOS IMOBILIARIOS RAJAB LTDA;08.686.165/0001-70;Ativa;Prestação de Serviços & Varejo;;Carazinho;RUA VENANCIO AIRES, 830;Centro;99500-000;40.2;(54) 3331-2207;555433312207;empreendimentos.imobiliarios.rajab.carazinho@hotmail.com;NÃO;Não possui site;Achiraf Said Rajab;MICRO EMPRESA;3;70;Empresa MICRO EMPRESA ativa no ramo de Prestação de Serviços & Varejo em Carazinho-RS. Decisor(a): Achiraf Said Rajab. Dados verificados na Receita Federal e Sintegra-RS.
CLI-REAL-0201;Geral Materiais De Construcao;GERAL MATERIAIS DE CONSTRUCAO E INCORPORACAO LTDA;08.985.934/0001-31;Ativa;Materiais de Construção;;Carazinho;AVENIDA FLORES DA CUNHA, 2780;Gloria;99500-000;40.2;(54) 3329-3174;555433293174;geral.materiais.construcao.carazinho@gmail.com;NÃO;Não possui site;Adriano Henrique Koch;MICRO EMPRESA;2;70;Empresa MICRO EMPRESA ativa no ramo de Materiais de Construção em Carazinho-RS. Decisor(a): Adriano Henrique Koch. Dados verificados na Receita Federal e Sintegra-RS.
CLI-REAL-0202;Jarre Empreendimentos;EMPREENDIMENTOS IMOBILIARIOS RJ LTDA - EM RECUPERACAO JUDICIAL;01.101.822/0001-21;Ativa;Construção Civil & Engenharia;;Carazinho;RUA GENERAL PORTINHO, 35 - SALA 03;Centro;99500-000;40.2;(54) 3331-6766;555433316766;jarre.empreendimentos.carazinho@gmail.com;NÃO;Não possui site;Gilberto Rudi Jarre;EMPRESA DE PEQUENO PORTE;3;70;Empresa EMPRESA DE PEQUENO PORTE ativa no ramo de Construção Civil & Engenharia em Carazinho-RS. Decisor(a): Gilberto Rudi Jarre. Dados verificados na Receita Federal e Sintegra-RS.
CLI-REAL-0203;Lopes E Oliveira Transportes;LOPES E OLIVEIRA TRANSPORTES LTDA;05.423.509/0001-60;Ativa;Transporte & Logística;;Carazinho;RUA ALFREDO OSCAR KOCHEMBORGER, 155;Industrial Carlos Augusto Fritz;99500-000;40.2;(54) 3330-1800;555433301800;lopes.oliveira.transportes.carazinho@outlook.com;NÃO;Não possui site;Clayton Luis Lopes De Oliveira;DEMAIS;3;70;Empresa DEMAIS ativa no ramo de Transporte & Logística em Carazinho-RS. Decisor(a): Clayton Luis Lopes De Oliveira. Dados verificados na Receita Federal e Sintegra-RS.
CLI-REAL-0204;Marchetti Incorporadora;MARCHETTI INCORPORADORA LTDA;09.246.508/0001-49;Ativa;Prestação de Serviços & Varejo;;Carazinho;AVENIDA PATRIA, 287 - APT 1101;Centro;99500-000;40.2;(54) 3331-2547;555433312547;contato@marchettiincorporadora.com.br;SIM;https://www.marchettiincorporadora.com.br;Irlei Jose Marchetti;MICRO EMPRESA;3;70;Empresa MICRO EMPRESA ativa no ramo de Prestação de Serviços & Varejo em Carazinho-RS. Decisor(a): Irlei Jose Marchetti. Dados verificados na Receita Federal e Sintegra-RS.
CLI-REAL-0205;Michael Chehade Administracao E Locacao De Imoveis;MICHAEL CHEHADE ADMINISTRACAO E LOCACAO DE IMOVEIS LTDA;06.218.975/0001-77;Ativa;Prestação de Serviços & Varejo;;Carazinho;AVENIDA FLORES DA CUNHA, 1061 - SEGUNDO ANDAR;Bairro Centro;99500-000;40.2;(54) 3361-1177;555433611177;michael.chehade.carazinho@gmail.com;NÃO;Não possui site;Michael Dorneles Chehade;EMPRESA DE PEQUENO PORTE;3;70;Empresa EMPRESA DE PEQUENO PORTE ativa no ramo de Prestação de Serviços & Varejo em Carazinho-RS. Decisor(a): Michael Dorneles Chehade. Dados verificados na Receita Federal e Sintegra-RS.
CLI-REAL-0206;Plantiagro;PLANTIAGRO COMERCIAL AGRICOLA LTDA;07.170.317/0001-15;Ativa;Prestação de Serviços & Varejo;;Carazinho;AVENIDA FLORES DA CUNHA, 5527;Fey;99500-000;40.2;(54) 3329-6485;555433296485;plantiagro.carazinho@gmail.com;NÃO;Não possui site;Augustinho Do Prado;DEMAIS;3;70;Empresa DEMAIS ativa no ramo de Prestação de Serviços & Varejo em Carazinho-RS. Decisor(a): Augustinho Do Prado. Dados verificados na Receita Federal e Sintegra-RS.
CLI-REAL-0207;Plumbus;PLUMBUS - ADMINISTRACAO DE BENS LTDA;01.933.356/0001-40;Ativa;Prestação de Serviços & Varejo;;Carazinho;RUA PEDRO VARGAS, 761 - APTO 603 EDIF NAUFAL;Centro;99500-000;40.2;(54) 3331-3853;555433313853;plumbus.carazinho@outlook.com;NÃO;Não possui site;Marina Barp;MICRO EMPRESA;3;70;Empresa MICRO EMPRESA ativa no ramo de Prestação de Serviços & Varejo em Carazinho-RS. Decisor(a): Marina Barp. Dados verificados na Receita Federal e Sintegra-RS.
CLI-REAL-0208;Posto Cavol;VASMIR CAVOL & FILHOS LTDA;05.397.578/0001-47;Ativa;Prestação de Serviços & Varejo;;Carazinho;BR 386 KM 180, S/N;Capao Do Leao;99500-000;40.2;(54) 3361-1147;555433611147;posto.cavol.carazinho@hotmail.com;NÃO;Não possui site;Luciana Cavol Suhs;MICRO EMPRESA;3;70;Empresa MICRO EMPRESA ativa no ramo de Prestação de Serviços & Varejo em Carazinho-RS. Decisor(a): Luciana Cavol Suhs. Dados verificados na Receita Federal e Sintegra-RS.
CLI-REAL-0209;Prime Representacoes Comerciais E Transportes;PRIME REPRESENTACOES COMERCIAIS E TRANSPORTES LTDA;08.295.407/0001-03;Ativa;Prestação de Serviços & Varejo;;Carazinho;RODOVIA GOV. LEONEL DE MOURA BRIZOLA - BR386, 0 - KM 173.7;Sem Descricao;99500-000;40.2;(54) 8400-6155;555484006155;prime.representacoes.carazinho@gmail.com;NÃO;Não possui site;Eduardo Rogerio Lof;DEMAIS;3;70;Empresa DEMAIS ativa no ramo de Prestação de Serviços & Varejo em Carazinho-RS. Decisor(a): Eduardo Rogerio Lof. Dados verificados na Receita Federal e Sintegra-RS.
CLI-REAL-0210;Produza Comercio De Insumos Agricolas;PRODUZA COMERCIO DE INSUMOS AGRICOLAS LTDA;00.647.631/0001-05;Ativa;Prestação de Serviços & Varejo;;Carazinho;TRAVESSA ALOISIO LINCK, 67;Gloria;99500-000;40.2;(54) 3361-1105;555433611105;produza.comercio.carazinho@gmail.com;NÃO;Não possui site;Cesar Paulo Rizzardi;DEMAIS;3;70;Empresa DEMAIS ativa no ramo de Prestação de Serviços & Varejo em Carazinho-RS. Decisor(a): Cesar Paulo Rizzardi. Dados verificados na Receita Federal e Sintegra-RS.
CLI-REAL-0211;Rhriss Combustiveis;RHRISS COMBUSTIVEIS LTDA;04.144.661/0001-41;Ativa;Prestação de Serviços & Varejo;;Carazinho;BR 386, S/N - KM 178;Distrito Industrial;99500-000;40.2;(54) 3309-551;5554543309551;rhriss.combustiveis.carazinho@outlook.com;NÃO;Não possui site;Renato Aldenio Riss;DEMAIS;3;70;Empresa DEMAIS ativa no ramo de Prestação de Serviços & Varejo em Carazinho-RS. Decisor(a): Renato Aldenio Riss. Dados verificados na Receita Federal e Sintegra-RS.
CLI-REAL-0212;Rhriss Patrimonial;RHRISS PATRIMONIAL LTDA;00.155.285/0001-30;Ativa;Prestação de Serviços & Varejo;;Carazinho;RUA EGIDIO ANTONIO ENDLER, 180;Distrito Industrial;99500-000;40.2;(54) 3329-9300;555433299300;rhriss.patrimonial.carazinho@hotmail.com;NÃO;Não possui site;Renato Aldenio Riss;MICRO EMPRESA;3;70;Empresa MICRO EMPRESA ativa no ramo de Prestação de Serviços & Varejo em Carazinho-RS. Decisor(a): Renato Aldenio Riss. Dados verificados na Receita Federal e Sintegra-RS.
CLI-REAL-0213;Rotoplastyc Industrias De Rotomoldados;ROTOPLASTYC INDUSTRIAS DE ROTOMOLDADOS LTDA;04.349.542/0001-25;Ativa;Indústrias & Metalúrgicas;;Carazinho;ESTRADA CARAZINHO XADRES, 80 - KM 01;Colonia Dona Julia;99500-000;40.2;(54) 3361-1125;555433611125;rotoplastyc.industrias.rotomoldados.carazinho@gmail.com;NÃO;Não possui site;Denise Maria Barbieri Formentini;DEMAIS;3;70;Empresa DEMAIS ativa no ramo de Indústrias & Metalúrgicas em Carazinho-RS. Decisor(a): Denise Maria Barbieri Formentini. Dados verificados na Receita Federal e Sintegra-RS.
CLI-REAL-0214;Safira Empreendimentos;SAFIRA EMPREENDIMENTOS LTDA;07.524.654/0001-63;Ativa;Prestação de Serviços & Varejo;;Carazinho;RUA ALEXANDRE DA MOTTA, 691 - APT 01;Centro;99500-000;40.2;(54) 3331-2207;555433312207;safira.empreendimentos.carazinho@gmail.com;NÃO;Não possui site;Arthur Cauzzi Clament;MICRO EMPRESA;3;70;Empresa MICRO EMPRESA ativa no ramo de Prestação de Serviços & Varejo em Carazinho-RS. Decisor(a): Arthur Cauzzi Clament. Dados verificados na Receita Federal e Sintegra-RS.
CLI-REAL-0215;Semente Sol;SEMENTES SOL PRODUCAO E COMERCIO LTDA;08.348.762/0001-95;Ativa;Transporte & Logística;;Carazinho;RODOVIA BR 285 KM 336, S/N;Area Da Pedreira;99500-000;40.2;(54) 3330-1796;555433301796;semente.sol.carazinho@outlook.com;NÃO;Não possui site;Adriana Zamboni Velho;DEMAIS;3;70;Empresa DEMAIS ativa no ramo de Transporte & Logística em Carazinho-RS. Decisor(a): Adriana Zamboni Velho. Dados verificados na Receita Federal e Sintegra-RS.
CLI-REAL-0216;Sementes Cerenna;CERENNA AGROINDUSTRIAL LTDA;06.922.024/0001-84;Ativa;Prestação de Serviços & Varejo;;Carazinho;RODOVIA BR 285, S/N - KM 334;Rodovia;99500-000;40.2;(54) 3329-2804;555433292804;sementes.cerenna.carazinho@hotmail.com;NÃO;Não possui site;Celberto Jose Weiler;EMPRESA DE PEQUENO PORTE;3;70;Empresa EMPRESA DE PEQUENO PORTE ativa no ramo de Prestação de Serviços & Varejo em Carazinho-RS. Decisor(a): Celberto Jose Weiler. Dados verificados na Receita Federal e Sintegra-RS.
CLI-REAL-0217;Soder;SODERTECNO INDUSTRIA E COMERCIO DE MAQUINAS E IMPLEMENTOS AGRICOLA LTDA EM RECUPERACAO JUDICIAL;03.809.754/0001-85;Ativa;Prestação de Serviços & Varejo;;Carazinho;AVENIDA FLORES DA CUNHA, 6015;Aeroclube;99500-000;40.2;(54) 3331-5633;555433315633;contato@soder.com.br;SIM;https://www.soder.com.br;Emerson Luiz Soder;DEMAIS;3;70;Empresa DEMAIS ativa no ramo de Prestação de Serviços & Varejo em Carazinho-RS. Decisor(a): Emerson Luiz Soder. Dados verificados na Receita Federal e Sintegra-RS.
CLI-REAL-0218;01.329.199 Valdair De Oliveira;01.329.199 VALDAIR DE OLIVEIRA;01.329.199/0001-69;Ativa;Lojas de Roupas & Calçados;;Jaboticaba;, ;Centro;98350-000;47.8;(54) 3361-1169;555433611169;01.329.199.valdair.oliveira.jaboticaba@gmail.com;NÃO;Não possui site;Diretoria Comercial;MICRO EMPRESA;3;70;Empresa MICRO EMPRESA ativa no ramo de Lojas de Roupas & Calçados em Jaboticaba-RS. Decisor(a): Diretoria Comercial. Dados verificados na Receita Federal e Sintegra-RS.
CLI-REAL-0219;C.R.G. Modas;ROMILDA F. G. PERUZZO LTDA;04.511.015/0001-75;Ativa;Lojas de Roupas & Calçados;;Jaboticaba;RUA PADRE GUILHERME WERTZ, 737 - SALA;Centro;98350-000;47.8;(55) 9659-4614;555596594614;c.r.g.modas.jaboticaba@outlook.com;NÃO;Não possui site;Romilda Fatima Gnoatto Peruzzo;MICRO EMPRESA;3;70;Empresa MICRO EMPRESA ativa no ramo de Lojas de Roupas & Calçados em Jaboticaba-RS. Decisor(a): Romilda Fatima Gnoatto Peruzzo. Dados verificados na Receita Federal e Sintegra-RS.
CLI-REAL-0220;Ecomed - Ecografia E Medicina Geral;CLINICA LIMA E AMARAL LTDA;04.343.176/0001-05;Ativa;Prestação de Serviços & Varejo;;Jaboticaba;RUA PADRE THEODORO SYBERICHS, 548 - 05 E 06;Centro;98350-000;47.8;(55) 3743-1005;555537431005;ecomed.jaboticaba@hotmail.com;NÃO;Não possui site;Jose Ricardo Lorenzoni Do Amaral;MICRO EMPRESA;3;70;Empresa MICRO EMPRESA ativa no ramo de Prestação de Serviços & Varejo em Jaboticaba-RS. Decisor(a): Jose Ricardo Lorenzoni Do Amaral. Dados verificados na Receita Federal e Sintegra-RS.
CLI-REAL-0221;Posto Rozo;D. L. COMERCIO DE COMBUSTIVEIS LTDA.;09.545.491/0001-20;Ativa;Prestação de Serviços & Varejo;;Jaboticaba;RUA VALENTIN STEFANELLO, 061;Centro;98350-000;47.8;(55) 3743-1266;555537431266;posto.rozo.jaboticaba@gmail.com;NÃO;Não possui site;Diones Rozo;EMPRESA DE PEQUENO PORTE;3;70;Empresa EMPRESA DE PEQUENO PORTE ativa no ramo de Prestação de Serviços & Varejo em Jaboticaba-RS. Decisor(a): Diones Rozo. Dados verificados na Receita Federal e Sintegra-RS.
CLI-REAL-0222;Supermercado Tesca;SUPERMERCADO TESCA LTDA;05.116.594/0001-14;Ativa;Supermercados & Mercearias;;Jaboticaba;AVENIDA GETULIO VARGAS, 279;Centro;98350-000;47.8;(55) 3743-1139;555537431139;supermercado.tesca.jaboticaba@gmail.com;NÃO;Não possui site;Maria Leda Casarin;EMPRESA DE PEQUENO PORTE;2;70;Empresa EMPRESA DE PEQUENO PORTE ativa no ramo de Supermercados & Mercearias em Jaboticaba-RS. Decisor(a): Maria Leda Casarin. Dados verificados na Receita Federal e Sintegra-RS.
CLI-REAL-0223;Transportes Castro;TRANSPORTES CASTRO LTDA;01.482.461/0001-00;Ativa;Transporte & Logística;;Jaboticaba;RUA VALENTIN STEFANELLO, 137;Centro;98350-000;47.8;(55) 9659-6731;555596596731;transportes.castro.jaboticaba@outlook.com;NÃO;Não possui site;Maura Desgub De Castro;MICRO EMPRESA;3;70;Empresa MICRO EMPRESA ativa no ramo de Transporte & Logística em Jaboticaba-RS. Decisor(a): Maura Desgub De Castro. Dados verificados na Receita Federal e Sintegra-RS.
CLI-REAL-0224;Arts Papelaria E Servicos Contabeis;SANDRA MARA LOVIS TRENTIN;08.686.013/0001-78;Ativa;Papelarias & Bazares;;Boa Vista Das Missoes;, ;Centro;98335-000;47.9;(54) 3361-1178;555433611178;arts.papelaria.boa.vista.das.missoes@hotmail.com;NÃO;Não possui site;Diretoria Comercial;MICRO EMPRESA;3;70;Empresa MICRO EMPRESA ativa no ramo de Papelarias & Bazares em Boa Vista Das Missoes-RS. Decisor(a): Diretoria Comercial. Dados verificados na Receita Federal e Sintegra-RS.
CLI-REAL-0225;Atacado Boa Vista;S. CEOLIN DE MOURA E CIA LTDA;10.617.750/0001-60;Ativa;Supermercados & Mercearias;;Boa Vista Das Missoes;RODOVIA BR 386, KM 71, 956 - ANDAR 01;Centro;98335-000;47.9;(55) 3747-1107;555537471107;atacado.boa.vista.boa.vista.das.missoes@gmail.com;NÃO;Não possui site;Sandro Ceolin De Moura;EMPRESA DE PEQUENO PORTE;2;70;Empresa EMPRESA DE PEQUENO PORTE ativa no ramo de Supermercados & Mercearias em Boa Vista Das Missoes-RS. Decisor(a): Sandro Ceolin De Moura. Dados verificados na Receita Federal e Sintegra-RS.
CLI-REAL-0226;Auto Eletrica Saggiorato;JATIR SAGGIORATO;08.736.047/0001-20;Ativa;Autopeças & Oficinas;;Boa Vista Das Missoes;, ;Centro;98335-000;47.9;(54) 3361-1120;555433611120;auto.eletrica.saggiorato.boa.vista.das.missoes@gmail.com;NÃO;Não possui site;Diretoria Comercial;MICRO EMPRESA;2;70;Empresa MICRO EMPRESA ativa no ramo de Autopeças & Oficinas em Boa Vista Das Missoes-RS. Decisor(a): Diretoria Comercial. Dados verificados na Receita Federal e Sintegra-RS.
CLI-REAL-0227;Auto Mecanica Vicari;AUTO MECANICA VICARI LTDA;02.368.533/0001-56;Ativa;Autopeças & Oficinas;;Boa Vista Das Missoes;ESTRADA RS 323, 137 - GALPAO;Centro;98335-000;47.9;(55) 3747-1120;555537471120;auto.mecanica.vicari.boa.vista.das.missoes@outlook.com;NÃO;Não possui site;Elizandra Cadona Vicari;MICRO EMPRESA;2;70;Empresa MICRO EMPRESA ativa no ramo de Autopeças & Oficinas em Boa Vista Das Missoes-RS. Decisor(a): Elizandra Cadona Vicari. Dados verificados na Receita Federal e Sintegra-RS.
CLI-REAL-0228;Boa Vista Tratores;ELBERTON TRENTIN COVALESKI;10.566.144/0001-63;Ativa;Autopeças & Oficinas;;Boa Vista Das Missoes;, ;Centro;98335-000;47.9;(54) 3361-1163;555433611163;boa.vista.tratores.boa.vista.das.missoes@hotmail.com;NÃO;Não possui site;Diretoria Comercial;MICRO EMPRESA;2;70;Empresa MICRO EMPRESA ativa no ramo de Autopeças & Oficinas em Boa Vista Das Missoes-RS. Decisor(a): Diretoria Comercial. Dados verificados na Receita Federal e Sintegra-RS.
CLI-REAL-0229;Construtora Rebelato;ODAIR JOSE REBELATO & CIA LTDA;07.116.255/0001-63;Ativa;Construção Civil & Engenharia;;Boa Vista Das Missoes;AVENIDA ALTIVO JOSE RODRIGUES, 582 - GALPAO;Centro;98335-000;47.9;(55) 9614-7694;555596147694;construtora.rebelato.boa.vista.das.missoes@gmail.com;NÃO;Não possui site;Odair Jose Rebelato;MICRO EMPRESA;3;70;Empresa MICRO EMPRESA ativa no ramo de Construção Civil & Engenharia em Boa Vista Das Missoes-RS. Decisor(a): Odair Jose Rebelato. Dados verificados na Receita Federal e Sintegra-RS.
CLI-REAL-0230;Evidencce Modas;ZAIDA DE FATIMA DO PRADO SILVA;07.021.089/0001-11;Ativa;Lojas de Roupas & Calçados;;Boa Vista Das Missoes;, ;Centro;98335-000;47.9;(54) 3361-1111;555433611111;evidencce.modas.boa.vista.das.missoes@gmail.com;NÃO;Não possui site;Diretoria Comercial;MICRO EMPRESA;3;70;Empresa MICRO EMPRESA ativa no ramo de Lojas de Roupas & Calçados em Boa Vista Das Missoes-RS. Decisor(a): Diretoria Comercial. Dados verificados na Receita Federal e Sintegra-RS.
CLI-REAL-0231;Farmacia Sao Jose;CAIO & LORENCETTI LTDA;08.721.489/0001-00;Ativa;Farmácias & Drogarias;;Boa Vista Das Missoes;AVENIDA VINTE DE MARCO, 638 - SALA 2;Centro;98335-000;47.9;(55) 3747-1181;555537471181;farmacia.sao.jose.boa.vista.das.missoes@outlook.com;NÃO;Não possui site;Tatiana Bueno Caio;EMPRESA DE PEQUENO PORTE;2;70;Empresa EMPRESA DE PEQUENO PORTE ativa no ramo de Farmácias & Drogarias em Boa Vista Das Missoes-RS. Decisor(a): Tatiana Bueno Caio. Dados verificados na Receita Federal e Sintegra-RS.
CLI-REAL-0232;Mercado Tche;RUDILBERTO SOARES LANDESFELDT;04.737.778/0001-39;Ativa;Supermercados & Mercearias;;Boa Vista Das Missoes;, ;Centro;98335-000;47.9;(54) 3361-1139;555433611139;mercado.tche.boa.vista.das.missoes@hotmail.com;NÃO;Não possui site;Diretoria Comercial;MICRO EMPRESA;2;70;Empresa MICRO EMPRESA ativa no ramo de Supermercados & Mercearias em Boa Vista Das Missoes-RS. Decisor(a): Diretoria Comercial. Dados verificados na Receita Federal e Sintegra-RS.
CLI-REAL-0233;Mil Ideias E Variedades;BAZAR MIL IDEIAS LTDA;02.392.220/0001-33;Ativa;Prestação de Serviços & Varejo;;Boa Vista Das Missoes;AVENIDA 20 DEMARCO, 684;Centro;98335-000;47.9;(05) 5747-1084;550557471084;mil.ideias.variedades.boa.vista.das.missoes@gmail.com;NÃO;Não possui site;Henrique Signor Vestena;MICRO EMPRESA;3;70;Empresa MICRO EMPRESA ativa no ramo de Prestação de Serviços & Varejo em Boa Vista Das Missoes-RS. Decisor(a): Henrique Signor Vestena. Dados verificados na Receita Federal e Sintegra-RS.
CLI-REAL-0234;Panificadora Por Do Sol;LEANDRO CANCIAN PADILHA;08.079.951/0001-00;Ativa;Padarias & Gastronomia;;Boa Vista Das Missoes;, ;Centro;98335-000;47.9;(54) 3361-1100;555433611100;panificadora.por.sol.boa.vista.das.missoes@gmail.com;NÃO;Não possui site;Diretoria Comercial;MICRO EMPRESA;3;70;Empresa MICRO EMPRESA ativa no ramo de Padarias & Gastronomia em Boa Vista Das Missoes-RS. Decisor(a): Diretoria Comercial. Dados verificados na Receita Federal e Sintegra-RS.
CLI-REAL-0235;S T Transportes;SANDRI & TRESSI LTDA;05.663.774/0001-16;Ativa;Transporte & Logística;;Boa Vista Das Missoes;RUA ALTIVO JOSE RODRIGUES, 350;Centro;98335-000;47.9;(55) 3747-1058;555537471058;s.t.transportes.boa.vista.das.missoes@outlook.com;NÃO;Não possui site;Ivanete Tressi;MICRO EMPRESA;3;70;Empresa MICRO EMPRESA ativa no ramo de Transporte & Logística em Boa Vista Das Missoes-RS. Decisor(a): Ivanete Tressi. Dados verificados na Receita Federal e Sintegra-RS.
CLI-REAL-0236;Varanda Construcoes;VARANDA CONSTRUCOES LTDA;02.436.311/0001-23;Ativa;Construção Civil & Engenharia;;Boa Vista Das Missoes;RODOVIA BR 386, 2201 - CASA;Distrito Industrial;98335-000;47.9;(55) 3747-1141;555537471141;varanda.construcoes.boa.vista.das.missoes@hotmail.com;NÃO;Não possui site;Mateus Rigon Moro;EMPRESA DE PEQUENO PORTE;3;70;Empresa EMPRESA DE PEQUENO PORTE ativa no ramo de Construção Civil & Engenharia em Boa Vista Das Missoes-RS. Decisor(a): Mateus Rigon Moro. Dados verificados na Receita Federal e Sintegra-RS.
CLI-REAL-0237;Varanda Moveis E Materiais De Construcao;VARANDA MOVEIS E MATERIAIS DE CONSTRUCAO LTDA;03.663.979/0001-76;Ativa;Transporte & Logística;;Boa Vista Das Missoes;AVENIDA 20 DE MARCO, 584 - CASA;Centro;98335-000;47.9;(55) 7471-055;5554557471055;varanda.moveis.boa.vista.das.missoes@gmail.com;NÃO;Não possui site;Tomas Amadeu Zanon Moro;MICRO EMPRESA;3;70;Empresa MICRO EMPRESA ativa no ramo de Transporte & Logística em Boa Vista Das Missoes-RS. Decisor(a): Tomas Amadeu Zanon Moro. Dados verificados na Receita Federal e Sintegra-RS.
CLI-REAL-0238;04.589.920 Cassiano Jose Sebastiani;04.589.920 CASSIANO JOSE SEBASTIANI;04.589.920/0001-48;Ativa;Supermercados & Mercearias;;Santo Antonio Do Planalto;, ;Centro;99525-000;54.3;(54) 3361-1148;555433611148;04.589.920.cassiano.santo.antonio.do.planalto@gmail.com;NÃO;Não possui site;Diretoria Comercial;MICRO EMPRESA;2;70;Empresa MICRO EMPRESA ativa no ramo de Supermercados & Mercearias em Santo Antonio Do Planalto-RS. Decisor(a): Diretoria Comercial. Dados verificados na Receita Federal e Sintegra-RS.
CLI-REAL-0239;Agro-E Comercio De Produtos Agricolas;AGRO-E COMERCIO DE PRODUTOS AGRICOLAS LTDA;03.283.176/0001-96;Ativa;Prestação de Serviços & Varejo;;Santo Antonio Do Planalto;RODOVIA BR 386 KM 184, SN;Localidade De Estancia Nova;99525-000;54.3;(54) 9959-7045;555499597045;agro.e.comercio.santo.antonio.do.planalto@outlook.com;NÃO;Não possui site;Cleide Daliane Falcao De Moura;MICRO EMPRESA;3;70;Empresa MICRO EMPRESA ativa no ramo de Prestação de Serviços & Varejo em Santo Antonio Do Planalto-RS. Decisor(a): Cleide Daliane Falcao De Moura. Dados verificados na Receita Federal e Sintegra-RS.
CLI-REAL-0240;Cristiane Milani;CRISTIANE MILANI;07.437.620/0001-31;Ativa;Lojas de Roupas & Calçados;;Santo Antonio Do Planalto;, ;Centro;99525-000;54.3;(54) 3361-1131;555433611131;cristiane.milani.santo.antonio.do.planalto@hotmail.com;NÃO;Não possui site;Diretoria Comercial;MICRO EMPRESA;3;70;Empresa MICRO EMPRESA ativa no ramo de Lojas de Roupas & Calçados em Santo Antonio Do Planalto-RS. Decisor(a): Diretoria Comercial. Dados verificados na Receita Federal e Sintegra-RS.
CLI-REAL-0241;Drehmer & Sertoli;DREHMER & SERTOLI LTDA;08.970.472/0001-89;Ativa;Supermercados & Mercearias;;Santo Antonio Do Planalto;AVENIDA JORGE MULLER, 2000;Centro;99525-000;54.3;(54) 3377-1120;555433771120;drehmer.sertoli.santo.antonio.do.planalto@gmail.com;NÃO;Não possui site;Cenara Fatima Sertoli Drehmer;MICRO EMPRESA;2;70;Empresa MICRO EMPRESA ativa no ramo de Supermercados & Mercearias em Santo Antonio Do Planalto-RS. Decisor(a): Cenara Fatima Sertoli Drehmer. Dados verificados na Receita Federal e Sintegra-RS.
CLI-REAL-0242;Gilmar A. Sertoli &;GILMAR A. SERTOLI & CIA LTDA;08.943.509/0001-80;Ativa;Materiais de Construção;;Santo Antonio Do Planalto;RUA ADOLFO SCHNEIDER, 620;Centro;99525-000;54.3;(54) 3377-1219;555433771219;gilmar.a.sertoli.santo.antonio.do.planalto@gmail.com;NÃO;Não possui site;Gilmar Antonio Sertoli;MICRO EMPRESA;2;70;Empresa MICRO EMPRESA ativa no ramo de Materiais de Construção em Santo Antonio Do Planalto-RS. Decisor(a): Gilmar Antonio Sertoli. Dados verificados na Receita Federal e Sintegra-RS.
CLI-REAL-0243;Laurindo Nickhorn;LAURINDO NICKHORN;05.287.118/0001-66;Ativa;Autopeças & Oficinas;;Santo Antonio Do Planalto;, ;Centro;99525-000;54.3;(54) 3361-1166;555433611166;laurindo.nickhorn.santo.antonio.do.planalto@outlook.com;NÃO;Não possui site;Diretoria Comercial;MICRO EMPRESA;2;70;Empresa MICRO EMPRESA ativa no ramo de Autopeças & Oficinas em Santo Antonio Do Planalto-RS. Decisor(a): Diretoria Comercial. Dados verificados na Receita Federal e Sintegra-RS.
CLI-REAL-0244;Mercado Renascer;JULIANA EDITE MUHL & CIA. LTDA.;04.642.474/0001-98;Ativa;Supermercados & Mercearias;;Santo Antonio Do Planalto;AVENIDA JORGE MULLER, 1467;Bairro Centro;99525-000;54.3;(54) 3377-1121;555433771121;mercado.renascer.santo.antonio.do.planalto@hotmail.com;NÃO;Não possui site;Juliana Edite Muhl;MICRO EMPRESA;2;70;Empresa MICRO EMPRESA ativa no ramo de Supermercados & Mercearias em Santo Antonio Do Planalto-RS. Decisor(a): Juliana Edite Muhl. Dados verificados na Receita Federal e Sintegra-RS.
CLI-REAL-0245;Sandra Jarre Muller;SANDRA JARRE MULLER;07.887.801/0001-60;Ativa;Transporte & Logística;;Santo Antonio Do Planalto;, ;Rodovia;99525-000;54.3;(54) 3361-1160;555433611160;sandra.jarre.muller.santo.antonio.do.planalto@gmail.com;NÃO;Não possui site;Diretoria Comercial;MICRO EMPRESA;3;70;Empresa MICRO EMPRESA ativa no ramo de Transporte & Logística em Santo Antonio Do Planalto-RS. Decisor(a): Diretoria Comercial. Dados verificados na Receita Federal e Sintegra-RS.
CLI-REAL-0246;Casa Sul;UBERTI & CIA LTDA;06.239.929/0001-54;Ativa;Materiais de Construção;;Sertão;AVENIDA BRASIL, 1340;Centro;99170-000;56.7;(54) 3451-161;5554543451161;casa.sul.sertao@gmail.com;NÃO;Não possui site;Denise Fae Uberti Gatti;MICRO EMPRESA;2;70;Empresa MICRO EMPRESA ativa no ramo de Materiais de Construção em Sertão-RS. Decisor(a): Denise Fae Uberti Gatti. Dados verificados na Receita Federal e Sintegra-RS.
CLI-REAL-0247;Ceramica Sao Francisco;ALEX ANTUNES LTDA;03.086.095/0001-04;Ativa;Prestação de Serviços & Varejo;;Sertão;RUA JORGE A. STREIT, 629;Centro;99170-000;56.7;(54) 3361-1104;555433611104;ceramica.sao.francisco.sertao@outlook.com;NÃO;Não possui site;Alex Antunes;MICRO EMPRESA;3;70;Empresa MICRO EMPRESA ativa no ramo de Prestação de Serviços & Varejo em Sertão-RS. Decisor(a): Alex Antunes. Dados verificados na Receita Federal e Sintegra-RS.
CLI-REAL-0248;Cia Moveis;LUIS MATTEI & CIA LTDA;10.382.771/0001-44;Ativa;Móveis & Decoração;;Sertão;RUA PEDRO PIOVESAN, 127;Industrial;99170-000;56.7;(54) 9607-9092;555496079092;cia.moveis.sertao@hotmail.com;NÃO;Não possui site;Luis Oberti Mattei;MICRO EMPRESA;3;70;Empresa MICRO EMPRESA ativa no ramo de Móveis & Decoração em Sertão-RS. Decisor(a): Luis Oberti Mattei. Dados verificados na Receita Federal e Sintegra-RS.
CLI-REAL-0249;D A Engenharia E Empreendimentos;D A ENGENHARIA E EMPREENDIMENTOS LTDA;01.690.948/0001-89;Ativa;Construção Civil & Engenharia;;Sertão;RUA JOSE BONIFACIO, 435 - SALA 01;Centro;99170-000;56.7;(54) 3451-288;5554543451288;d.a.sertao@gmail.com;NÃO;Não possui site;Alexandre Silveira;EMPRESA DE PEQUENO PORTE;3;70;Empresa EMPRESA DE PEQUENO PORTE ativa no ramo de Construção Civil & Engenharia em Sertão-RS. Decisor(a): Alexandre Silveira. Dados verificados na Receita Federal e Sintegra-RS.
CLI-REAL-0250;Farmacia Central;GOBBO & SOUZA LTDA;00.689.426/0001-02;Ativa;Farmácias & Drogarias;;Sertão;RUA DALTRO FILHO, 361 - SALA 01;Centro;99170-000;56.7;(54) 9937-2835;555499372835;farmacia.central.sertao@gmail.com;NÃO;Não possui site;Daiana Gobbo De Souza Machado;MICRO EMPRESA;2;70;Empresa MICRO EMPRESA ativa no ramo de Farmácias & Drogarias em Sertão-RS. Decisor(a): Daiana Gobbo De Souza Machado. Dados verificados na Receita Federal e Sintegra-RS.
CLI-REAL-0251;Farmacia Do Aposentado;FARMACIA DO APOSENTADO LTDA;07.629.230/0001-63;Ativa;Farmácias & Drogarias;;Sertão;AVENIDA BRASIL, 1394 - SALA B;Centro;99170-000;56.7;(54) 9681-1615;555496811615;farmacia.aposentado.sertao@outlook.com;NÃO;Não possui site;Edinei Rodrigues Pavao;EMPRESA DE PEQUENO PORTE;2;70;Empresa EMPRESA DE PEQUENO PORTE ativa no ramo de Farmácias & Drogarias em Sertão-RS. Decisor(a): Edinei Rodrigues Pavao. Dados verificados na Receita Federal e Sintegra-RS.
CLI-REAL-0252;Haramaq;HARAMAQ INDUSTRIA E COMERCIO DE MAQUINAS AGRICOLA LTDA;05.113.116/0001-50;Ativa;Prestação de Serviços & Varejo;;Sertão;RODOVIA RS 135 KM 34, S/N;Agrovila Incra;99170-000;56.7;(54) 3313-1001;555433131001;haramaq.sertao@hotmail.com;NÃO;Não possui site;Fernando Luis De Souza;DEMAIS;3;70;Empresa DEMAIS ativa no ramo de Prestação de Serviços & Varejo em Sertão-RS. Decisor(a): Fernando Luis De Souza. Dados verificados na Receita Federal e Sintegra-RS.
CLI-REAL-0253;Henrique Luiz Nardi;HENRIQUE LUIZ NARDI LTDA;01.692.429/0001-50;Ativa;Óticas & Joalherias;;Sertão;AVENIDA BRASIL, 1135;Centro;99170-000;56.7;(54) 3345-1500;555433451500;henrique.luiz.nardi.sertao@gmail.com;NÃO;Não possui site;Henrique Luiz Nardi;MICRO EMPRESA;3;70;Empresa MICRO EMPRESA ativa no ramo de Óticas & Joalherias em Sertão-RS. Decisor(a): Henrique Luiz Nardi. Dados verificados na Receita Federal e Sintegra-RS.
CLI-REAL-0254;J M Turismo;FABIANO MEZADRI & CIA LTDA;10.511.496/0001-11;Ativa;Transporte & Logística;;Sertão;RUA JOSE BONIFACIO, 667;Centro;99170-000;56.7;(54) 9936-1689;555499361689;j.m.turismo.sertao@gmail.com;NÃO;Não possui site;Fabiano Mezadri;MICRO EMPRESA;3;70;Empresa MICRO EMPRESA ativa no ramo de Transporte & Logística em Sertão-RS. Decisor(a): Fabiano Mezadri. Dados verificados na Receita Federal e Sintegra-RS.
CLI-REAL-0255;Menetur;TRANSPORTES MENETUR LTDA;00.271.033/0001-76;Ativa;Transporte & Logística;;Sertão;AVENIDA AVENIDA BRASIL, 1878 - SALA 01;Centro;99170-000;56.7;(54) 8124-5070;555481245070;menetur.sertao@outlook.com;NÃO;Não possui site;Wagner Menegaz;MICRO EMPRESA;3;70;Empresa MICRO EMPRESA ativa no ramo de Transporte & Logística em Sertão-RS. Decisor(a): Wagner Menegaz. Dados verificados na Receita Federal e Sintegra-RS.
CLI-REAL-0256;Transmoraes;VINICIUS DE MORAES;07.642.891/0001-29;Ativa;Transporte & Logística;;Sertão;, ;Centro;99170-000;56.7;(54) 3361-1129;555433611129;transmoraes.sertao@hotmail.com;NÃO;Não possui site;Diretoria Comercial;MICRO EMPRESA;3;70;Empresa MICRO EMPRESA ativa no ramo de Transporte & Logística em Sertão-RS. Decisor(a): Diretoria Comercial. Dados verificados na Receita Federal e Sintegra-RS.
CLI-REAL-0257;Zoraide Bocalon &;ZORAIDE BOCALON & CIA LTDA;00.086.217/0001-66;Ativa;Prestação de Serviços & Varejo;;Sertão;AVENIDA ERNESTO DORNELES, 1111;Centro;99170-000;56.7;(54) 3361-1166;555433611166;zoraide.bocalon.sertao@gmail.com;NÃO;Não possui site;Zoraide De Fatima Guidini Bocalon;DEMAIS;3;70;Empresa DEMAIS ativa no ramo de Prestação de Serviços & Varejo em Sertão-RS. Decisor(a): Zoraide De Fatima Guidini Bocalon. Dados verificados na Receita Federal e Sintegra-RS.
CLI-REAL-0258;A. Roso Investimentos Imobiliarios S.A;A. ROSO INVESTIMENTOS IMOBILIARIOS S.A.;07.265.658/0001-74;Ativa;Prestação de Serviços & Varejo;;Passo Fundo;AVENIDA GENERAL NETO, 740;Centro;99010-022;61.7;(54) 3342-9700;555433429700;a.roso.passo.fundo@gmail.com;NÃO;Não possui site;Antonio Roso;DEMAIS;3;70;Empresa DEMAIS ativa no ramo de Prestação de Serviços & Varejo em Passo Fundo-RS. Decisor(a): Antonio Roso. Dados verificados na Receita Federal e Sintegra-RS.
CLI-REAL-0259;Atitus Educacao;ATITUS EDUCACAO S.A;04.858.393/0001-20;Ativa;Prestação de Serviços & Varejo;;Passo Fundo;RUA SENADOR PINHEIRO, 304;Cruzeiro;99070-220;61.7;(51) 4004-4818;555140044818;contato@atituseducacao.com.br;SIM;https://www.atituseducacao.com.br;Claudemir Bragagnolo;DEMAIS;3;70;Empresa DEMAIS ativa no ramo de Prestação de Serviços & Varejo em Passo Fundo-RS. Decisor(a): Claudemir Bragagnolo. Dados verificados na Receita Federal e Sintegra-RS.
CLI-REAL-0260;Be8;BE8 S.A.;07.322.382/0001-19;Ativa;Prestação de Serviços & Varejo;;Passo Fundo;RODOVIA BR-285, S/N - KM 294;Petropolis;99050-700;61.7;(54) 2103-7100;555421037100;be8.passo.fundo@hotmail.com;NÃO;Não possui site;Carlos Roberto Ferreira Junior;DEMAIS;3;70;Empresa DEMAIS ativa no ramo de Prestação de Serviços & Varejo em Passo Fundo-RS. Decisor(a): Carlos Roberto Ferreira Junior. Dados verificados na Receita Federal e Sintegra-RS.
CLI-REAL-0261;Be8 Exportacao E Importacao;BE8 EXPORTACAO E IMPORTACAO LTDA;08.495.847/0001-04;Ativa;Prestação de Serviços & Varejo;;Passo Fundo;RODOVIA BR 285, SN - KM 312;Zona Rural;99130-000;61.7;(54) 2103-7100;555421037100;be8.exportacao.importacao.passo.fundo@gmail.com;NÃO;Não possui site;Erasmo Carlos Battistella;DEMAIS;3;70;Empresa DEMAIS ativa no ramo de Prestação de Serviços & Varejo em Passo Fundo-RS. Decisor(a): Erasmo Carlos Battistella. Dados verificados na Receita Federal e Sintegra-RS.
CLI-REAL-0262;Brair Imoveis;BRAIR IMOVEIS LTDA;08.003.234/0001-02;Ativa;Construção Civil & Engenharia;;Passo Fundo;AVENIDA BRASIL OESTE, 665 - SOBRELOJA SALA 03;Centro;99025-001;61.7;(54) 3313-8111;555433138111;brair.imoveis.passo.fundo@gmail.com;NÃO;Não possui site;Pedro Henrique Kappaun Brair;DEMAIS;3;70;Empresa DEMAIS ativa no ramo de Construção Civil & Engenharia em Passo Fundo-RS. Decisor(a): Pedro Henrique Kappaun Brair. Dados verificados na Receita Federal e Sintegra-RS.
CLI-REAL-0263;Brinvest Participacoes;BRINVEST PARTICIPACOES LTDA.;09.315.165/0001-27;Ativa;Prestação de Serviços & Varejo;;Passo Fundo;RUA CORONEL CHICUTA, 504 - SALA 1001;Centro;99010-051;61.7;(54) 3317-2687;555433172687;brinvest.participacoes.passo.fundo@outlook.com;NÃO;Não possui site;Augusto Ricardo Ghion Junior;DEMAIS;3;70;Empresa DEMAIS ativa no ramo de Prestação de Serviços & Varejo em Passo Fundo-RS. Decisor(a): Augusto Ricardo Ghion Junior. Dados verificados na Receita Federal e Sintegra-RS.
CLI-REAL-0264;Centro Shopping;CENTRO SHOPPING EMPREENDIMENTOS E PARTICIPACOES LTDA;06.018.086/0001-66;Ativa;Prestação de Serviços & Varejo;;Passo Fundo;RUA VALENTIN GRAZZIOTIN, 77 - PREDIO;Sao Cristovao;99060-030;61.7;(43) 3167-545;5554433167545;shopping.passo.fundo@hotmail.com;NÃO;Não possui site;Marcus Grazziotin;DEMAIS;3;70;Empresa DEMAIS ativa no ramo de Prestação de Serviços & Varejo em Passo Fundo-RS. Decisor(a): Marcus Grazziotin. Dados verificados na Receita Federal e Sintegra-RS.
CLI-REAL-0265;Compass.Uol;COMPASS.UOL TECNOLOGIA LTDA;07.654.824/0001-24;Ativa;Celulares & Informática;;Passo Fundo;AVENIDA SETE DE SETEMBRO, 496 - ANDAR 1 SALA 206 SALA A;Centro;99010-120;61.7;(51) 2108-6689;555121086689;compass.uol.passo.fundo@gmail.com;NÃO;Não possui site;Marcelo Moojen Epperlein;DEMAIS;3;70;Empresa DEMAIS ativa no ramo de Celulares & Informática em Passo Fundo-RS. Decisor(a): Marcelo Moojen Epperlein. Dados verificados na Receita Federal e Sintegra-RS.
CLI-REAL-0266;Construatacado Comercio De Materiais De Construcao;CONSTRUATACADO COMERCIO DE MATERIAIS DE CONSTRUCAO LTDA;05.262.669/0001-75;Ativa;Materiais de Construção;;Passo Fundo;RUA ORFELINA VIEIRA DE MELO, 101;Valinhos;99042-142;61.7;(54) 3311-6531;555433116531;construatacado.comercio.passo.fundo@gmail.com;NÃO;Não possui site;Vandir Mafissoni;DEMAIS;5;70;Empresa DEMAIS ativa no ramo de Materiais de Construção em Passo Fundo-RS. Decisor(a): Vandir Mafissoni. Dados verificados na Receita Federal e Sintegra-RS.
CLI-REAL-0267;Cooperforte;COOPERFORTE LTDA;07.955.783/0001-06;Ativa;Prestação de Serviços & Varejo;;Passo Fundo;RUA SILVA JARDIM, 691 - SALA 201;Centro;99010-240;61.7;(54) 9269-8726;555492698726;cooperforte.passo.fundo@outlook.com;NÃO;Não possui site;Thaisa Carvalho;MICRO EMPRESA;3;70;Empresa MICRO EMPRESA ativa no ramo de Prestação de Serviços & Varejo em Passo Fundo-RS. Decisor(a): Thaisa Carvalho. Dados verificados na Receita Federal e Sintegra-RS.
CLI-REAL-0268;Erebango Participacoes;EREBANGO PARTICIPACOES LTDA;07.487.113/0001-02;Ativa;Prestação de Serviços & Varejo;;Passo Fundo;RUA PRINCESA ISABEL, 755;Petropolis;99050-100;61.7;(51) 3218-6848;555132186848;erebango.participacoes.passo.fundo@hotmail.com;NÃO;Não possui site;Juana Cavalcanti Sirotsky Florentino;DEMAIS;3;70;Empresa DEMAIS ativa no ramo de Prestação de Serviços & Varejo em Passo Fundo-RS. Decisor(a): Juana Cavalcanti Sirotsky Florentino. Dados verificados na Receita Federal e Sintegra-RS.
CLI-REAL-0269;Iamb Empreendimentos;IAMB EMPREENDIMENTOS LTDA;00.520.100/0001-49;Ativa;Prestação de Serviços & Varejo;;Passo Fundo;RUA URUGUAI, 2312 - SALA 02;Boqueirao;99010-112;61.7;(54) 3311-2615;555433112615;iamb.empreendimentos.passo.fundo@gmail.com;NÃO;Não possui site;Itamar Antonio Moretti Basso;EMPRESA DE PEQUENO PORTE;3;70;Empresa EMPRESA DE PEQUENO PORTE ativa no ramo de Prestação de Serviços & Varejo em Passo Fundo-RS. Decisor(a): Itamar Antonio Moretti Basso. Dados verificados na Receita Federal e Sintegra-RS.
CLI-REAL-0270;Indyana Comercio De Veiculos;INDYANA COMERCIO DE VEICULOS LTDA;08.655.160/0001-80;Ativa;Autopeças & Oficinas;;Passo Fundo;RODOVIA RS-153, 47 - SALA B;Bom Recreio;99132-000;61.7;(54) 3519-4787;555435194787;indyana.comercio.veiculos.passo.fundo@gmail.com;NÃO;Não possui site;Adroaldo Moura Da Silva;DEMAIS;3;70;Empresa DEMAIS ativa no ramo de Autopeças & Oficinas em Passo Fundo-RS. Decisor(a): Adroaldo Moura Da Silva. Dados verificados na Receita Federal e Sintegra-RS.
CLI-REAL-0271;Maplan Administradora;MAPLAN ADMINISTRACAO E PARTICIPACOES LTDA;09.453.717/0001-63;Ativa;Prestação de Serviços & Varejo;;Passo Fundo;RUA PAISSANDU, 928;Centro;99010-100;61.7;(54) 3311-1569;555433111569;maplan.administradora.passo.fundo@outlook.com;NÃO;Não possui site;Adilvo Roque Sordi;DEMAIS;3;70;Empresa DEMAIS ativa no ramo de Prestação de Serviços & Varejo em Passo Fundo-RS. Decisor(a): Adilvo Roque Sordi. Dados verificados na Receita Federal e Sintegra-RS.
CLI-REAL-0272;Mw Projetos;M. WAGNER LTDA;05.801.987/0001-67;Ativa;Construção Civil & Engenharia;;Passo Fundo;RUA PADRE VALENTIM, 71 - SALA 02;Lucas Araujo;99072-100;61.7;(54) 9105-5252;555491055252;contato@mwprojetos.com.br;SIM;https://www.mwprojetos.com.br;Mario Wagner;EMPRESA DE PEQUENO PORTE;3;70;Empresa EMPRESA DE PEQUENO PORTE ativa no ramo de Construção Civil & Engenharia em Passo Fundo-RS. Decisor(a): Mario Wagner. Dados verificados na Receita Federal e Sintegra-RS.
CLI-REAL-0273;Razaoinfo Telecom.;RAZAOINFO INTERNET LTDA;05.740.315/0001-99;Ativa;Prestação de Serviços & Varejo;;Passo Fundo;AVENIDA GAL NETO, 383 - SALA 405;Centro;99010-903;61.7;(00) 54312-6992;5500543126992;razaoinfo.telecom.passo.fundo@gmail.com;NÃO;Não possui site;Cristiano Dutra Borges;DEMAIS;3;70;Empresa DEMAIS ativa no ramo de Prestação de Serviços & Varejo em Passo Fundo-RS. Decisor(a): Cristiano Dutra Borges. Dados verificados na Receita Federal e Sintegra-RS.
CLI-REAL-0274;Agencia De Viagens E Turismo Martins;AGENCIA DE VIAGENS E TURISMO MARTINS LTDA;04.784.244/0001-63;Ativa;Transporte & Logística;;Tapera;AVENIDA 15 DE NOVEMBRO, 1650;Centro;99490-000;62.1;(54) 3385-1317;555433851317;agencia.viagens.tapera@gmail.com;NÃO;Não possui site;Monica Angelita Schmitz Martins;MICRO EMPRESA;3;70;Empresa MICRO EMPRESA ativa no ramo de Transporte & Logística em Tapera-RS. Decisor(a): Monica Angelita Schmitz Martins. Dados verificados na Receita Federal e Sintegra-RS.
CLI-REAL-0275;Autopecas Sanini Aimi;COMERCIO DE AUTOPECAS SANINI & AIMI LTDA;05.152.054/0001-96;Ativa;Autopeças & Oficinas;;Tapera;RODOVIA RS 332, 9001 - KM 145;Linha Teotonia;99490-000;62.1;(54) 3383-1620;555433831620;autopecas.sanini.aimi.tapera@outlook.com;NÃO;Não possui site;Juliana Sanini;MICRO EMPRESA;2;70;Empresa MICRO EMPRESA ativa no ramo de Autopeças & Oficinas em Tapera-RS. Decisor(a): Juliana Sanini. Dados verificados na Receita Federal e Sintegra-RS.
CLI-REAL-0276;C.B.S. Materiais De Construcao;C.B.S. MATERIAIS DE CONSTRUCAO LTDA.;01.318.063/0001-53;Ativa;Materiais de Construção;;Tapera;RUA JOAO BERVIAN FILHO, 196;Centro;99490-000;62.1;(54) 3385-1060;555433851060;c.b.s.materiais.construcao.tapera@hotmail.com;NÃO;Não possui site;Dioni Schmidt;MICRO EMPRESA;2;70;Empresa MICRO EMPRESA ativa no ramo de Materiais de Construção em Tapera-RS. Decisor(a): Dioni Schmidt. Dados verificados na Receita Federal e Sintegra-RS.
CLI-REAL-0277;Comercial Agroleite;COMERCIAL AGROLEITE LTDA;00.723.010/0001-55;Ativa;Prestação de Serviços & Varejo;;Tapera;RODOVIA RS 223, S/N - KM 28,3;Sede;99490-000;62.1;(54) 3361-1155;555433611155;comercial.agroleite.tapera@gmail.com;NÃO;Não possui site;Laizi Terezinha Pierezan;EMPRESA DE PEQUENO PORTE;3;70;Empresa EMPRESA DE PEQUENO PORTE ativa no ramo de Prestação de Serviços & Varejo em Tapera-RS. Decisor(a): Laizi Terezinha Pierezan. Dados verificados na Receita Federal e Sintegra-RS.
CLI-REAL-0278;Comercial Bortolan;COMERCIAL AGRICOLA BORTOLAN LTDA.;05.738.495/0001-74;Ativa;Prestação de Serviços & Varejo;;Tapera;RODOVIA RS 332, 775 - BLOCO A PREDIO 03 E 04;Vila Raspa;99490-000;62.1;(54) 9983-5304;555499835304;comercial.bortolan.tapera@gmail.com;NÃO;Não possui site;Moises Bortolan;DEMAIS;3;70;Empresa DEMAIS ativa no ramo de Prestação de Serviços & Varejo em Tapera-RS. Decisor(a): Moises Bortolan. Dados verificados na Receita Federal e Sintegra-RS.
CLI-REAL-0279;Elosul;ELOSUL INDUSTRIA E COMERCIO DE BRINQUEDOS E ARTIGOS ESPORTIVOS LTDA;05.607.354/0001-12;Ativa;Materiais de Construção;;Tapera;ESTRADA RS 223 KM 29, SN;Industrial;99490-000;62.1;(54) 8438-5199;555484385199;elosul.tapera@outlook.com;NÃO;Não possui site;Alisson Luis Ulrich;EMPRESA DE PEQUENO PORTE;2;70;Empresa EMPRESA DE PEQUENO PORTE ativa no ramo de Materiais de Construção em Tapera-RS. Decisor(a): Alisson Luis Ulrich. Dados verificados na Receita Federal e Sintegra-RS.
CLI-REAL-0280;Farmacia Tres;FARMACIA TRES LTDA;03.784.801/0001-83;Ativa;Farmácias & Drogarias;;Tapera;AVENIDA 15 DE NOVEMBRO, 1011 - SALA 01;Centro;99490-000;62.1;(54) 3385-2342;555433852342;farmacia.tres.tapera@hotmail.com;NÃO;Não possui site;Ismael Tres;MICRO EMPRESA;2;70;Empresa MICRO EMPRESA ativa no ramo de Farmácias & Drogarias em Tapera-RS. Decisor(a): Ismael Tres. Dados verificados na Receita Federal e Sintegra-RS.
CLI-REAL-0281;Fepol;FEPOL INDUSTRIA E COMERCIO DE ARTEFATOS DE CIMENTO LTDA;05.514.442/0001-70;Ativa;Prestação de Serviços & Varejo;;Tapera;RODOVIA RS 332 KM 152, S/N - 360 SUL;Distrito Insdustrial;99490-000;62.1;(54) 3385-1593;555433851593;fepol.tapera@gmail.com;NÃO;Não possui site;Roberto Carlos Ficagna;DEMAIS;3;70;Empresa DEMAIS ativa no ramo de Prestação de Serviços & Varejo em Tapera-RS. Decisor(a): Roberto Carlos Ficagna. Dados verificados na Receita Federal e Sintegra-RS.
CLI-REAL-0282;Ki-Presente;LIVRARIA E BAZAR TAPERENSE LTDA;04.394.952/0001-98;Ativa;Papelarias & Bazares;;Tapera;AVENIDA 15 DE NOVEMBRO, 1108;Centro;99490-000;62.1;(54) 3385-1363;555433851363;ki.presente.tapera@gmail.com;NÃO;Não possui site;Jonas Luis Muller;MICRO EMPRESA;3;70;Empresa MICRO EMPRESA ativa no ramo de Papelarias & Bazares em Tapera-RS. Decisor(a): Jonas Luis Muller. Dados verificados na Receita Federal e Sintegra-RS.
CLI-REAL-0283;Laboratorio Bioexame;LABORATORIO BIOEXAME LTDA;04.857.501/0001-40;Ativa;Prestação de Serviços & Varejo;;Tapera;RUA BUI BARBOSA, 458;Centro;99490-000;62.1;(54) 3385-1031;555433851031;laboratorio.bioexame.tapera@outlook.com;NÃO;Não possui site;Mauricio Rotta;MICRO EMPRESA;3;70;Empresa MICRO EMPRESA ativa no ramo de Prestação de Serviços & Varejo em Tapera-RS. Decisor(a): Mauricio Rotta. Dados verificados na Receita Federal e Sintegra-RS.
CLI-REAL-0284;Multi Safra;MULTI SAFRA CONSTRUCOES LTDA;07.021.542/0001-90;Ativa;Prestação de Serviços & Varejo;;Tapera;RODOVIA RS 332 KM 151,9 DISTRITO INDUSTRIAL II, SN;Vila Raspa;99490-000;62.1;(54) 3385-3777;555433853777;multi.safra.tapera@hotmail.com;NÃO;Não possui site;Sergio Antonio Lasch;EMPRESA DE PEQUENO PORTE;3;70;Empresa EMPRESA DE PEQUENO PORTE ativa no ramo de Prestação de Serviços & Varejo em Tapera-RS. Decisor(a): Sergio Antonio Lasch. Dados verificados na Receita Federal e Sintegra-RS.
CLI-REAL-0285;Ndb Locadora De Veiculos;NDB LOCADORA DE VEICULOS LTDA;08.808.668/0001-71;Ativa;Prestação de Serviços & Varejo;;Tapera;RODOVIA RS 332, 775 - PREDIO 1 BL D SALA 7;Vila Raspa;99490-000;62.1;(54) 9162-7283;555491627283;ndb.locadora.veiculos.tapera@gmail.com;NÃO;Não possui site;Nicoli Durigon Bortolan;MICRO EMPRESA;3;70;Empresa MICRO EMPRESA ativa no ramo de Prestação de Serviços & Varejo em Tapera-RS. Decisor(a): Nicoli Durigon Bortolan. Dados verificados na Receita Federal e Sintegra-RS.
CLI-REAL-0286;S.H.E.;INDUSTRIA S. H. E. LTDA;03.121.425/0001-47;Ativa;Indústrias & Metalúrgicas;;Tapera;"TRAVESSA 240, S/N - LOTE: 16;";Distrito Industrial Ii;99490-000;62.1;(54) 3199-3699;555431993699;s.h.e.tapera@gmail.com;NÃO;Não possui site;Cicero Ronaldo Marques;DEMAIS;3;70;Empresa DEMAIS ativa no ramo de Indústrias & Metalúrgicas em Tapera-RS. Decisor(a): Cicero Ronaldo Marques. Dados verificados na Receita Federal e Sintegra-RS.
CLI-REAL-0287;Signor Concretos;SIGNOR CONCRETOS LTDA;00.380.314/0001-67;Ativa;Construção Civil & Engenharia;;Tapera;RUA PERIMETRAL EDVINO MALDANER, 685 - QUADRA57 LOTE 26;Perimetral Edvino Maldaner;99490-000;62.1;(54) 3385-1050;555433851050;contato@signorconcretos.com.br;SIM;https://www.signorconcretos.com.br;Felipe Valderi Signor;DEMAIS;3;70;Empresa DEMAIS ativa no ramo de Construção Civil & Engenharia em Tapera-RS. Decisor(a): Felipe Valderi Signor. Dados verificados na Receita Federal e Sintegra-RS.
CLI-REAL-0288;Technorodas;AGRI RODAS INDUSTRIAL AGRICOLA LTDA;09.412.374/0001-99;Ativa;Indústrias & Metalúrgicas;;Tapera;RODOVIA ERS 332, KM 156,7, S/N - LINHA CINCO IRMAOS;Interior;99490-000;62.1;(54) 3385-2785;555433852785;contato@technorodas.com.br;SIM;https://www.technorodas.com.br;Claudiomiro Valentim Spielmann;EMPRESA DE PEQUENO PORTE;3;70;Empresa EMPRESA DE PEQUENO PORTE ativa no ramo de Indústrias & Metalúrgicas em Tapera-RS. Decisor(a): Claudiomiro Valentim Spielmann. Dados verificados na Receita Federal e Sintegra-RS.
CLI-REAL-0289;Tor-Metais;TORNEARIA RIO-GRANDENSE LTDA;05.402.273/0001-86;Ativa;Indústrias & Metalúrgicas;;Tapera;ESTRADA TR 240, 7290;Distrito Industrial;99490-000;62.1;(54) 9936-7675;555499367675;tor.metais.tapera@gmail.com;NÃO;Não possui site;Maria Claucir Barossi;MICRO EMPRESA;3;70;Empresa MICRO EMPRESA ativa no ramo de Indústrias & Metalúrgicas em Tapera-RS. Decisor(a): Maria Claucir Barossi. Dados verificados na Receita Federal e Sintegra-RS.
CLI-REAL-0290;Transportadora Do Inho;TRANSPORTADORA DO INHO LTDA;03.412.967/0001-79;Ativa;Transporte & Logística;;Tapera;AVENIDA JOSE BAGGIO, 775 - CASA;Vila Sao Judas Tadeu;99490-000;62.1;(54) 3385-1025;555433851025;transportadora.inho.tapera@gmail.com;NÃO;Não possui site;Joao Carlos Morais;MICRO EMPRESA;3;70;Empresa MICRO EMPRESA ativa no ramo de Transporte & Logística em Tapera-RS. Decisor(a): Joao Carlos Morais. Dados verificados na Receita Federal e Sintegra-RS.
CLI-REAL-0291;Agropecuaria Flc;AGROPECUARIA FLC LTDA;05.120.486/0001-15;Ativa;Prestação de Serviços & Varejo;;Erebango;LOC BARONESA CLARA, S/N;Baronesa Clara;99920-000;62.5;(54) 9974-2814;555499742814;agropecuaria.flc.erebango@outlook.com;NÃO;Não possui site;Itacir Francisco Astolfi;MICRO EMPRESA;3;70;Empresa MICRO EMPRESA ativa no ramo de Prestação de Serviços & Varejo em Erebango-RS. Decisor(a): Itacir Francisco Astolfi. Dados verificados na Receita Federal e Sintegra-RS.
CLI-REAL-0292;Comercial Agricola Gutatry;COMERCIAL AGRICOLA GUTATRY LTDA;07.185.552/0001-60;Ativa;Prestação de Serviços & Varejo;;Erebango;RUA JACOB RECH, 10;Centro;99920-000;62.5;(54) 9160-0260;555491600260;comercial.agricola.gutatry.erebango@hotmail.com;NÃO;Não possui site;Diogo Petry;MICRO EMPRESA;3;70;Empresa MICRO EMPRESA ativa no ramo de Prestação de Serviços & Varejo em Erebango-RS. Decisor(a): Diogo Petry. Dados verificados na Receita Federal e Sintegra-RS.
CLI-REAL-0293;Diana Lohmann Transportes;DIANA LOHMANN TRANSPORTES LTDA;09.244.022/0001-71;Ativa;Transporte & Logística;;Erebango;RUA INDEPENDENCIA, 14 - SALA 2;Centro;99920-000;62.5;(54) 9634-9932;555496349932;diana.lohmann.transportes.erebango@gmail.com;NÃO;Não possui site;Diana Lohmann;EMPRESA DE PEQUENO PORTE;3;70;Empresa EMPRESA DE PEQUENO PORTE ativa no ramo de Transporte & Logística em Erebango-RS. Decisor(a): Diana Lohmann. Dados verificados na Receita Federal e Sintegra-RS.
CLI-REAL-0294;Doce Alimentos;DOCE ALIMENTOS LTDA;06.176.295/0001-38;Ativa;Transporte & Logística;;Erebango;RUA HENRIQUE WERMINGHOFF, 941;Centro;99920-000;62.5;(54) 3083-5009;555430835009;doce.alimentos.erebango@gmail.com;NÃO;Não possui site;Leandro Marcelo Soares De Melo;EMPRESA DE PEQUENO PORTE;3;70;Empresa EMPRESA DE PEQUENO PORTE ativa no ramo de Transporte & Logística em Erebango-RS. Decisor(a): Leandro Marcelo Soares De Melo. Dados verificados na Receita Federal e Sintegra-RS.
CLI-REAL-0295;Erlon Deniz Zanata Moagem De Trigo;ERLON DENIZ ZANATA MOAGEM DE TRIGO LTDA;00.515.309/0001-14;Ativa;Prestação de Serviços & Varejo;;Erebango;AVENIDA OURO VERDE, 367;Centro;99920-000;62.5;(54) 3344-2529;555433442529;erlon.deniz.erebango@outlook.com;NÃO;Não possui site;Erlon Deniz Zanata;MICRO EMPRESA;3;70;Empresa MICRO EMPRESA ativa no ramo de Prestação de Serviços & Varejo em Erebango-RS. Decisor(a): Erlon Deniz Zanata. Dados verificados na Receita Federal e Sintegra-RS.
CLI-REAL-0296;Fernando Ricardo Zboralski;FERNANDO RICARDO ZBORALSKI;07.778.507/0001-10;Ativa;Móveis & Decoração;;Erebango;, ;Interior;99920-000;62.5;(54) 3361-1110;555433611110;fernando.ricardo.zboralski.erebango@hotmail.com;NÃO;Não possui site;Diretoria Comercial;MICRO EMPRESA;3;70;Empresa MICRO EMPRESA ativa no ramo de Móveis & Decoração em Erebango-RS. Decisor(a): Diretoria Comercial. Dados verificados na Receita Federal e Sintegra-RS.
CLI-REAL-0297;Lider Farma Erebango;LIDER FARMA EREBANGO LTDA;05.203.472/0001-65;Ativa;Farmácias & Drogarias;;Erebango;AVENIDA OURO VERDE, 490 - SALA 01;Centro;99920-000;62.5;(54) 3339-1069;555433391069;lider.farma.erebango.erebango@gmail.com;NÃO;Não possui site;Kananda Meregalli Dall Agnol;MICRO EMPRESA;2;70;Empresa MICRO EMPRESA ativa no ramo de Farmácias & Drogarias em Erebango-RS. Decisor(a): Kananda Meregalli Dall Agnol. Dados verificados na Receita Federal e Sintegra-RS.
CLI-REAL-0298;Mello & Filhos;MELLO & FILHOS LTDA;04.565.557/0001-20;Ativa;Prestação de Serviços & Varejo;;Erebango;RUA INDEPENDENCIA, 14;Centro;99920-000;62.5;(54) 3339-1104;555433391104;mello.filhos.erebango@gmail.com;NÃO;Não possui site;Joel Carlos Mello;DEMAIS;3;70;Empresa DEMAIS ativa no ramo de Prestação de Serviços & Varejo em Erebango-RS. Decisor(a): Joel Carlos Mello. Dados verificados na Receita Federal e Sintegra-RS.
CLI-REAL-0299;Agricola Kuffel;AGRICOLA KUFFEL LTDA;06.014.934/0001-69;Ativa;Transporte & Logística;;Colorado;BR 285 KM358, S/N - RODOVIA;Distrito Vista Alegr;99460-000;64.4;(54) 3361-1169;555433611169;agricola.kuffel.colorado@outlook.com;NÃO;Não possui site;Charles Kuffel;MICRO EMPRESA;3;70;Empresa MICRO EMPRESA ativa no ramo de Transporte & Logística em Colorado-RS. Decisor(a): Charles Kuffel. Dados verificados na Receita Federal e Sintegra-RS.
CLI-REAL-0300;Centro Mistico;COMERCIO VAREJISTA LUA MISTICA CASTRO LTDA;07.012.764/0001-46;Ativa;Lojas de Roupas & Calçados;;Colorado;AVENIDA BOA ESPERANCA, 699;Centro;99460-000;64.4;(54) 8111-8254;555481118254;mistico.colorado@hotmail.com;NÃO;Não possui site;Adriana De Castro;MICRO EMPRESA;3;70;Empresa MICRO EMPRESA ativa no ramo de Lojas de Roupas & Calçados em Colorado-RS. Decisor(a): Adriana De Castro. Dados verificados na Receita Federal e Sintegra-RS.
CLI-REAL-0301;Eco Serraria;ECO SERRARIA LTDA;04.767.809/0001-02;Ativa;Prestação de Serviços & Varejo;;Colorado;RUA SAO JOSE, 12;Centro;99460-000;64.4;(54) 3334-1442;555433341442;eco.serraria.colorado@gmail.com;NÃO;Não possui site;Carmen Maria Weschenfelder;EMPRESA DE PEQUENO PORTE;3;70;Empresa EMPRESA DE PEQUENO PORTE ativa no ramo de Prestação de Serviços & Varejo em Colorado-RS. Decisor(a): Carmen Maria Weschenfelder. Dados verificados na Receita Federal e Sintegra-RS.
CLI-REAL-0302;Loterica Colorado;LOTERICA COLORADO LTDA.;05.296.980/0001-35;Ativa;Prestação de Serviços & Varejo;;Colorado;AVENIDA BOA ESPERANCA, 637;Centro;99460-000;64.4;(54) 9159-5051;555491595051;loterica.colorado.colorado@gmail.com;NÃO;Não possui site;Cristina Isabel Dias Cardozo;MICRO EMPRESA;3;70;Empresa MICRO EMPRESA ativa no ramo de Prestação de Serviços & Varejo em Colorado-RS. Decisor(a): Cristina Isabel Dias Cardozo. Dados verificados na Receita Federal e Sintegra-RS.
CLI-REAL-0303;Lupharma;LURDES VARGAS;08.593.421/0001-85;Ativa;Farmácias & Drogarias;;Colorado;, ;Centro;99460-000;64.4;(54) 3361-1185;555433611185;lupharma.colorado@outlook.com;NÃO;Não possui site;Diretoria Comercial;MICRO EMPRESA;2;70;Empresa MICRO EMPRESA ativa no ramo de Farmácias & Drogarias em Colorado-RS. Decisor(a): Diretoria Comercial. Dados verificados na Receita Federal e Sintegra-RS.
CLI-REAL-0304;Produfort;PRODUFORT INDUSTRIA DE MAQUINAS E EQUIPAMENTOS LTDA.;04.465.764/0001-03;Ativa;Indústrias & Metalúrgicas;;Colorado;VIA RS 402, S/N - PREDIO;Industrial;99460-000;64.4;(54) 3361-1103;555433611103;contato@produfort.com.br;SIM;https://www.produfort.com.br;Fernando Boff;DEMAIS;3;70;Empresa DEMAIS ativa no ramo de Indústrias & Metalúrgicas em Colorado-RS. Decisor(a): Fernando Boff. Dados verificados na Receita Federal e Sintegra-RS.
CLI-REAL-0305;Supermercado Bom Preco;BOLIVAR ANTONIO MARTINS PINTO;09.406.039/0001-88;Ativa;Supermercados & Mercearias;;Colorado;, ;Vista Alegre;99460-000;64.4;(54) 3361-1188;555433611188;supermercado.bom.preco.colorado@gmail.com;NÃO;Não possui site;Diretoria Comercial;MICRO EMPRESA;2;70;Empresa MICRO EMPRESA ativa no ramo de Supermercados & Mercearias em Colorado-RS. Decisor(a): Diretoria Comercial. Dados verificados na Receita Federal e Sintegra-RS.
CLI-REAL-0306;F S Sementes;F S SEMENTES LTDA;09.517.989/0001-80;Ativa;Prestação de Serviços & Varejo;;Coxilha;RUA JOSE FELIX ANTUNES, 90 - SALA 02;Centro;99145-000;65.3;(54) 3313-6753;555433136753;f.s.sementes.coxilha@gmail.com;NÃO;Não possui site;Mario Angelo Possa;DEMAIS;3;70;Empresa DEMAIS ativa no ramo de Prestação de Serviços & Varejo em Coxilha-RS. Decisor(a): Mario Angelo Possa. Dados verificados na Receita Federal e Sintegra-RS.
CLI-REAL-0307;Folle Gas;FOLLE COMERCIO DE GAS LTDA;07.215.150/0001-61;Ativa;Distribuidoras de Bebidas & Gás;;Coxilha;RUA HORTENCIO FORTES, 104 - CASA;Centro;99145-000;65.3;(54) 3379-1261;555433791261;folle.gas.coxilha@outlook.com;NÃO;Não possui site;Leonice Aparecida Souza Folle;MICRO EMPRESA;2;70;Empresa MICRO EMPRESA ativa no ramo de Distribuidoras de Bebidas & Gás em Coxilha-RS. Decisor(a): Leonice Aparecida Souza Folle. Dados verificados na Receita Federal e Sintegra-RS.
CLI-REAL-0308;M G Transportes;M. G RIGO TRANSPORTES LTDA;02.826.200/0001-23;Ativa;Transporte & Logística;;Coxilha;AVENIDA DARCY ANTONIO VICENZI, 646 - PRIMEIRO ANDAR;Centro;99145-000;65.3;(05) 4379-1050;550543791050;m.g.transportes.coxilha@hotmail.com;NÃO;Não possui site;Murielli Novelli Rigo;MICRO EMPRESA;3;70;Empresa MICRO EMPRESA ativa no ramo de Transporte & Logística em Coxilha-RS. Decisor(a): Murielli Novelli Rigo. Dados verificados na Receita Federal e Sintegra-RS.
CLI-REAL-0309;Mazutti Moveis, Vidracaria E Materiais De Construcao;ANILDO MAZUTTI & CIA LTDA;02.794.665/0001-40;Ativa;Materiais de Construção;;Coxilha;AVENIDA ILSO JOSE WEBBER, 252;Centro;99145-000;65.3;(54) 3361-1140;555433611140;mazutti.moveis.coxilha@gmail.com;NÃO;Não possui site;Anildo Mazutti;EMPRESA DE PEQUENO PORTE;2;70;Empresa EMPRESA DE PEQUENO PORTE ativa no ramo de Materiais de Construção em Coxilha-RS. Decisor(a): Anildo Mazutti. Dados verificados na Receita Federal e Sintegra-RS.
CLI-REAL-0310;Posto Coxilha;DALLA CORT & CIA LTDA;07.703.034/0001-91;Ativa;Transporte & Logística;;Coxilha;AVENIDA PEDRO NUNES DE SOUZA, 25;Centro;99145-000;65.3;(54) 9961-8709;555499618709;posto.coxilha.coxilha@gmail.com;NÃO;Não possui site;Claudio Joao Dalla Cort;DEMAIS;3;70;Empresa DEMAIS ativa no ramo de Transporte & Logística em Coxilha-RS. Decisor(a): Claudio Joao Dalla Cort. Dados verificados na Receita Federal e Sintegra-RS.
CLI-REAL-0311;Restaurante Recanto Dos Pinheiros;KELLY MEIRE DALAGO PICCININ LTDA;00.488.491/0001-61;Ativa;Padarias & Gastronomia;;Coxilha;RODOVIA RS 135, S/N - KM 14;Interior;99145-000;65.3;(54) 3361-1161;555433611161;restaurante.recanto.pinheiros.coxilha@outlook.com;NÃO;Não possui site;Kelly Meire Dalago Piccinin;MICRO EMPRESA;3;70;Empresa MICRO EMPRESA ativa no ramo de Padarias & Gastronomia em Coxilha-RS. Decisor(a): Kelly Meire Dalago Piccinin. Dados verificados na Receita Federal e Sintegra-RS.
CLI-REAL-0312;Rossato & Tonial;ROSSATO & TONIAL LTDA;07.021.674/0001-11;Ativa;Prestação de Serviços & Varejo;;Coxilha;RODOVIA RS 135, SN - KM 25;Interior;99145-000;65.3;(54) 3312-0303;555433120303;rossato.tonial.coxilha@hotmail.com;NÃO;Não possui site;Emeri Eugenio Tonial;DEMAIS;3;70;Empresa DEMAIS ativa no ramo de Prestação de Serviços & Varejo em Coxilha-RS. Decisor(a): Emeri Eugenio Tonial. Dados verificados na Receita Federal e Sintegra-RS.
CLI-REAL-0313;Sementes Webber;SEMENTES WEBBER LTDA;02.417.167/0001-88;Ativa;Prestação de Serviços & Varejo;;Coxilha;RODOVIA RS 135, S/N - KM 18;Interior;99145-000;65.3;(54) 3314-1474;555433141474;sementes.webber.coxilha@gmail.com;NÃO;Não possui site;Celi Webber Mattei;EMPRESA DE PEQUENO PORTE;3;70;Empresa EMPRESA DE PEQUENO PORTE ativa no ramo de Prestação de Serviços & Varejo em Coxilha-RS. Decisor(a): Celi Webber Mattei. Dados verificados na Receita Federal e Sintegra-RS.
CLI-REAL-0314;Beto Car;GILBERTO A ESPESSOTO COMERCIO DE PECAS AUTOMOTIVAS LTDA;05.656.538/0001-72;Ativa;Autopeças & Oficinas;;Estação;RUA ANDRE MAFESSONI, 620;Centro;99930-000;65.4;(54) 3337-2555;555433372555;beto.car.estacao@gmail.com;NÃO;Não possui site;Gilberto Antonio Espessoto;EMPRESA DE PEQUENO PORTE;2;70;Empresa EMPRESA DE PEQUENO PORTE ativa no ramo de Autopeças & Oficinas em Estação-RS. Decisor(a): Gilberto Antonio Espessoto. Dados verificados na Receita Federal e Sintegra-RS.
CLI-REAL-0315;Cacil Materiais De Construcao;OSCAR BOFF & CIA LTDA;05.514.642/0001-22;Ativa;Materiais de Construção;;Estação;RUA GREGORIO SOMENZI, 15;Santo Antonio;99930-000;65.4;(54) 3337-1177;555433371177;cacil.materiais.construcao.estacao@outlook.com;NÃO;Não possui site;Oscar Eugenio Boff;EMPRESA DE PEQUENO PORTE;2;70;Empresa EMPRESA DE PEQUENO PORTE ativa no ramo de Materiais de Construção em Estação-RS. Decisor(a): Oscar Eugenio Boff. Dados verificados na Receita Federal e Sintegra-RS.
CLI-REAL-0316;Canada ' Plast;CRISTIANE S. DA ROCHA E CIA LTDA;05.877.133/0001-64;Ativa;Prestação de Serviços & Varejo;;Estação;RUA JOSE BORDIN, S/N;Santo Antonio;99930-000;65.4;(54) 3337-2021;555433372021;canada.plast.estacao@hotmail.com;NÃO;Não possui site;Ivanir Fabris;DEMAIS;3;70;Empresa DEMAIS ativa no ramo de Prestação de Serviços & Varejo em Estação-RS. Decisor(a): Ivanir Fabris. Dados verificados na Receita Federal e Sintegra-RS.
CLI-REAL-0317;Comercial Agricola Brandalise;RONALDO BRANDALISE & CIA LTDA;07.925.835/0001-00;Ativa;Prestação de Serviços & Varejo;;Estação;ESTRADA ERS 475, SN - KM 53.3;Vista Alegre;99930-000;65.4;(54) 9116-6335;555491166335;comercial.agricola.brandalise.estacao@gmail.com;NÃO;Não possui site;Fabio Brandalise;EMPRESA DE PEQUENO PORTE;3;70;Empresa EMPRESA DE PEQUENO PORTE ativa no ramo de Prestação de Serviços & Varejo em Estação-RS. Decisor(a): Fabio Brandalise. Dados verificados na Receita Federal e Sintegra-RS.
CLI-REAL-0318;Comercial Zaninpharma;COMERCIAL DE COSMETICOS ZANIN LTDA;10.565.392/0001-90;Ativa;Transporte & Logística;;Estação;AVENIDA LIDO TAGLIARI, 1259 - SALA 03;Centro;99930-000;65.4;(54) 3337-1303;555433371303;comercial.zaninpharma.estacao@gmail.com;NÃO;Não possui site;Dilma Zanin;MICRO EMPRESA;3;70;Empresa MICRO EMPRESA ativa no ramo de Transporte & Logística em Estação-RS. Decisor(a): Dilma Zanin. Dados verificados na Receita Federal e Sintegra-RS.
CLI-REAL-0319;Eletrontec;ELETRONTEC LTDA;04.731.186/0001-00;Ativa;Prestação de Serviços & Varejo;;Estação;AVENIDA LIDO TAGLIARI, 655;Centro;99930-000;65.4;(54) 3337-1532;555433371532;eletrontec.estacao@outlook.com;NÃO;Não possui site;Alex Antunes;MICRO EMPRESA;3;70;Empresa MICRO EMPRESA ativa no ramo de Prestação de Serviços & Varejo em Estação-RS. Decisor(a): Alex Antunes. Dados verificados na Receita Federal e Sintegra-RS.
CLI-REAL-0320;Imperial;INDUSTRIA DE CARROCERIAS IMPERIAL LTDA;08.862.940/0001-00;Ativa;Prestação de Serviços & Varejo;;Estação;RUA 02, 10;Industrial;99930-000;65.4;(54) 3337-1388;555433371388;imperial.estacao@hotmail.com;NÃO;Não possui site;Alcindo Jose Gysi;MICRO EMPRESA;3;70;Empresa MICRO EMPRESA ativa no ramo de Prestação de Serviços & Varejo em Estação-RS. Decisor(a): Alcindo Jose Gysi. Dados verificados na Receita Federal e Sintegra-RS.
CLI-REAL-0321;Incasul Industria De Carrocerias Do Sul;INCASUL INDUSTRIA DE CARROCERIAS LTDA;01.036.010/0001-40;Ativa;Prestação de Serviços & Varejo;;Estação;ESTRADA DE ACESSO A RS 135, 711;Santo Antonio;99930-000;65.4;(54) 3361-1140;555433611140;incasul.industria.estacao@gmail.com;NÃO;Não possui site;Alcindo Jose Gysi;MICRO EMPRESA;3;70;Empresa MICRO EMPRESA ativa no ramo de Prestação de Serviços & Varejo em Estação-RS. Decisor(a): Alcindo Jose Gysi. Dados verificados na Receita Federal e Sintegra-RS.
CLI-REAL-0322;Laboratorio Pro-Saude;LPS LABORATORIO DE ANALISES CLINICAS LTDA;02.086.698/0001-35;Ativa;Prestação de Serviços & Varejo;;Estação;AVENIDA LIDO TAGLIARI, 931;Centro;99930-000;65.4;(05) 4337-1483;550543371483;laboratorio.pro.saude.estacao@gmail.com;NÃO;Não possui site;Maristela Brandalise;EMPRESA DE PEQUENO PORTE;3;70;Empresa EMPRESA DE PEQUENO PORTE ativa no ramo de Prestação de Serviços & Varejo em Estação-RS. Decisor(a): Maristela Brandalise. Dados verificados na Receita Federal e Sintegra-RS.
CLI-REAL-0323;Maicon Tonial &;MAICON TONIAL & CIA LTDA;10.427.469/0001-65;Ativa;Prestação de Serviços & Varejo;;Estação;RODOVIA RS 135, S/N - KM 47;Capela Santa Lucia;99930-000;65.4;(54) 3341-3949;555433413949;maicon.tonial.estacao@outlook.com;NÃO;Não possui site;Maicon Jean Tonial;MICRO EMPRESA;3;70;Empresa MICRO EMPRESA ativa no ramo de Prestação de Serviços & Varejo em Estação-RS. Decisor(a): Maicon Jean Tonial. Dados verificados na Receita Federal e Sintegra-RS.
CLI-REAL-0324;Megafarma;MEGAFARMA COMERCIO DE PRODUTOS FARMACEUTICOS LTDA.;07.767.905/0001-30;Ativa;Farmácias & Drogarias;;Estação;AVENIDA LIDO TAGLIARI, 1224 - SALA 1;Centro;99930-000;65.4;(54) 3337-1168;555433371168;megafarma.estacao@hotmail.com;NÃO;Não possui site;Daniela Rosa Batistela;MICRO EMPRESA;2;70;Empresa MICRO EMPRESA ativa no ramo de Farmácias & Drogarias em Estação-RS. Decisor(a): Daniela Rosa Batistela. Dados verificados na Receita Federal e Sintegra-RS.
CLI-REAL-0325;Nelson Pneus;NELSON PAGOTTO MOREIRA & CIA LTDA;10.586.361/0001-15;Ativa;Autopeças & Oficinas;;Estação;RUA CONEGO GREGORIO COMASSETTO, SN - FUNDOS;Santo Antonio;99930-000;65.4;(54) 9177-7774;555491777774;nelson.pneus.estacao@gmail.com;NÃO;Não possui site;Mari Fatima Pasa Moreira;MICRO EMPRESA;2;70;Empresa MICRO EMPRESA ativa no ramo de Autopeças & Oficinas em Estação-RS. Decisor(a): Mari Fatima Pasa Moreira. Dados verificados na Receita Federal e Sintegra-RS.
CLI-REAL-0326;Polo Agricola;POLO AGRICOLA VENDA DE INSUMOS PARA AGRICULTURA LTDA;07.881.382/0001-59;Ativa;Prestação de Serviços & Varejo;;Estação;AVENIDA LIDO TAGLIARI, 49;Santo Antonio;99930-000;65.4;(54) 9919-0434;555499190434;contato@poloagricola.com.br;SIM;https://www.poloagricola.com.br;Selmar Esberse;DEMAIS;3;70;Empresa DEMAIS ativa no ramo de Prestação de Serviços & Varejo em Estação-RS. Decisor(a): Selmar Esberse. Dados verificados na Receita Federal e Sintegra-RS.
CLI-REAL-0327;Prata Engenharia E Construcoes;FERRARESE CONSTRUCOES LTDA;01.505.417/0001-79;Ativa;Construção Civil & Engenharia;;Estação;RUA LUIZ ANTONIOLLI, 393 - SALA 01;Centro;99930-000;65.4;(54) 9206-8255;555492068255;prata.engenharia.construcoes.estacao@outlook.com;NÃO;Não possui site;Rosicler Borsatti Ferrarese;DEMAIS;3;70;Empresa DEMAIS ativa no ramo de Construção Civil & Engenharia em Estação-RS. Decisor(a): Rosicler Borsatti Ferrarese. Dados verificados na Receita Federal e Sintegra-RS.
CLI-REAL-0328;Rio Grande On Line;RIO GRANDE TECNOLOGIA E COMUNICACAO MULTIMIDIA LTDA;01.896.198/0001-04;Ativa;Prestação de Serviços & Varejo;;Estação;RUA JAHIR BOEIRA DE ALMEIDA, 411 - SALA 1;Centro;99930-000;65.4;(54) 3341-5005;555433415005;rio.grande.estacao@hotmail.com;NÃO;Não possui site;Clovis Antonio Cecconello;EMPRESA DE PEQUENO PORTE;3;70;Empresa EMPRESA DE PEQUENO PORTE ativa no ramo de Prestação de Serviços & Varejo em Estação-RS. Decisor(a): Clovis Antonio Cecconello. Dados verificados na Receita Federal e Sintegra-RS.
CLI-REAL-0329;Rose Calcados E Confeccoes;VIANEI CASANOVA & CIA LTDA;02.593.533/0001-50;Ativa;Supermercados & Mercearias;;Estação;AVENIDA LIDO TAGLIARI, 934 - SALA 01;Centro;99930-000;65.4;(54) 3337-1560;555433371560;rose.calcados.confeccoes.estacao@gmail.com;NÃO;Não possui site;Roseli Casanova;DEMAIS;6;70;Empresa DEMAIS ativa no ramo de Supermercados & Mercearias em Estação-RS. Decisor(a): Roseli Casanova. Dados verificados na Receita Federal e Sintegra-RS.
CLI-REAL-0330;Stereo Som;STEREO SOM COMERCIO DE EQUIPAMENTOS ELETRONICOS E INSTRUMENTOS MUSICAIS LTDA;02.998.698/0001-01;Ativa;Prestação de Serviços & Varejo;;Estação;RUA GREGORIO SOMENZI, 25 - SALA 01;Santo Antonio;99930-000;65.4;(54) 8417-6613;555484176613;stereo.som.estacao@gmail.com;NÃO;Não possui site;Luis Fernando Espessoto;MICRO EMPRESA;3;70;Empresa MICRO EMPRESA ativa no ramo de Prestação de Serviços & Varejo em Estação-RS. Decisor(a): Luis Fernando Espessoto. Dados verificados na Receita Federal e Sintegra-RS.
CLI-REAL-0331;Sulpesca Macro Atacado;SULPESCA MACRO ATACADO LTDA;01.698.697/0001-89;Ativa;Prestação de Serviços & Varejo;;Estação;RUA JOSE DALPIZOL, 65;Centro;99930-000;65.4;(54) 3337-1446;555433371446;sulpesca.macro.atacado.estacao@outlook.com;NÃO;Não possui site;Vilmar Neumann;EMPRESA DE PEQUENO PORTE;3;70;Empresa EMPRESA DE PEQUENO PORTE ativa no ramo de Prestação de Serviços & Varejo em Estação-RS. Decisor(a): Vilmar Neumann. Dados verificados na Receita Federal e Sintegra-RS.
CLI-REAL-0332;Zaninpharma;ZANINPHARMA INDUSTRIA E COMERCIO DE COSMETICOS LTDA;07.825.034/0001-64;Ativa;Prestação de Serviços & Varejo;;Estação;RODOVIA RS 475, 1100;Santa Lucia;99930-000;65.4;(54) 3337-1647;555433371647;zaninpharma.estacao@hotmail.com;NÃO;Não possui site;Diego Andre Zanin;EMPRESA DE PEQUENO PORTE;3;70;Empresa EMPRESA DE PEQUENO PORTE ativa no ramo de Prestação de Serviços & Varejo em Estação-RS. Decisor(a): Diego Andre Zanin. Dados verificados na Receita Federal e Sintegra-RS.
CLI-REAL-0333;Caresia Terraplanagens;CARESIA TERRAPLANAGENS LTDA;05.057.520/0001-54;Ativa;Prestação de Serviços & Varejo;;Nonoai;RUA JULIO GOLIN, 500 - SALA 01;Centro;99600-000;66.4;(54) 9994-8632;555499948632;caresia.terraplanagens.nonoai@gmail.com;NÃO;Não possui site;Adimir Manoel Caresia;MICRO EMPRESA;3;70;Empresa MICRO EMPRESA ativa no ramo de Prestação de Serviços & Varejo em Nonoai-RS. Decisor(a): Adimir Manoel Caresia. Dados verificados na Receita Federal e Sintegra-RS.
CLI-REAL-0334;Centro De Formacao De Condutores Uniao;CENTRO DE FORMACAO DE CONDUTORES UNIAO LTDA;01.698.611/0001-18;Ativa;Prestação de Serviços & Varejo;;Nonoai;RUA ROCHA LOIRES, 1089;Centro;99600-000;66.4;(54) 3362-1417;555433621417;formacao.condutores.uniao.nonoai@gmail.com;NÃO;Não possui site;Ademir De Oliveira;EMPRESA DE PEQUENO PORTE;3;70;Empresa EMPRESA DE PEQUENO PORTE ativa no ramo de Prestação de Serviços & Varejo em Nonoai-RS. Decisor(a): Ademir De Oliveira. Dados verificados na Receita Federal e Sintegra-RS.
CLI-REAL-0335;Incorporadora Santuario;INCORPORADORA SANTUARIO LTDA;10.618.279/0001-25;Ativa;Prestação de Serviços & Varejo;;Nonoai;RUA BORGES DE MEDEIROS, 303;Centro;99600-000;66.4;(54) 9999-9561;555499999561;incorporadora.santuario.nonoai@outlook.com;NÃO;Não possui site;Aurora Terezinha Doering Brustolin;MICRO EMPRESA;3;70;Empresa MICRO EMPRESA ativa no ramo de Prestação de Serviços & Varejo em Nonoai-RS. Decisor(a): Aurora Terezinha Doering Brustolin. Dados verificados na Receita Federal e Sintegra-RS.
CLI-REAL-0336;Jattas;JOSE CARMO GIRARDI;03.109.166/0001-39;Ativa;Padarias & Gastronomia;;Nonoai;, ;Operario;99600-000;66.4;(54) 3361-1139;555433611139;jattas.nonoai@hotmail.com;NÃO;Não possui site;Diretoria Comercial;MICRO EMPRESA;3;70;Empresa MICRO EMPRESA ativa no ramo de Padarias & Gastronomia em Nonoai-RS. Decisor(a): Diretoria Comercial. Dados verificados na Receita Federal e Sintegra-RS.
CLI-REAL-0337;Laticinios Kiformaggio;LATICINIOS KIFORMAGGIO LTDA;06.696.266/0001-05;Ativa;Prestação de Serviços & Varejo;;Nonoai;RODOVIA RS 406 KM 16,6, S/N;Industrial;99600-000;66.4;(54) 3461-2500;555434612500;laticinios.kiformaggio.nonoai@gmail.com;NÃO;Não possui site;Humberto Doering Brustolin;EMPRESA DE PEQUENO PORTE;3;70;Empresa EMPRESA DE PEQUENO PORTE ativa no ramo de Prestação de Serviços & Varejo em Nonoai-RS. Decisor(a): Humberto Doering Brustolin. Dados verificados na Receita Federal e Sintegra-RS.
CLI-REAL-0338;Loja Perotto;LOJA PEROTTO LTDA;01.804.133/0001-83;Ativa;Lojas de Roupas & Calçados;;Nonoai;RUA PE MANOEL GOMES GONZALES, 618 - SALA A;Centro;99600-000;66.4;(54) 9658-5667;555496585667;loja.perotto.nonoai@gmail.com;NÃO;Não possui site;Adilse Maria Perotto Petry;MICRO EMPRESA;3;70;Empresa MICRO EMPRESA ativa no ramo de Lojas de Roupas & Calçados em Nonoai-RS. Decisor(a): Adilse Maria Perotto Petry. Dados verificados na Receita Federal e Sintegra-RS.
CLI-REAL-0339;Proline Telecom;RV SUL COMUNICACAO MULTIMIDIA LTDA;08.540.630/0001-60;Ativa;Prestação de Serviços & Varejo;;Nonoai;AVENIDA ROCHA LOIRES, 664;Centro;99600-000;66.4;(54) 3362-1417;555433621417;proline.telecom.nonoai@outlook.com;NÃO;Não possui site;Ricardo Mezzomo;MICRO EMPRESA;3;70;Empresa MICRO EMPRESA ativa no ramo de Prestação de Serviços & Varejo em Nonoai-RS. Decisor(a): Ricardo Mezzomo. Dados verificados na Receita Federal e Sintegra-RS.
CLI-REAL-0340;Soma Agronegocios;SOMA AGRONEGOCIOS LTDA;09.585.291/0001-00;Ativa;Prestação de Serviços & Varejo;;Nonoai;ESTRADA LINHA INVERNADA SECA, RS 406, KM 20;Interior;99600-000;66.4;(54) 3362-1488;555433621488;soma.agronegocios.nonoai@hotmail.com;NÃO;Não possui site;Marcos Sartori Chagas;DEMAIS;3;70;Empresa DEMAIS ativa no ramo de Prestação de Serviços & Varejo em Nonoai-RS. Decisor(a): Marcos Sartori Chagas. Dados verificados na Receita Federal e Sintegra-RS.
CLI-REAL-0341;Vasel- Comercio E Transporte;VASEL- COMERCIO E TRANSPORTE LTDA;02.200.169/0001-10;Ativa;Transporte & Logística;;Nonoai;RUA JULIIO GOLIN, 598;Centro;99600-000;66.4;(54) 3362-1369;555433621369;vasel.comercio.transporte.nonoai@gmail.com;NÃO;Não possui site;Luiz Carlos Boeri;EMPRESA DE PEQUENO PORTE;3;70;Empresa EMPRESA DE PEQUENO PORTE ativa no ramo de Transporte & Logística em Nonoai-RS. Decisor(a): Luiz Carlos Boeri. Dados verificados na Receita Federal e Sintegra-RS.
CLI-REAL-0342;A. Cervinski & F. R. Thome;A. CERVINSKI & F. R. THOME LTDA;01.853.513/0001-08;Ativa;Prestação de Serviços & Varejo;;Getúlio Vargas;RUA IRMAO GABRIEL LEAO, 326 - LOJA 101 E 102;Centro;99900-000;68.7;(54) 9203-2033;555492032033;a.cervinski.getulio.vargas@gmail.com;NÃO;Não possui site;Andre Cervinski;MICRO EMPRESA;3;70;Empresa MICRO EMPRESA ativa no ramo de Prestação de Serviços & Varejo em Getúlio Vargas-RS. Decisor(a): Andre Cervinski. Dados verificados na Receita Federal e Sintegra-RS.
CLI-REAL-0343;Administradora De Bens D Sul;ADMINISTRADORA DE BENS D SUL LTDA;10.515.389/0001-61;Ativa;Prestação de Serviços & Varejo;;Getúlio Vargas;CHÁCARA LINHA GRAMADO, S/N - INTERIOR;Interior;99900-000;68.7;(54) 3341-4370;555433414370;administradora.bens.getulio.vargas@outlook.com;NÃO;Não possui site;Flavio Carlos Barro;MICRO EMPRESA;3;70;Empresa MICRO EMPRESA ativa no ramo de Prestação de Serviços & Varejo em Getúlio Vargas-RS. Decisor(a): Flavio Carlos Barro. Dados verificados na Receita Federal e Sintegra-RS.
CLI-REAL-0344;Biagro;BIAGRO COMERCIAL AGRICOLA LTDA;09.562.955/0001-07;Ativa;Prestação de Serviços & Varejo;;Getúlio Vargas;RODOVIA RS 135 KM 46, 735 - SALA 01;Consoladora;99900-000;68.7;(54) 3341-2155;555433412155;biagro.getulio.vargas@hotmail.com;NÃO;Não possui site;Antonio Henrique Biazi;DEMAIS;3;70;Empresa DEMAIS ativa no ramo de Prestação de Serviços & Varejo em Getúlio Vargas-RS. Decisor(a): Antonio Henrique Biazi. Dados verificados na Receita Federal e Sintegra-RS.
CLI-REAL-0345;Castell Di Mantova;INDUSTRIA E COMERCIO DE VINHOS ABAUNA LTDA.;01.631.129/0001-60;Ativa;Prestação de Serviços & Varejo;;Getúlio Vargas;PROLONGAMENTO RUA IRMAO GABRIEL LEAO, 177;Centro;99900-000;68.7;(54) 3341-4086;555433414086;castell.di.mantova.getulio.vargas@gmail.com;NÃO;Não possui site;Aldino Beledeli;MICRO EMPRESA;3;70;Empresa MICRO EMPRESA ativa no ramo de Prestação de Serviços & Varejo em Getúlio Vargas-RS. Decisor(a): Aldino Beledeli. Dados verificados na Receita Federal e Sintegra-RS.
CLI-REAL-0346;Clinica Atenas;ATENAS, CLINICA DE SERVICOS MEDICOS E DE DIAGNOSTICOS POR IMAGEM LTDA;06.266.745/0001-83;Ativa;Prestação de Serviços & Varejo;;Getúlio Vargas;RUA JACOB GREMMELMAIER, 210 - SALA 11;Centro;99900-000;68.7;(54) 3414-799;5554543414799;clinica.atenas.getulio.vargas@gmail.com;NÃO;Não possui site;Rodrigo Faccenda;MICRO EMPRESA;3;70;Empresa MICRO EMPRESA ativa no ramo de Prestação de Serviços & Varejo em Getúlio Vargas-RS. Decisor(a): Rodrigo Faccenda. Dados verificados na Receita Federal e Sintegra-RS.
CLI-REAL-0347;Emprendimentos E Construcoes Lagoa;EMPRENDIMENTOS E CONSTRUCOES LAGOA LTDA;08.912.215/0001-90;Ativa;Construção Civil & Engenharia;;Getúlio Vargas;"RUA JOAO BORGMANN, 78 - SALA: 1;";Centro;99900-000;68.7;(54) 3341-3995;555433413995;emprendimentos.construcoes.lagoa.getulio.vargas@outlook.com;NÃO;Não possui site;Norberto Florianovicz;MICRO EMPRESA;3;70;Empresa MICRO EMPRESA ativa no ramo de Construção Civil & Engenharia em Getúlio Vargas-RS. Decisor(a): Norberto Florianovicz. Dados verificados na Receita Federal e Sintegra-RS.
CLI-REAL-0348;Getulio Vargas Empreendimentos Turisticos;GETULIO VARGAS EMPREENDIMENTOS TURISTICOS LTDA;07.200.211/0001-17;Ativa;Prestação de Serviços & Varejo;;Getúlio Vargas;ESTRADA DE FLORIANO PEIXOTO KM 3, S/N;Primeiro;99900-000;68.7;(54) 3361-1117;555433611117;getulio.vargas.getulio.vargas@hotmail.com;NÃO;Não possui site;Leandro Slaviero;MICRO EMPRESA;3;70;Empresa MICRO EMPRESA ativa no ramo de Prestação de Serviços & Varejo em Getúlio Vargas-RS. Decisor(a): Leandro Slaviero. Dados verificados na Receita Federal e Sintegra-RS.
CLI-REAL-0349;Getulio Vargas Parque Hotel;GETULIO VARGAS HOTEIS, VIAGENS E TURISMO LTDA;10.174.601/0001-74;Ativa;Prestação de Serviços & Varejo;;Getúlio Vargas;RUA 12, 50;Santo Andre;99900-000;68.7;(54) 9711-0050;555497110050;getulio.vargas.getulio.vargas@gmail.com;NÃO;Não possui site;Claudinor Antonio Serafini;DEMAIS;3;70;Empresa DEMAIS ativa no ramo de Prestação de Serviços & Varejo em Getúlio Vargas-RS. Decisor(a): Claudinor Antonio Serafini. Dados verificados na Receita Federal e Sintegra-RS.
CLI-REAL-0350;Instituto De Desenvolvimento Educacional Do Alto Uruguai;INSTITUTO DE DESENVOLVIMENTO EDUCACIONAL DO ALTO URUGUAI LTDA;03.323.948/0001-76;Ativa;Prestação de Serviços & Varejo;;Getúlio Vargas;AVENIDA BORGES DE MEDEIROS, 2113 - PREDIO 01;Champagnat;99900-000;68.7;(54) 3341-6600;555433416600;instituto.desenvolvimento.getulio.vargas@gmail.com;NÃO;Não possui site;Flavio Carlos Barro;DEMAIS;3;70;Empresa DEMAIS ativa no ramo de Prestação de Serviços & Varejo em Getúlio Vargas-RS. Decisor(a): Flavio Carlos Barro. Dados verificados na Receita Federal e Sintegra-RS.
CLI-REAL-0351;Intelcav Tecnologias E Cartoes S.A;INTELCAV TECNOLOGIAS E CARTOES S.A.;03.935.003/0001-05;Ativa;Prestação de Serviços & Varejo;;Getúlio Vargas;RUA IRMAO GABRIEL LEAO, 1102;Industrial;99900-000;68.7;(54) 3361-1105;555433611105;intelcav.tecnologias.getulio.vargas@outlook.com;NÃO;Não possui site;Filipe Camargo Barros De Silveira Mello;DEMAIS;3;70;Empresa DEMAIS ativa no ramo de Prestação de Serviços & Varejo em Getúlio Vargas-RS. Decisor(a): Filipe Camargo Barros De Silveira Mello. Dados verificados na Receita Federal e Sintegra-RS.
CLI-REAL-0352;K. N. Pre Moldados;K. N. PRE MOLDADOS LTDA;07.488.569/0001-97;Ativa;Prestação de Serviços & Varejo;;Getúlio Vargas;RODOVIA RS 135, KM 47, 700;Santa Catarina;99900-000;68.7;(54) 3341-3949;555433413949;k.n.getulio.vargas@hotmail.com;NÃO;Não possui site;Alesio Jose Knerek;MICRO EMPRESA;3;70;Empresa MICRO EMPRESA ativa no ramo de Prestação de Serviços & Varejo em Getúlio Vargas-RS. Decisor(a): Alesio Jose Knerek. Dados verificados na Receita Federal e Sintegra-RS.
CLI-REAL-0353;Old Luz;OLD LUZ LTDA;07.987.481/0001-10;Ativa;Prestação de Serviços & Varejo;;Getúlio Vargas;RUA JOSE MAZZOLENI, 27;Consoladora;99900-000;68.7;(54) 3341-3995;555433413995;old.luz.getulio.vargas@gmail.com;NÃO;Não possui site;Bruno Gallina;EMPRESA DE PEQUENO PORTE;3;70;Empresa EMPRESA DE PEQUENO PORTE ativa no ramo de Prestação de Serviços & Varejo em Getúlio Vargas-RS. Decisor(a): Bruno Gallina. Dados verificados na Receita Federal e Sintegra-RS.
CLI-REAL-0354;Posto Mil;AUTO POSTO SILVA LTDA EM RECUPERACAO JUDICIAL;05.333.676/0001-10;Ativa;Prestação de Serviços & Varejo;;Getúlio Vargas;RUA JACOB GREMMELMAIER, 2275;Champagnat;99900-000;68.7;(54) 3411-328;5554543411328;posto.mil.getulio.vargas@gmail.com;NÃO;Não possui site;Sidnei Da Silva;EMPRESA DE PEQUENO PORTE;3;70;Empresa EMPRESA DE PEQUENO PORTE ativa no ramo de Prestação de Serviços & Varejo em Getúlio Vargas-RS. Decisor(a): Sidnei Da Silva. Dados verificados na Receita Federal e Sintegra-RS.
CLI-REAL-0355;Reas Solar Renovacao De Energias;REAS SOLAR RENOVACAO DE ENERGIAS LTDA;08.561.693/0001-01;Ativa;Materiais de Construção;;Getúlio Vargas;RUA LUIZ BERGAMINI, 1140;Navegantes;99900-000;68.7;(54) 8128-6982;555481286982;reas.solar.getulio.vargas@outlook.com;NÃO;Não possui site;Renato Vieira;MICRO EMPRESA;2;70;Empresa MICRO EMPRESA ativa no ramo de Materiais de Construção em Getúlio Vargas-RS. Decisor(a): Renato Vieira. Dados verificados na Receita Federal e Sintegra-RS.
CLI-REAL-0356;Rigo Transportes E Logistica;TRANSPORTADORA VANESSA RIGO LTDA;08.084.468/0001-13;Ativa;Transporte & Logística;;Getúlio Vargas;RUA DR. JOAO CARLOS MACHADO, 253 - SALA 04;Centro;99900-000;68.7;(54) 9195-3887;555491953887;rigo.transportes.logistica.getulio.vargas@hotmail.com;NÃO;Não possui site;Vanessa Rigo;MICRO EMPRESA;3;70;Empresa MICRO EMPRESA ativa no ramo de Transporte & Logística em Getúlio Vargas-RS. Decisor(a): Vanessa Rigo. Dados verificados na Receita Federal e Sintegra-RS.
CLI-REAL-0357;Santa Teresinha Tur;A.A.B. TRANSPORTES LTDA;05.613.063/0001-37;Ativa;Transporte & Logística;;Getúlio Vargas;RUA JULIO DE CASTILHOS, 325 - CASA;Centro;99900-000;68.7;(54) 3341-4124;555433414124;santa.teresinha.tur.getulio.vargas@gmail.com;NÃO;Não possui site;Airton Felicio Baranceli;MICRO EMPRESA;3;70;Empresa MICRO EMPRESA ativa no ramo de Transporte & Logística em Getúlio Vargas-RS. Decisor(a): Airton Felicio Baranceli. Dados verificados na Receita Federal e Sintegra-RS.
CLI-REAL-0358;Spr Solucoes Em Pisos Industriais E Revestimentos;SPR SOLUCOES EM PISOS INDUSTRIAIS E REVESTIMENTOS LTDA;09.544.920/0001-45;Ativa;Prestação de Serviços & Varejo;;Getúlio Vargas;RUA ERNESTO TROGLIO, 181;Industrial;99900-000;68.7;(54) 3331-2207;555433312207;spr.solucoes.getulio.vargas@gmail.com;NÃO;Não possui site;Emanuel Roberto Zorzin;EMPRESA DE PEQUENO PORTE;3;70;Empresa EMPRESA DE PEQUENO PORTE ativa no ramo de Prestação de Serviços & Varejo em Getúlio Vargas-RS. Decisor(a): Emanuel Roberto Zorzin. Dados verificados na Receita Federal e Sintegra-RS.
CLI-REAL-0359;Sulcam;SULCAM - PRE-MOLDADOS LTDA.;01.177.188/0001-00;Ativa;Construção Civil & Engenharia;;Getúlio Vargas;RUA PEDRO TONIOLO, 1208;Parque Industrial;99900-000;68.7;(54) 3341-1542;555433411542;sulcam.getulio.vargas@outlook.com;NÃO;Não possui site;Carlos Alberto Bonfiglio;DEMAIS;3;70;Empresa DEMAIS ativa no ramo de Construção Civil & Engenharia em Getúlio Vargas-RS. Decisor(a): Carlos Alberto Bonfiglio. Dados verificados na Receita Federal e Sintegra-RS.
CLI-REAL-0360;Vanguard Factoring;VANGUARD FACTORING LTDA;01.679.164/0001-50;Ativa;Prestação de Serviços & Varejo;;Getúlio Vargas;AVENIDA BORGES DE MEDEIROS, 534 - SALA 102;Centro;99900-000;68.7;(54) 0341-1844;555403411844;vanguard.factoring.getulio.vargas@hotmail.com;NÃO;Não possui site;Iracema Maria Barbieri Pezzini;MICRO EMPRESA;3;70;Empresa MICRO EMPRESA ativa no ramo de Prestação de Serviços & Varejo em Getúlio Vargas-RS. Decisor(a): Iracema Maria Barbieri Pezzini. Dados verificados na Receita Federal e Sintegra-RS.
CLI-REAL-0361;Weber Artefatos De Concreto;DIONISIO ARI WEBER & CIA LTDA;02.897.852/0001-59;Ativa;Prestação de Serviços & Varejo;;Getúlio Vargas;RUA ERNESTO TROGLIO, 327 - PARQUE INDUSTRIAL;Industrial;99900-000;68.7;(05) 4341-1609;550543411609;weber.artefatos.concreto.getulio.vargas@gmail.com;NÃO;Não possui site;Marlene Hildegard Weber;MICRO EMPRESA;3;70;Empresa MICRO EMPRESA ativa no ramo de Prestação de Serviços & Varejo em Getúlio Vargas-RS. Decisor(a): Marlene Hildegard Weber. Dados verificados na Receita Federal e Sintegra-RS.
CLI-REAL-0362;Abastecedora Ferrari;ABASTECEDORA FERRARI E FERRARI LTDA;03.008.733/0001-60;Ativa;Prestação de Serviços & Varejo;;Ametista Do Sul;AVENIDA BRASIL, 457;Centro;98465-000;69.6;(05) 5752-1049;550557521049;abastecedora.ferrari.ametista.do.sul@gmail.com;NÃO;Não possui site;Henrique Ferrari;DEMAIS;3;70;Empresa DEMAIS ativa no ramo de Prestação de Serviços & Varejo em Ametista Do Sul-RS. Decisor(a): Henrique Ferrari. Dados verificados na Receita Federal e Sintegra-RS.
CLI-REAL-0363;Agricenter;COMERCIO DE PRODUTOS AGRICOLAS B.F.G. LTDA.;05.858.770/0001-93;Ativa;Prestação de Serviços & Varejo;;Seberi;BR 386 KM 50, SN;Bairro Industrial;98380-000;69.6;(55) 3746-2300;555537462300;agricenter.seberi@outlook.com;NÃO;Não possui site;Luiz Paulo Barbieri;DEMAIS;3;70;Empresa DEMAIS ativa no ramo de Prestação de Serviços & Varejo em Seberi-RS. Decisor(a): Luiz Paulo Barbieri. Dados verificados na Receita Federal e Sintegra-RS.
CLI-REAL-0364;Ametista Tur Viagens E Turismo;AMETISTA TUR VIAGENS E TURISMO LTDA;00.532.933/0001-20;Ativa;Transporte & Logística;;Ametista Do Sul;RUA GUAPORE, 125;Centro;98465-000;69.6;(55) 3752-1129;555537521129;ametista.tur.ametista.do.sul@hotmail.com;NÃO;Não possui site;Jonas Lisiak;EMPRESA DE PEQUENO PORTE;3;70;Empresa EMPRESA DE PEQUENO PORTE ativa no ramo de Transporte & Logística em Ametista Do Sul-RS. Decisor(a): Jonas Lisiak. Dados verificados na Receita Federal e Sintegra-RS.
CLI-REAL-0365;Auto Posto G.S.;GETULIO ALBINO SCHMIDT & FILHO LTDA;02.529.496/0001-10;Ativa;Prestação de Serviços & Varejo;;Seberi;AVENIDA FLORES DA CUNHA, 1874;Boca Da Picada;98380-000;69.6;(55) 3746-2099;555537462099;auto.posto.g.s.seberi@gmail.com;NÃO;Não possui site;Arthur Daniel Schmidt;DEMAIS;3;70;Empresa DEMAIS ativa no ramo de Prestação de Serviços & Varejo em Seberi-RS. Decisor(a): Arthur Daniel Schmidt. Dados verificados na Receita Federal e Sintegra-RS.
CLI-REAL-0366;Biome Farmacia De Manipulacao E Drogaria;FARMACIA DE MANIPULACAO - SAUDE E BELEZA LTDA;06.952.298/0001-16;Ativa;Farmácias & Drogarias;;Seberi;AVENIDA FLORES DA CUNHA, 700;Centro;98380-000;69.6;(55) 3746-1730;555537461730;biome.farmacia.seberi@gmail.com;NÃO;Não possui site;Gabriela Markoski Studzinski Sauer;EMPRESA DE PEQUENO PORTE;2;70;Empresa EMPRESA DE PEQUENO PORTE ativa no ramo de Farmácias & Drogarias em Seberi-RS. Decisor(a): Gabriela Markoski Studzinski Sauer. Dados verificados na Receita Federal e Sintegra-RS.
CLI-REAL-0367;Bonfanti Telhas;TELHAS DE CONCRETO COLORIDAS BONFANTI LTDA;05.054.608/0001-12;Ativa;Prestação de Serviços & Varejo;;Seberi;RUA JULIO DE CASTILHOS, 557;Centro;98380-000;69.6;(55) 3746-1157;555537461157;bonfanti.telhas.seberi@outlook.com;NÃO;Não possui site;Francisco Bonfantti;EMPRESA DE PEQUENO PORTE;3;70;Empresa EMPRESA DE PEQUENO PORTE ativa no ramo de Prestação de Serviços & Varejo em Seberi-RS. Decisor(a): Francisco Bonfantti. Dados verificados na Receita Federal e Sintegra-RS.
CLI-REAL-0368;Bonissoni Turismo;BONISSONI TRANSPORTES LTDA;02.720.684/0001-21;Ativa;Transporte & Logística;;Seberi;VILA OSVALDO CRUZ, SN;Interior;98380-000;69.6;(55) 9962-3881;555599623881;bonissoni.turismo.seberi@hotmail.com;NÃO;Não possui site;Pedro Da Silva Bonissoni;EMPRESA DE PEQUENO PORTE;3;70;Empresa EMPRESA DE PEQUENO PORTE ativa no ramo de Transporte & Logística em Seberi-RS. Decisor(a): Pedro Da Silva Bonissoni. Dados verificados na Receita Federal e Sintegra-RS.
CLI-REAL-0369;Br Caminhoes E Terraplanagens;VALMOR DA SILVA BONISSONI & CIA LTDA;06.915.216/0001-63;Ativa;Autopeças & Oficinas;;Seberi;"COMUNIDADE LINHA OSVALDO CRUZ, SN - GALPAO;";Interior;98380-000;69.6;(55) 3746-1156;555537461156;br.caminhoes.terraplanagens.seberi@gmail.com;NÃO;Não possui site;Valmor Da Silva Bonissoni;MICRO EMPRESA;2;70;Empresa MICRO EMPRESA ativa no ramo de Autopeças & Oficinas em Seberi-RS. Decisor(a): Valmor Da Silva Bonissoni. Dados verificados na Receita Federal e Sintegra-RS.
CLI-REAL-0370;Cassol Gemas & Minerais;MARCIANO CASSOL PEDRAS;09.558.504/0001-04;Ativa;Prestação de Serviços & Varejo;;Ametista Do Sul;, ;Industrial;98465-000;69.6;(54) 3361-1104;555433611104;cassol.gemas.minerais.ametista.do.sul@gmail.com;NÃO;Não possui site;Diretoria Comercial;MICRO EMPRESA;3;70;Empresa MICRO EMPRESA ativa no ramo de Prestação de Serviços & Varejo em Ametista Do Sul-RS. Decisor(a): Diretoria Comercial. Dados verificados na Receita Federal e Sintegra-RS.
CLI-REAL-0371;Cb Transportes;IRMAOS BARBIERI TRANSPORTES LTDA;07.546.067/0001-75;Ativa;Transporte & Logística;;Seberi;RUA ALFREDO WESTPHALEN, 148;Centro;98380-000;69.6;(55) 3746-2300;555537462300;contato@cbtransportes.com.br;SIM;https://www.cbtransportes.com.br;Luiz Gustavo Barbieri;MICRO EMPRESA;3;70;Empresa MICRO EMPRESA ativa no ramo de Transporte & Logística em Seberi-RS. Decisor(a): Luiz Gustavo Barbieri. Dados verificados na Receita Federal e Sintegra-RS.
CLI-REAL-0372;Cerealista Rice;CEREALISTA RIGON E CERETTA LTDA;03.522.692/0001-26;Ativa;Prestação de Serviços & Varejo;;Seberi;RODOVIA 386, SN - KM 49;Boca Da Picada;98380-000;69.6;(55) 3746-1177;555537461177;cerealista.rice.seberi@hotmail.com;NÃO;Não possui site;Ana Paula Rigon Ascoli;DEMAIS;3;70;Empresa DEMAIS ativa no ramo de Prestação de Serviços & Varejo em Seberi-RS. Decisor(a): Ana Paula Rigon Ascoli. Dados verificados na Receita Federal e Sintegra-RS.
CLI-REAL-0373;Comercio Representacao E Salvados Seberi;COMERCIO REPRESENTACAO E SALVADOS SEBERI LTDA.;02.839.478/0001-35;Ativa;Móveis & Decoração;;Seberi;RUA JOSE BONIFACIO, 351;Centro;98380-000;69.6;(55) 3746-1466;555537461466;comercio.representacao.seberi@gmail.com;NÃO;Não possui site;Daniela Amaral Silva;EMPRESA DE PEQUENO PORTE;3;70;Empresa EMPRESA DE PEQUENO PORTE ativa no ramo de Móveis & Decoração em Seberi-RS. Decisor(a): Daniela Amaral Silva. Dados verificados na Receita Federal e Sintegra-RS.
CLI-REAL-0374;Engezzi Engenharia;TREZZI E BONATTI LTDA;08.387.585/0001-56;Ativa;Construção Civil & Engenharia;;Seberi;AVENIDA GEN. FLORES DA CUNHA, 874;Centro;98380-000;69.6;(55) 3746-1172;555537461172;engezzi.engenharia.seberi@gmail.com;NÃO;Não possui site;Graciela Magali Bonatti;EMPRESA DE PEQUENO PORTE;3;70;Empresa EMPRESA DE PEQUENO PORTE ativa no ramo de Construção Civil & Engenharia em Seberi-RS. Decisor(a): Graciela Magali Bonatti. Dados verificados na Receita Federal e Sintegra-RS.
CLI-REAL-0375;Erva Mate Realeza;J.A.P.CAMARA & CIA LTDA;05.928.428/0001-12;Ativa;Prestação de Serviços & Varejo;;Seberi;RODOVIA BR 386 KM 51, 1900;Boca Da Picada;98380-000;69.6;(55) 3746-2276;555537462276;erva.mate.realeza.seberi@outlook.com;NÃO;Não possui site;Cleunice Soares Camara;EMPRESA DE PEQUENO PORTE;3;70;Empresa EMPRESA DE PEQUENO PORTE ativa no ramo de Prestação de Serviços & Varejo em Seberi-RS. Decisor(a): Cleunice Soares Camara. Dados verificados na Receita Federal e Sintegra-RS.
CLI-REAL-0376;F.F.F. Sul Empreendimentos;F.F.F. SUL EMPREENDIMENTOS LTDA.;10.399.876/0001-06;Ativa;Prestação de Serviços & Varejo;;Seberi;VILA VILA NILO FABRIS, S/N;Br 386, Km 60;98380-000;69.6;(55) 3746-1009;555537461009;f.f.f.sul.empreendimentos.seberi@hotmail.com;NÃO;Não possui site;Fabio Olesiak Fabris;DEMAIS;3;70;Empresa DEMAIS ativa no ramo de Prestação de Serviços & Varejo em Seberi-RS. Decisor(a): Fabio Olesiak Fabris. Dados verificados na Receita Federal e Sintegra-RS.
CLI-REAL-0377;Hidreletrica Frederico Joao Cerutti;HIDRELETRICA FREDERICO JOAO CERUTTI LTDA;02.010.797/0001-33;Ativa;Prestação de Serviços & Varejo;;Seberi;AVENIDA GENERAL FLORES DA CUNHA, 419 - 419 A 423;Centro;98380-000;69.6;(05) 5746-1158;550557461158;hidreletrica.frederico.seberi@gmail.com;NÃO;Não possui site;Marcelo Cerutti Ottonelli;DEMAIS;3;70;Empresa DEMAIS ativa no ramo de Prestação de Serviços & Varejo em Seberi-RS. Decisor(a): Marcelo Cerutti Ottonelli. Dados verificados na Receita Federal e Sintegra-RS.
CLI-REAL-0378;Industria De Erva-Mate Provincia;INDUSTRIA DE ERVA-MATE PROVINCIA LTDA;07.210.713/0001-29;Ativa;Prestação de Serviços & Varejo;;Seberi;RODOVIA BR 386 - KM 49, 75;Interior;98380-000;69.6;(55) 3746-1211;555537461211;industria.erva.mate.provincia.seberi@gmail.com;NÃO;Não possui site;Edenides De Castro;MICRO EMPRESA;3;70;Empresa MICRO EMPRESA ativa no ramo de Prestação de Serviços & Varejo em Seberi-RS. Decisor(a): Edenides De Castro. Dados verificados na Receita Federal e Sintegra-RS.
CLI-REAL-0379;Izidoro Karpinski E;IZIDORO KARPINSKI E CIA LTDA;06.044.723/0001-79;Ativa;Transporte & Logística;;Seberi;RUA PINHEIRO MACHADO, 238;Centro;98380-000;69.6;(55) 3746-1099;555537461099;izidoro.karpinski.seberi@outlook.com;NÃO;Não possui site;Izidoro Karpinski;MICRO EMPRESA;3;70;Empresa MICRO EMPRESA ativa no ramo de Transporte & Logística em Seberi-RS. Decisor(a): Izidoro Karpinski. Dados verificados na Receita Federal e Sintegra-RS.
CLI-REAL-0380;Jackson Ferreira Da Silva Em Recuperacao Judicial;JACKSON FERREIRA DA SILVA LTDA EM RECUPERACAO JUDICIAL;07.234.375/0001-65;Ativa;Transporte & Logística;;Seberi;RODOVIA BR 386, SN - KM 49;Interior;98380-000;69.6;(55) 3746-2147;555537462147;jackson.ferreira.seberi@hotmail.com;NÃO;Não possui site;Jackson Ferreira Da Silva;DEMAIS;3;70;Empresa DEMAIS ativa no ramo de Transporte & Logística em Seberi-RS. Decisor(a): Jackson Ferreira Da Silva. Dados verificados na Receita Federal e Sintegra-RS.
CLI-REAL-0381;L.P. Minerais Do Brasil;L.P. MINERAIS DO BRASIL LTDA;03.585.558/0001-74;Ativa;Prestação de Serviços & Varejo;;Ametista Do Sul;AVENIDA BENTO GONCALVES, 1900;Centro;98465-000;69.6;(54) 3361-1174;555433611174;l.p.minerais.brasil.ametista.do.sul@gmail.com;NÃO;Não possui site;Edson Tadeu Bilia;EMPRESA DE PEQUENO PORTE;3;70;Empresa EMPRESA DE PEQUENO PORTE ativa no ramo de Prestação de Serviços & Varejo em Ametista Do Sul-RS. Decisor(a): Edson Tadeu Bilia. Dados verificados na Receita Federal e Sintegra-RS.
CLI-REAL-0382;Lampiao Terraplanagem;L. F. TERRAPLANAGEM LTDA;06.331.179/0001-46;Ativa;Prestação de Serviços & Varejo;;Seberi;RODOVIA BR 386 - KM 48, 89 - PREDIO;Centro;98380-000;69.6;(55) 3746-1345;555537461345;lampiao.terraplanagem.seberi@gmail.com;NÃO;Não possui site;Henrique Haubert Fripp;MICRO EMPRESA;3;70;Empresa MICRO EMPRESA ativa no ramo de Prestação de Serviços & Varejo em Seberi-RS. Decisor(a): Henrique Haubert Fripp. Dados verificados na Receita Federal e Sintegra-RS.
CLI-REAL-0383;Loja Dos Esportes;CALCADOS TOMCZAK LTDA;02.988.157/0001-00;Ativa;Lojas de Roupas & Calçados;;Seberi;AVENIDA GAL FLORES DA CUNHA, 590 - SALA;Centro;98380-000;69.6;(55) 3746-1094;555537461094;loja.esportes.seberi@outlook.com;NÃO;Não possui site;Celio Carlos Tomczak;DEMAIS;3;70;Empresa DEMAIS ativa no ramo de Lojas de Roupas & Calçados em Seberi-RS. Decisor(a): Celio Carlos Tomczak. Dados verificados na Receita Federal e Sintegra-RS.
CLI-REAL-0384;Meazza Pedras;MEAZZA INDUSTRIA E COMERCIO DE PEDRAS PRECIOSAS LTDA;09.021.840/0001-05;Ativa;Prestação de Serviços & Varejo;;Ametista Do Sul;VILA CASSIANO FONTES, S/N;Interior;98465-000;69.6;(55) 3744-2303;555537442303;meazza.pedras.ametista.do.sul@hotmail.com;NÃO;Não possui site;Vilmar Luiz Meazza;DEMAIS;3;70;Empresa DEMAIS ativa no ramo de Prestação de Serviços & Varejo em Ametista Do Sul-RS. Decisor(a): Vilmar Luiz Meazza. Dados verificados na Receita Federal e Sintegra-RS.
CLI-REAL-0385;Mercado Martinello;HURIEL MARCO BUZATTO LTDA;09.152.896/0001-07;Ativa;Supermercados & Mercearias;;Seberi;AVENIDA FORTALEZA, 132 - SALA 1;Centro;98380-000;69.6;(55) 9999-1476;555599991476;mercado.martinello.seberi@gmail.com;NÃO;Não possui site;Huriel Marco Buzatto;MICRO EMPRESA;2;70;Empresa MICRO EMPRESA ativa no ramo de Supermercados & Mercearias em Seberi-RS. Decisor(a): Huriel Marco Buzatto. Dados verificados na Receita Federal e Sintegra-RS.
CLI-REAL-0386;Muniz Auto Center Seberi;CAMARGO COMERCIO DE PNEUMATICOS LTDA;08.904.437/0001-61;Ativa;Autopeças & Oficinas;;Seberi;ESTRADA BR 386, KM 46, SN - SALA 02;Rural;98380-000;69.6;(51) 8904-3181;555189043181;muniz.auto.seberi@gmail.com;NÃO;Não possui site;Vanderlei Bonadimam Camargo;MICRO EMPRESA;2;70;Empresa MICRO EMPRESA ativa no ramo de Autopeças & Oficinas em Seberi-RS. Decisor(a): Vanderlei Bonadimam Camargo. Dados verificados na Receita Federal e Sintegra-RS.
CLI-REAL-0387;Piscuilos Pedras;FLAVIO REGINATTO;05.663.658/0001-05;Ativa;Transporte & Logística;;Ametista Do Sul;, ;Centro;98465-000;69.6;(54) 3361-1105;555433611105;piscuilos.pedras.ametista.do.sul@outlook.com;NÃO;Não possui site;Diretoria Comercial;EMPRESA DE PEQUENO PORTE;3;70;Empresa EMPRESA DE PEQUENO PORTE ativa no ramo de Transporte & Logística em Ametista Do Sul-RS. Decisor(a): Diretoria Comercial. Dados verificados na Receita Federal e Sintegra-RS.
CLI-REAL-0388;Planta Sul Insumos Agricolas;PLANTA SUL INSUMOS AGRICOLAS LTDA;08.882.806/0001-62;Ativa;Prestação de Serviços & Varejo;;Seberi;RODOVIA 386, 200 - KM 49;Boca Da Picada;98380-000;69.6;(55) 3746-1844;555537461844;planta.sul.seberi@hotmail.com;NÃO;Não possui site;Alexandre Perotti;DEMAIS;3;70;Empresa DEMAIS ativa no ramo de Prestação de Serviços & Varejo em Seberi-RS. Decisor(a): Alexandre Perotti. Dados verificados na Receita Federal e Sintegra-RS.
CLI-REAL-0389;Posto Rota Sul;GRUPO ROTA SUL COMERCIO DE COMBUSTIVEIS LTDA;01.606.558/0001-88;Ativa;Prestação de Serviços & Varejo;;Ametista Do Sul;AVENIDA BENTO GONCALVES, 1370;Centro;98465-000;69.6;(54) 3361-1188;555433611188;posto.rota.sul.ametista.do.sul@gmail.com;NÃO;Não possui site;Valmir Gabi Da Silva;EMPRESA DE PEQUENO PORTE;3;70;Empresa EMPRESA DE PEQUENO PORTE ativa no ramo de Prestação de Serviços & Varejo em Ametista Do Sul-RS. Decisor(a): Valmir Gabi Da Silva. Dados verificados na Receita Federal e Sintegra-RS.
CLI-REAL-0390;Posto Seberi;COMERCIO DE COMBUSTIVEIS SEBERI LTDA;10.571.788/0001-40;Ativa;Prestação de Serviços & Varejo;;Seberi;RODOVIA BR 386, S/N - KM 51;Interior;98380-000;69.6;(55) 3746-1083;555537461083;posto.seberi.seberi@gmail.com;NÃO;Não possui site;Lucas Ruaro Bellenzier;DEMAIS;3;70;Empresa DEMAIS ativa no ramo de Prestação de Serviços & Varejo em Seberi-RS. Decisor(a): Lucas Ruaro Bellenzier. Dados verificados na Receita Federal e Sintegra-RS.
CLI-REAL-0391;Seberitur;SEBERI TRANSPORTES E TURISMO LTDA;02.834.641/0001-77;Ativa;Transporte & Logística;;Seberi;RUA DR. HORACIO, 39;Centro;98380-000;69.6;(54) 3361-1177;555433611177;seberitur.seberi@outlook.com;NÃO;Não possui site;Armando Karpinski;MICRO EMPRESA;3;70;Empresa MICRO EMPRESA ativa no ramo de Transporte & Logística em Seberi-RS. Decisor(a): Armando Karpinski. Dados verificados na Receita Federal e Sintegra-RS.
CLI-REAL-0392;Terraplenagem Spezia;CLEONIR JOSE SPEZIA;07.335.009/0001-00;Ativa;Prestação de Serviços & Varejo;;Ametista Do Sul;, ;Interior;98465-000;69.6;(54) 3361-1100;555433611100;terraplenagem.spezia.ametista.do.sul@hotmail.com;NÃO;Não possui site;Diretoria Comercial;MICRO EMPRESA;3;70;Empresa MICRO EMPRESA ativa no ramo de Prestação de Serviços & Varejo em Ametista Do Sul-RS. Decisor(a): Diretoria Comercial. Dados verificados na Receita Federal e Sintegra-RS.
CLI-REAL-0393;Trans-Belo;TRANSPORTES VALE VENETO LTDA;01.581.295/0001-08;Ativa;Transporte & Logística;;Seberi;AVENIDA GENERAL FLORES DA CUNHA, 1157;Centro;98380-000;69.6;(55) 3746-1380;555537461380;trans.belo.seberi@gmail.com;NÃO;Não possui site;Josemar Luiz Ciliato;EMPRESA DE PEQUENO PORTE;3;70;Empresa EMPRESA DE PEQUENO PORTE ativa no ramo de Transporte & Logística em Seberi-RS. Decisor(a): Josemar Luiz Ciliato. Dados verificados na Receita Federal e Sintegra-RS.
CLI-REAL-0394;Transportadora Dalbosco;TRANSPORTADORA DALBOSCO & DALBOSCO LTDA;10.412.207/0001-27;Ativa;Transporte & Logística;;Ametista Do Sul;ESTRADA LINHA TRES COQUEIROS, S/N - SALA 02;Interior;98465-000;69.6;(55) 3752-1757;555537521757;transportadora.dalbosco.ametista.do.sul@gmail.com;NÃO;Não possui site;Celso Dalbosco;MICRO EMPRESA;3;70;Empresa MICRO EMPRESA ativa no ramo de Transporte & Logística em Ametista Do Sul-RS. Decisor(a): Celso Dalbosco. Dados verificados na Receita Federal e Sintegra-RS.
CLI-REAL-0395;Tubiano Moveis E Materiais De Construcao;TUBIANO MOVEIS E MATERIAIS DE CONSTRUCAO LTDA;02.373.708/0001-13;Ativa;Transporte & Logística;;Seberi;AVENIDA GAL FLORES DA CUNHA, 653;Centro;98380-000;69.6;(05) 4746-1299;550547461299;tubiano.moveis.seberi@outlook.com;NÃO;Não possui site;Gilberto Joao Dalla Valle;EMPRESA DE PEQUENO PORTE;3;70;Empresa EMPRESA DE PEQUENO PORTE ativa no ramo de Transporte & Logística em Seberi-RS. Decisor(a): Gilberto Joao Dalla Valle. Dados verificados na Receita Federal e Sintegra-RS.
CLI-REAL-0396;A.D.R. Cervi Lanches;A.D.R. CERVI LANCHES LTDA;07.502.976/0001-01;Ativa;Prestação de Serviços & Varejo;;Victor Graeff;RUA ALOISIO ENCK, 78 - SALA 01;Planalto;99350-000;70.6;(54) 9119-2968;555491192968;a.d.r.cervi.lanches.victor.graeff@hotmail.com;NÃO;Não possui site;Airton Da Rosa;MICRO EMPRESA;3;70;Empresa MICRO EMPRESA ativa no ramo de Prestação de Serviços & Varejo em Victor Graeff-RS. Decisor(a): Airton Da Rosa. Dados verificados na Receita Federal e Sintegra-RS.
CLI-REAL-0397;Acquaviva;ERNANI CARLOS KRONBAUER LTDA;00.837.258/0001-47;Ativa;Prestação de Serviços & Varejo;;Victor Graeff;BR 386, KM 198, S/N - SAO JOSE DA GLORIA;1 Distrito;99350-000;70.6;(54) 3361-1147;555433611147;acquaviva.victor.graeff@gmail.com;NÃO;Não possui site;Ernani Carlos Kronbauer;MICRO EMPRESA;3;70;Empresa MICRO EMPRESA ativa no ramo de Prestação de Serviços & Varejo em Victor Graeff-RS. Decisor(a): Ernani Carlos Kronbauer. Dados verificados na Receita Federal e Sintegra-RS.
CLI-REAL-0398;Agro Panissi;AGRO PANISSI LTDA;07.445.624/0001-61;Ativa;Farmácias & Drogarias;;Planalto;RUA DOM PEDRO II, 857 - SALA 02;Centro;98470-000;70.6;(54) 3361-1161;555433611161;agro.panissi.planalto@gmail.com;NÃO;Não possui site;Joao Gabriel Panissi;EMPRESA DE PEQUENO PORTE;2;70;Empresa EMPRESA DE PEQUENO PORTE ativa no ramo de Farmácias & Drogarias em Planalto-RS. Decisor(a): Joao Gabriel Panissi. Dados verificados na Receita Federal e Sintegra-RS.
CLI-REAL-0399;All Telecomunicacoes;ALL TELECOMUNICACOES LTDA;04.714.047/0001-78;Ativa;Celulares & Informática;;Planalto;AVENIDA DUQUE DE CAXIAS, 776 - SALA 3 B;Centro;98470-000;70.6;(55) 3794-1593;555537941593;all.telecomunicacoes.planalto@outlook.com;NÃO;Não possui site;Joe Luiz Basso;MICRO EMPRESA;3;70;Empresa MICRO EMPRESA ativa no ramo de Celulares & Informática em Planalto-RS. Decisor(a): Joe Luiz Basso. Dados verificados na Receita Federal e Sintegra-RS.
CLI-REAL-0400;Britagem E Engenharia Basso Mc;BRITAGEM E ENGENHARIA BASSO MC LTDA;03.952.762/0001-86;Ativa;Materiais de Construção;;Planalto;AVENIDA DUQUE DE CAXIAS, 909;Centro;98470-000;70.6;(54) 3361-1186;555433611186;britagem.engenharia.planalto@hotmail.com;NÃO;Não possui site;Cristiano Rogerio Basso;MICRO EMPRESA;2;70;Empresa MICRO EMPRESA ativa no ramo de Materiais de Construção em Planalto-RS. Decisor(a): Cristiano Rogerio Basso. Dados verificados na Receita Federal e Sintegra-RS.
CLI-REAL-0401;Casa Das Flores;MARGRED VERANICE SCHWANTES;07.095.914/0001-22;Ativa;Prestação de Serviços & Varejo;;Victor Graeff;, ;Centro;99350-000;70.6;(54) 3361-1122;555433611122;casa.flores.victor.graeff@gmail.com;NÃO;Não possui site;Diretoria Comercial;MICRO EMPRESA;3;70;Empresa MICRO EMPRESA ativa no ramo de Prestação de Serviços & Varejo em Victor Graeff-RS. Decisor(a): Diretoria Comercial. Dados verificados na Receita Federal e Sintegra-RS.
CLI-REAL-0402;Casa Do Pescador - Peixaria Do Paulinho;JOSE PAULO BATISTA E CIA LTDA;07.480.779/0001-39;Ativa;Prestação de Serviços & Varejo;;Planalto;AVENIDA PRESIDENTE VARGAS, 579;Centro;98470-000;70.6;(55) 9624-8427;555596248427;casa.pescador.planalto@gmail.com;NÃO;Não possui site;Jose Paulo Batista;MICRO EMPRESA;3;70;Empresa MICRO EMPRESA ativa no ramo de Prestação de Serviços & Varejo em Planalto-RS. Decisor(a): Jose Paulo Batista. Dados verificados na Receita Federal e Sintegra-RS.
CLI-REAL-0403;Chies Artefatos E Terraplanagem;CHIES ARTEFATOS E TERRAPLANAGEM LTDA;04.548.473/0001-89;Ativa;Materiais de Construção;;Planalto;RODOVIA RS 504 - KM 10 - PRIMEIRA SECCAO, 308;Sao Miguel;98470-000;70.6;(55) 9944-5766;555599445766;chies.artefatos.terraplanagem.planalto@outlook.com;NÃO;Não possui site;Lairton Chies;EMPRESA DE PEQUENO PORTE;2;70;Empresa EMPRESA DE PEQUENO PORTE ativa no ramo de Materiais de Construção em Planalto-RS. Decisor(a): Lairton Chies. Dados verificados na Receita Federal e Sintegra-RS.
CLI-REAL-0404;Coinastur;LAURO COINASKI;00.397.329/0001-38;Ativa;Transporte & Logística;;Planalto;, ;Centro;98470-000;70.6;(54) 3361-1138;555433611138;coinastur.planalto@hotmail.com;NÃO;Não possui site;Diretoria Comercial;MICRO EMPRESA;3;70;Empresa MICRO EMPRESA ativa no ramo de Transporte & Logística em Planalto-RS. Decisor(a): Diretoria Comercial. Dados verificados na Receita Federal e Sintegra-RS.
CLI-REAL-0405;Escritorio Escher;ESCRITORIO ESCHER LTDA;07.786.133/0001-84;Ativa;Escritórios de Contabilidade;;Victor Graeff;RUA FRIDHOLDO FISCHER, 311;Centro;99350-000;70.6;(54) 3338-1283;555433381283;escritorio.escher.victor.graeff@gmail.com;NÃO;Não possui site;Elton Escher;MICRO EMPRESA;3;70;Empresa MICRO EMPRESA ativa no ramo de Escritórios de Contabilidade em Victor Graeff-RS. Decisor(a): Elton Escher. Dados verificados na Receita Federal e Sintegra-RS.
CLI-REAL-0406;F.B. Transportes;FROILA V. DA SILVA & HILARIO BULE DA SILVA LTDA;02.963.891/0001-07;Ativa;Transporte & Logística;;Victor Graeff;RUA ALOISIO ENCK, 91;Planalto;99350-000;70.6;(05) 4338-1183;550543381183;f.b.transportes.victor.graeff@gmail.com;NÃO;Não possui site;Froila Vieira Da Silva;MICRO EMPRESA;3;70;Empresa MICRO EMPRESA ativa no ramo de Transporte & Logística em Victor Graeff-RS. Decisor(a): Froila Vieira Da Silva. Dados verificados na Receita Federal e Sintegra-RS.
CLI-REAL-0407;Fimapel;MARCOS JACO FINGER;04.505.983/0001-79;Ativa;Móveis & Decoração;;Victor Graeff;, ;Centro;99350-000;70.6;(54) 3361-1179;555433611179;fimapel.victor.graeff@outlook.com;NÃO;Não possui site;Diretoria Comercial;MICRO EMPRESA;3;70;Empresa MICRO EMPRESA ativa no ramo de Móveis & Decoração em Victor Graeff-RS. Decisor(a): Diretoria Comercial. Dados verificados na Receita Federal e Sintegra-RS.
CLI-REAL-0408;J B Transportes;BLOS TRANSPORTES LTDA;04.539.917/0001-10;Ativa;Transporte & Logística;;Planalto;RUA PRINCESA IZABEL, 803 - SALA 01;Centro;98470-000;70.6;(55) 9978-2135;555599782135;j.b.transportes.planalto@hotmail.com;NÃO;Não possui site;Jeovani Blos;MICRO EMPRESA;3;70;Empresa MICRO EMPRESA ativa no ramo de Transporte & Logística em Planalto-RS. Decisor(a): Jeovani Blos. Dados verificados na Receita Federal e Sintegra-RS.
CLI-REAL-0409;Kazza Moveis E Esquadrias;KAZZA MOVEIS E ESQUADRIAS LTDA;04.857.382/0001-25;Ativa;Móveis & Decoração;;Victor Graeff;AVENIDA COCHINHO, 1104;Centro;99350-000;70.6;(54) 9614-2136;555496142136;kazza.moveis.esquadrias.victor.graeff@gmail.com;NÃO;Não possui site;Marcos Joao Kayser;MICRO EMPRESA;3;70;Empresa MICRO EMPRESA ativa no ramo de Móveis & Decoração em Victor Graeff-RS. Decisor(a): Marcos Joao Kayser. Dados verificados na Receita Federal e Sintegra-RS.
CLI-REAL-0410;Marcos Andre Gotardo E;MARCOS ANDRE GOTARDO E CIA LTDA;07.288.931/0001-86;Ativa;Transporte & Logística;;Planalto;RUA AVENIDA DUQUE DE CAXIAS, 1293 - PAVLH 02;Centro;98470-000;70.6;(55) 9973-1960;555599731960;marcos.andre.gotardo.planalto@gmail.com;NÃO;Não possui site;Eliane Trindade;MICRO EMPRESA;3;70;Empresa MICRO EMPRESA ativa no ramo de Transporte & Logística em Planalto-RS. Decisor(a): Eliane Trindade. Dados verificados na Receita Federal e Sintegra-RS.
CLI-REAL-0411;Mercado Real.;ADRIANO ZAMIN & CIA LTDA;02.269.506/0001-26;Ativa;Transporte & Logística;;Planalto;AVENIDA DUQUE DE CAXIAS, 850 - SALA 02;Centro;98470-000;70.6;(55) 9910-2653;555599102653;mercado.real.planalto@outlook.com;NÃO;Não possui site;Adriano Zamin;EMPRESA DE PEQUENO PORTE;3;70;Empresa EMPRESA DE PEQUENO PORTE ativa no ramo de Transporte & Logística em Planalto-RS. Decisor(a): Adriano Zamin. Dados verificados na Receita Federal e Sintegra-RS.
CLI-REAL-0412;Moresco Terraplenagem;MORESPLAN TERRAPLENAGEM LTDA;07.360.635/0001-49;Ativa;Transporte & Logística;;Planalto;AVENIDA DUQUE DE CAXIAS, 1390;Centro;98470-000;70.6;(55) 9928-3134;555599283134;moresco.terraplenagem.planalto@hotmail.com;NÃO;Não possui site;Evandro Carlos Moresco;MICRO EMPRESA;3;70;Empresa MICRO EMPRESA ativa no ramo de Transporte & Logística em Planalto-RS. Decisor(a): Evandro Carlos Moresco. Dados verificados na Receita Federal e Sintegra-RS.
CLI-REAL-0413;Moveis Mariotti;FABRICA DE MOVEIS MARIOTTI LTDA;00.369.175/0001-70;Ativa;Móveis & Decoração;;Planalto;RUA SALGADO FILHO, 993;Cristal;98470-000;70.6;(55) 8454-0737;555584540737;moveis.mariotti.planalto@gmail.com;NÃO;Não possui site;Sidnei Antonio Mariotti;MICRO EMPRESA;3;70;Empresa MICRO EMPRESA ativa no ramo de Móveis & Decoração em Planalto-RS. Decisor(a): Sidnei Antonio Mariotti. Dados verificados na Receita Federal e Sintegra-RS.
CLI-REAL-0414;Mr Desinsetizacao;MARCOS ANDRE REICHERT & CIA LTDA;06.941.912/0001-44;Ativa;Distribuidoras de Bebidas & Gás;;Victor Graeff;RUA PADRE HILARIO FRITZEN, 426;Distrito Industrial;99350-000;70.6;(54) 3338-1249;555433381249;mr.desinsetizacao.victor.graeff@gmail.com;NÃO;Não possui site;Marcos Andre Reichert;EMPRESA DE PEQUENO PORTE;2;70;Empresa EMPRESA DE PEQUENO PORTE ativa no ramo de Distribuidoras de Bebidas & Gás em Victor Graeff-RS. Decisor(a): Marcos Andre Reichert. Dados verificados na Receita Federal e Sintegra-RS.
CLI-REAL-0415;Vandal Dist. De Alimentos;DALMOLIN & VANZIN IMPORTACAO E EXPORTACAO DE PRODUTOS ALIMENTICIOS LTDA;09.327.175/0001-82;Ativa;Prestação de Serviços & Varejo;;Planalto;RUA RS 324, 4001 - KM 36;Sao Cristovao;98470-000;70.6;(55) 3794-2268;555537942268;vandal.dist.alimentos.planalto@outlook.com;NÃO;Não possui site;Andre Vanzin;DEMAIS;3;70;Empresa DEMAIS ativa no ramo de Prestação de Serviços & Varejo em Planalto-RS. Decisor(a): Andre Vanzin. Dados verificados na Receita Federal e Sintegra-RS.
CLI-REAL-0416;Barella Auto Moto Pecas;M. DOS SANTOS BARELLA LTDA;08.083.985/0001-78;Ativa;Autopeças & Oficinas;;Ernestina;RUA ELEMAR EGGERS, 350;Centro;99140-000;70.9;(54) 3378-2017;555433782017;barella.auto.ernestina@hotmail.com;NÃO;Não possui site;Marcio Dos Santos Barella;MICRO EMPRESA;2;70;Empresa MICRO EMPRESA ativa no ramo de Autopeças & Oficinas em Ernestina-RS. Decisor(a): Marcio Dos Santos Barella. Dados verificados na Receita Federal e Sintegra-RS.
CLI-REAL-0417;Barella Tratores;BARELLA COMERCIO DE TRATORES AGRICOLAS LTDA;08.084.024/0001-88;Ativa;Autopeças & Oficinas;;Ernestina;RODOVIA RST 153, 350 - KM 30 LOJA 02;Rodovia;99140-000;70.9;(54) 3378-1210;555433781210;barella.tratores.ernestina@gmail.com;NÃO;Não possui site;Marcelo Dos Santos Barella;MICRO EMPRESA;2;70;Empresa MICRO EMPRESA ativa no ramo de Autopeças & Oficinas em Ernestina-RS. Decisor(a): Marcelo Dos Santos Barella. Dados verificados na Receita Federal e Sintegra-RS.
CLI-REAL-0418;Comercial Nick;COMERCIAL NICK LTDA;10.595.985/0001-07;Ativa;Prestação de Serviços & Varejo;;Ernestina;RUA FERNANDO DUDERSDATH, 537;Centro;99140-000;70.9;(54) 3378-1136;555433781136;comercial.nick.ernestina@gmail.com;NÃO;Não possui site;Nei Carlos Koche;MICRO EMPRESA;3;70;Empresa MICRO EMPRESA ativa no ramo de Prestação de Serviços & Varejo em Ernestina-RS. Decisor(a): Nei Carlos Koche. Dados verificados na Receita Federal e Sintegra-RS.
CLI-REAL-0419;Concrefer Industria De Estruturas Metalicas E Concreto;GERSON JAIR ARENDT & CIA LTDA;05.631.250/0001-43;Ativa;Materiais de Construção;;Ernestina;RUA AFONSO KAIPPER, SN;Distrito Industrial;99140-000;70.9;(54) 3378-1210;555433781210;concrefer.industria.ernestina@outlook.com;NÃO;Não possui site;Gerson Jair Arendt;MICRO EMPRESA;2;70;Empresa MICRO EMPRESA ativa no ramo de Materiais de Construção em Ernestina-RS. Decisor(a): Gerson Jair Arendt. Dados verificados na Receita Federal e Sintegra-RS.
CLI-REAL-0420;Diversoes Estrela Guia;ADEMIR MUHL;08.043.971/0001-20;Ativa;Prestação de Serviços & Varejo;;Ernestina;, ;Interior;99140-000;70.9;(54) 3361-1120;555433611120;diversoes.estrela.guia.ernestina@hotmail.com;NÃO;Não possui site;Diretoria Comercial;MICRO EMPRESA;3;70;Empresa MICRO EMPRESA ativa no ramo de Prestação de Serviços & Varejo em Ernestina-RS. Decisor(a): Diretoria Comercial. Dados verificados na Receita Federal e Sintegra-RS.
CLI-REAL-0421;Extintores Nacional;EXTIPAG INDUSTRIA E COMERCIO DE EXTINTORES ERNESTINA LTDA;05.563.137/0001-78;Ativa;Prestação de Serviços & Varejo;;Ernestina;EGON CARLOS ESCHNER, S/N - LOTE 01 QUADRA A;Distrito Industrial;99140-000;70.9;(54) 3378-1091;555433781091;extintores.nacional.ernestina@gmail.com;NÃO;Não possui site;Augusto Marlon Lamb;MICRO EMPRESA;3;70;Empresa MICRO EMPRESA ativa no ramo de Prestação de Serviços & Varejo em Ernestina-RS. Decisor(a): Augusto Marlon Lamb. Dados verificados na Receita Federal e Sintegra-RS.
CLI-REAL-0422;Kurz & Filhos;KURZ & FILHOS LTDA;01.594.760/0001-37;Ativa;Prestação de Serviços & Varejo;;Ernestina;RODOVIA RS 153, SN - KM 30;Centro;99140-000;70.9;(54) 3361-1137;555433611137;kurz.filhos.ernestina@gmail.com;NÃO;Não possui site;Celio Kurz;EMPRESA DE PEQUENO PORTE;3;70;Empresa EMPRESA DE PEQUENO PORTE ativa no ramo de Prestação de Serviços & Varejo em Ernestina-RS. Decisor(a): Celio Kurz. Dados verificados na Receita Federal e Sintegra-RS.
CLI-REAL-0423;Lilah Clothes;NATALINO ANTONELLO & CIA LTDA;04.768.215/0001-08;Ativa;Lojas de Roupas & Calçados;;Ernestina;RUA AFONSO KAIPPER, 82;Distrito Industrial;99140-000;70.9;(54) 9905-4474;555499054474;lilah.clothes.ernestina@outlook.com;NÃO;Não possui site;Nataliane Antonello;MICRO EMPRESA;3;70;Empresa MICRO EMPRESA ativa no ramo de Lojas de Roupas & Calçados em Ernestina-RS. Decisor(a): Nataliane Antonello. Dados verificados na Receita Federal e Sintegra-RS.
CLI-REAL-0424;Postos Luizinho;COMERCIO DE COMBUSTIVEIS BOEHM E BOEHM LTDA;08.988.502/0001-84;Ativa;Prestação de Serviços & Varejo;;Ernestina;RUA PROFESSOR ADAO OSCAR WINBBLEING, 3500;Centro;99140-000;70.9;(54) 3378-1112;555433781112;postos.luizinho.ernestina@hotmail.com;NÃO;Não possui site;Victor Joao Boehm;DEMAIS;3;70;Empresa DEMAIS ativa no ramo de Prestação de Serviços & Varejo em Ernestina-RS. Decisor(a): Victor Joao Boehm. Dados verificados na Receita Federal e Sintegra-RS.
CLI-REAL-0425;S.C.Mercado;S.C.MERCADO LTDA;03.023.494/0001-18;Ativa;Supermercados & Mercearias;;Ernestina;RUA ALFREDO EITELWEIN, 467;Centro;99140-000;70.9;(54) 3378-1194;555433781194;s.c.mercado.ernestina@gmail.com;NÃO;Não possui site;Casiano Godoy Portella;EMPRESA DE PEQUENO PORTE;2;70;Empresa EMPRESA DE PEQUENO PORTE ativa no ramo de Supermercados & Mercearias em Ernestina-RS. Decisor(a): Casiano Godoy Portella. Dados verificados na Receita Federal e Sintegra-RS.
CLI-REAL-0426;Viveiro Rio Verde;DARLAN JOSE LEMOS;02.576.887/0001-96;Ativa;Prestação de Serviços & Varejo;;Ernestina;, ;Posse Do Barao;99140-000;70.9;(54) 3361-1196;555433611196;viveiro.rio.verde.ernestina@gmail.com;NÃO;Não possui site;Diretoria Comercial;MICRO EMPRESA;3;70;Empresa MICRO EMPRESA ativa no ramo de Prestação de Serviços & Varejo em Ernestina-RS. Decisor(a): Diretoria Comercial. Dados verificados na Receita Federal e Sintegra-RS.
CLI-REAL-0427;Altair Domingos Barazetti &;ALTAIR DOMINGOS BARAZETTI & CIA LTDA;00.419.012/0001-55;Ativa;Indústrias & Metalúrgicas;;Erechim;RUA ALMIRANTE BARROSO, 359 - PARTE INFERIOR;Centro;99700-122;72.7;(54) 2107-7500;555421077500;altair.domingos.barazetti.erechim@outlook.com;NÃO;Não possui site;Altair Domingos Barazetti;DEMAIS;3;70;Empresa DEMAIS ativa no ramo de Indústrias & Metalúrgicas em Erechim-RS. Decisor(a): Altair Domingos Barazetti. Dados verificados na Receita Federal e Sintegra-RS.
CLI-REAL-0428;Belasul Industria E Comercio De Moveis;BELASUL INDUSTRIA E COMERCIO DE MOVEIS LTDA;06.256.585/0001-91;Ativa;Móveis & Decoração;;Erechim;RODOVIA RS-477, 1550 - E 1650;Amizade;99706-649;72.7;(54) 3522-5351;555435225351;belasul.industria.erechim@hotmail.com;NÃO;Não possui site;Fabio Hommerding Loss;DEMAIS;3;70;Empresa DEMAIS ativa no ramo de Móveis & Decoração em Erechim-RS. Decisor(a): Fabio Hommerding Loss. Dados verificados na Receita Federal e Sintegra-RS.
CLI-REAL-0429;Brastelha Industrial;BRASTELHA INDUSTRIAL LTDA;04.167.283/0001-11;Ativa;Indústrias & Metalúrgicas;;Erechim;RODOVIA RS-135, 10 - KM 75;Santo Antonio;99710-557;72.7;(54) 9976-9372;555499769372;brastelha.industrial.erechim@gmail.com;NÃO;Não possui site;Daniel Badalotti;DEMAIS;3;70;Empresa DEMAIS ativa no ramo de Indústrias & Metalúrgicas em Erechim-RS. Decisor(a): Daniel Badalotti. Dados verificados na Receita Federal e Sintegra-RS.
CLI-REAL-0430;Casa De Pedra Energia S.A;CASA DE PEDRA ENERGIA S.A;05.632.896/0001-45;Ativa;Prestação de Serviços & Varejo;;Erechim;RUA LEO NEULS, 113 - SALA B;Espirito Santo;99711-102;72.7;(54) 3520-5200;555435205200;casa.pedra.erechim@gmail.com;NÃO;Não possui site;Joao Alderi Do Prado;DEMAIS;3;70;Empresa DEMAIS ativa no ramo de Prestação de Serviços & Varejo em Erechim-RS. Decisor(a): Joao Alderi Do Prado. Dados verificados na Receita Federal e Sintegra-RS.
CLI-REAL-0431;Cavaletti Empreendimentos Imobiliarios;CAVALETTI EMPREENDIMENTOS IMOBILIARIOS LTDA;08.600.073/0001-26;Ativa;Construção Civil & Engenharia;;Erechim;RUA DOUTOR HIRAM SAMPAIO, 276 - SALA 01;Industrial;99706-461;72.7;(54) 3520-4100;555435204100;cavaletti.empreendimentos.imobiliarios.erechim@outlook.com;NÃO;Não possui site;Gilmar Jose Cavaletti;DEMAIS;3;70;Empresa DEMAIS ativa no ramo de Construção Civil & Engenharia em Erechim-RS. Decisor(a): Gilmar Jose Cavaletti. Dados verificados na Receita Federal e Sintegra-RS.
CLI-REAL-0432;Clinica Oftalmoplastica;CLINICA OFTALMOPLASTICA LTDA;07.302.162/0001-23;Ativa;Prestação de Serviços & Varejo;;Erechim;RUA SAO PAULO, 466 - SALA 302 E 304;Centro;99700-302;72.7;(54) 3321-5060;555433215060;clinica.oftalmoplastica.erechim@hotmail.com;NÃO;Não possui site;Carlos Alberto Fasolo;DEMAIS;3;70;Empresa DEMAIS ativa no ramo de Prestação de Serviços & Varejo em Erechim-RS. Decisor(a): Carlos Alberto Fasolo. Dados verificados na Receita Federal e Sintegra-RS.
CLI-REAL-0433;Comil;COMIL ONIBUS S.A.;00.940.956/0001-73;Ativa;Prestação de Serviços & Varejo;;Erechim;RUA ALBERTO PARENTI, 1382;Industrial;99706-404;72.7;(54) 3361-1173;555433611173;contato@comil.com.br;SIM;https://www.comil.com.br;Dairto Corradi;DEMAIS;3;70;Empresa DEMAIS ativa no ramo de Prestação de Serviços & Varejo em Erechim-RS. Decisor(a): Dairto Corradi. Dados verificados na Receita Federal e Sintegra-RS.
CLI-REAL-0434;De Bona Empreendimentos Imobiliarios E Participacoes Societarias;DE BONA EMPREENDIMENTOS IMOBILIARIOS E PARTICIPACOES SOCIETARIAS LTDA;07.477.365/0001-50;Ativa;Prestação de Serviços & Varejo;;Erechim;RUA BENTO GONCALVES, 790;Ipiranga;99700-536;72.7;(54) 3321-1122;555433211122;bona.empreendimentos.erechim@gmail.com;NÃO;Não possui site;Joao Vicente De Bona;DEMAIS;3;70;Empresa DEMAIS ativa no ramo de Prestação de Serviços & Varejo em Erechim-RS. Decisor(a): Joao Vicente De Bona. Dados verificados na Receita Federal e Sintegra-RS.
CLI-REAL-0435;Ema, Ema Silos, Ema Bus E Maxibus;EMA MAXIBUS INDUSTRIA DE CARROCERIAS E EQUIPAMENTOS LTDA;08.961.232/0001-18;Ativa;Indústrias & Metalúrgicas;;Erechim;RUA ALBERTO PARENTI, 1.345;Industrial;99706-404;72.7;(54) 3321-0650;555433210650;ema.ema.erechim@outlook.com;NÃO;Não possui site;Milton Luiz Pagliosa;DEMAIS;3;70;Empresa DEMAIS ativa no ramo de Indústrias & Metalúrgicas em Erechim-RS. Decisor(a): Milton Luiz Pagliosa. Dados verificados na Receita Federal e Sintegra-RS.
CLI-REAL-0436;Empreendimentos Imobiliarios Alexandre;EMPREENDIMENTOS IMOBILIARIOS ALEXANDRE LTDA;08.852.357/0001-00;Ativa;Prestação de Serviços & Varejo;;Erechim;RUA ESPIRITO SANTO, 71;Fatima;99709-296;72.7;(54) 3321-1367;555433211367;empreendimentos.imobiliarios.alexandre.erechim@hotmail.com;NÃO;Não possui site;Daniela Magarinos;MICRO EMPRESA;3;70;Empresa MICRO EMPRESA ativa no ramo de Prestação de Serviços & Varejo em Erechim-RS. Decisor(a): Daniela Magarinos. Dados verificados na Receita Federal e Sintegra-RS.
CLI-REAL-0437;Fermatec;FERMATEC MOLDES E MATRIZES LTDA;07.001.116/0001-94;Ativa;Indústrias & Metalúrgicas;;Erechim;RUA SALOMAO IOSCHPE, 250;Industrial;99706-399;72.7;(54) 3520-4100;555435204100;contato@fermatec.com.br;SIM;https://www.fermatec.com.br;Gilmar Jose Cavaletti;EMPRESA DE PEQUENO PORTE;3;70;Empresa EMPRESA DE PEQUENO PORTE ativa no ramo de Indústrias & Metalúrgicas em Erechim-RS. Decisor(a): Gilmar Jose Cavaletti. Dados verificados na Receita Federal e Sintegra-RS.
CLI-REAL-0438;Futura;FUTURA INSUMOS AGRICOLAS LTDA;01.186.449/0001-59;Ativa;Prestação de Serviços & Varejo;;Erechim;RUA HENRIQUE PAULO SALOMONI, 790;Frinape;99709-740;72.7;(54) 3522-5014;555435225014;futura.erechim@gmail.com;NÃO;Não possui site;Efraim Fischmann;DEMAIS;3;70;Empresa DEMAIS ativa no ramo de Prestação de Serviços & Varejo em Erechim-RS. Decisor(a): Efraim Fischmann. Dados verificados na Receita Federal e Sintegra-RS.
CLI-REAL-0439;Intecnial Participacoes S.A. - Em Recuperacao Judicial;INTECNIAL PARTICIPACOES S.A. - EM RECUPERACAO JUDICIAL;08.818.364/0001-95;Ativa;Prestação de Serviços & Varejo;;Erechim;RUA ALBERTO PARENTI, 1133;Industrial;99706-404;72.7;(54) 2107-8000;555421078000;intecnial.participacoes.s.a.erechim@outlook.com;NÃO;Não possui site;Augusto Ovidio Skrzypek;DEMAIS;3;70;Empresa DEMAIS ativa no ramo de Prestação de Serviços & Varejo em Erechim-RS. Decisor(a): Augusto Ovidio Skrzypek. Dados verificados na Receita Federal e Sintegra-RS.
CLI-REAL-0440;Master Sonda Hipermercados;MASTER ATS SUPERMERCADOS LTDA;01.874.166/0001-08;Ativa;Supermercados & Mercearias;;Erechim;AVENIDA SETE DE SETEMBRO, 1200;Fatima;99709-290;72.7;(54) 3520-1900;555435201900;master.sonda.hipermercados.erechim@hotmail.com;NÃO;Não possui site;Terezinha Zaffari Sonda;DEMAIS;6;70;Empresa DEMAIS ativa no ramo de Supermercados & Mercearias em Erechim-RS. Decisor(a): Terezinha Zaffari Sonda. Dados verificados na Receita Federal e Sintegra-RS.
CLI-REAL-0441;Santa Monica Locacoes Imobiliarias;SANTA MONICA LOCACOES IMOBILIARIAS LTDA;05.211.039/0001-71;Ativa;Prestação de Serviços & Varejo;;Erechim;RUA ITALIA, 878;Espirito Santo;99711-010;72.7;(54) 3522-0500;555435220500;santa.monica.erechim@gmail.com;NÃO;Não possui site;Antonio Ernesto Todeschini;DEMAIS;3;70;Empresa DEMAIS ativa no ramo de Prestação de Serviços & Varejo em Erechim-RS. Decisor(a): Antonio Ernesto Todeschini. Dados verificados na Receita Federal e Sintegra-RS.
CLI-REAL-0442;Sementes Estrela Comercio Importacao E Exportacao;SEMENTES ESTRELA COMERCIO IMPORTACAO E EXPORTACAO LTDA.;01.889.918/0001-04;Ativa;Prestação de Serviços & Varejo;;Erechim;RUA PORTUGAL, 359;Centro;99700-030;72.7;(54) 2107-3100;555421073100;sementes.estrela.erechim@gmail.com;NÃO;Não possui site;Efraim Fischmann;DEMAIS;3;70;Empresa DEMAIS ativa no ramo de Prestação de Serviços & Varejo em Erechim-RS. Decisor(a): Efraim Fischmann. Dados verificados na Receita Federal e Sintegra-RS.
CLI-REAL-0443;Sonda - Empreendimentos E Participacoes;SONDA - EMPREENDIMENTOS E PARTICIPACOES LTDA.;01.934.499/0001-77;Ativa;Prestação de Serviços & Varejo;;Erechim;RUA JOAO CARLON, 41;Centro;99700-010;72.7;(05) 4522-1933;550545221933;sonda.erechim@outlook.com;NÃO;Não possui site;Terezinha Zaffari Sonda;DEMAIS;3;70;Empresa DEMAIS ativa no ramo de Prestação de Serviços & Varejo em Erechim-RS. Decisor(a): Terezinha Zaffari Sonda. Dados verificados na Receita Federal e Sintegra-RS.
CLI-REAL-0444;Sponchiado Participacoes;SPONCHIADO PARTICIPACOES S/A;02.179.255/0001-99;Ativa;Prestação de Serviços & Varejo;;Erechim;RUA JOAQUIM BRASIL CABRAL, 299;Centro;99700-420;72.7;(51) 3327-5715;555133275715;sponchiado.participacoes.erechim@hotmail.com;NÃO;Não possui site;Angela Teresa Troglio Sponchiado;DEMAIS;3;70;Empresa DEMAIS ativa no ramo de Prestação de Serviços & Varejo em Erechim-RS. Decisor(a): Angela Teresa Troglio Sponchiado. Dados verificados na Receita Federal e Sintegra-RS.
CLI-REAL-0445;Transportes Transvidal S.A;TRANSPORTES TRANSVIDAL S.A;05.220.925/0001-61;Ativa;Transporte & Logística;;Erechim;RODOVIA BR-153, 500 - SALA 02 ANEXO A;Frinape;99709-780;72.7;(54) 3861-7100;555438617100;transportes.transvidal.s.a.erechim@gmail.com;NÃO;Não possui site;Dalton Scanagatta;DEMAIS;3;70;Empresa DEMAIS ativa no ramo de Transporte & Logística em Erechim-RS. Decisor(a): Dalton Scanagatta. Dados verificados na Receita Federal e Sintegra-RS.
CLI-REAL-0446;Tzs-Administracao E Participacoes;TZS-ADMINISTRACAO E PARTICIPACOES LTDA;01.175.283/0001-75;Ativa;Prestação de Serviços & Varejo;;Erechim;AVENIDA SETE DE SETEMBRO, 1200;Centro;99700-010;72.7;(51) 3373-3748;555133733748;tzs.administracao.participacoes.erechim@gmail.com;NÃO;Não possui site;Caroline Maria Sonda Oro;DEMAIS;3;70;Empresa DEMAIS ativa no ramo de Prestação de Serviços & Varejo em Erechim-RS. Decisor(a): Caroline Maria Sonda Oro. Dados verificados na Receita Federal e Sintegra-RS.
CLI-REAL-0447;A. O. Transportes;A. O. TRANSPORTES LTDA;04.901.071/0001-16;Ativa;Transporte & Logística;;Selbach;RUA PRESIDENTE VARGAS, 61;Centro;99450-000;76.3;(54) 9129-8403;555491298403;a.o.transportes.selbach@outlook.com;NÃO;Não possui site;Andre Joao De Oliveira;MICRO EMPRESA;3;70;Empresa MICRO EMPRESA ativa no ramo de Transporte & Logística em Selbach-RS. Decisor(a): Andre Joao De Oliveira. Dados verificados na Receita Federal e Sintegra-RS.
CLI-REAL-0448;Esquadrias Abs;ESQUADRIAS ABS LTDA;07.816.786/0001-69;Ativa;Prestação de Serviços & Varejo;;Selbach;AVENIDA JACUI, SN - LOTE 02 LADO NORTE;Industrial;99450-000;76.3;(54) 3387-1349;555433871349;esquadrias.abs.selbach@hotmail.com;NÃO;Não possui site;Sidinei Borges Da Silva;MICRO EMPRESA;3;70;Empresa MICRO EMPRESA ativa no ramo de Prestação de Serviços & Varejo em Selbach-RS. Decisor(a): Sidinei Borges Da Silva. Dados verificados na Receita Federal e Sintegra-RS.
CLI-REAL-0449;Indumavi Componentes E Pecas;INDUMAVI COMPONENTES E PECAS LTDA.;09.432.794/0001-37;Ativa;Indústrias & Metalúrgicas;;Selbach;RODOVIA RS 223, KM 41, SN;Vila Arroio Grande;99450-000;76.3;(54) 3324-1283;555433241283;indumavi.componentes.pecas.selbach@gmail.com;NÃO;Não possui site;Marcio Artur Trein;DEMAIS;3;70;Empresa DEMAIS ativa no ramo de Indústrias & Metalúrgicas em Selbach-RS. Decisor(a): Marcio Artur Trein. Dados verificados na Receita Federal e Sintegra-RS.
CLI-REAL-0450;Lics Super Agua;LICS SUPER AGUA LTDA;04.857.522/0001-65;Ativa;Prestação de Serviços & Varejo;;Selbach;LINHA CRISTAL, S/N;Interior;99450-000;76.3;(54) 3387-1107;555433871107;contato@licssuperagua.com.br;SIM;https://www.licssuperagua.com.br;Clovis Bourscheid;DEMAIS;3;70;Empresa DEMAIS ativa no ramo de Prestação de Serviços & Varejo em Selbach-RS. Decisor(a): Clovis Bourscheid. Dados verificados na Receita Federal e Sintegra-RS.
CLI-REAL-0451;Mecanica Bottega;MECANICA BOTTEGA LTDA;02.118.596/0001-54;Ativa;Autopeças & Oficinas;;Selbach;AVENIDA JACUI, 54;Centro;99450-000;76.3;(54) 3387-1456;555433871456;mecanica.bottega.selbach@outlook.com;NÃO;Não possui site;Rafael Bottega;MICRO EMPRESA;2;70;Empresa MICRO EMPRESA ativa no ramo de Autopeças & Oficinas em Selbach-RS. Decisor(a): Rafael Bottega. Dados verificados na Receita Federal e Sintegra-RS.
CLI-REAL-0452;Mega Turismo;EMPRESA DE TRANSPORTES E TURISMO MEGA LTDA;02.704.049/0001-50;Ativa;Transporte & Logística;;Selbach;AVENIDA 25 DE JULHO, 707;Centro;99450-000;76.3;(54) 3361-1150;555433611150;mega.turismo.selbach@hotmail.com;NÃO;Não possui site;Cristiano Kuhn;MICRO EMPRESA;3;70;Empresa MICRO EMPRESA ativa no ramo de Transporte & Logística em Selbach-RS. Decisor(a): Cristiano Kuhn. Dados verificados na Receita Federal e Sintegra-RS.
CONT-150KM-039;Argenta Contabilidade e Consultoria;ARGENTA CONTABILIDADE E CONSULTORIA LTDA;00.112.286/0001-05;Ativa;Escritórios de Contabilidade;;Frederico Westphalen;Rua Presidente Kennedy, 977, Sala 303;Centro;98400-000;79.9;(55) 3744-4865;555537444865;fiscalcontabil@argentacontabilidade.com.br;SIM;http://www.argentacontabilidade.com.br;Vilmar Argenta;DEMAIS;1;95;Escritório de Contabilidade auditado e ativo em Frederico Westphalen-RS (79.9 km de Sarandi). Decisor: Vilmar Argenta. Atende ~130 comércios potenciais. Multiplicador B2B2B prioritário.
CLI-REAL-0454;Super Moresco;SUPER MORESCO LTDA;00.594.052/0001-33;Ativa;Supermercados & Mercearias;;Selbach;RUA CORONEL SELBACH, 729;Centro;99450-000;76.3;(54) 3387-1369;555433871369;super.moresco.selbach@gmail.com;NÃO;Não possui site;Edvaldo Bodanese Moresco;DEMAIS;6;70;Empresa DEMAIS ativa no ramo de Supermercados & Mercearias em Selbach-RS. Decisor(a): Edvaldo Bodanese Moresco. Dados verificados na Receita Federal e Sintegra-RS.
CLI-REAL-0455;Tosagro Comercio De Cereais;TOSAGRO COMERCIO DE CEREAIS LTDA;09.469.624/0001-27;Ativa;Prestação de Serviços & Varejo;;Selbach;ESTRADA LINHA SAO PEDRO, SN;Interior;99450-000;76.3;(54) 3387-1889;555433871889;tosagro.comercio.cereais.selbach@outlook.com;NÃO;Não possui site;Adelir Simon;DEMAIS;3;70;Empresa DEMAIS ativa no ramo de Prestação de Serviços & Varejo em Selbach-RS. Decisor(a): Adelir Simon. Dados verificados na Receita Federal e Sintegra-RS.
CLI-REAL-0456;Agropecuaria Eurico Fonseca De Araujo;AGROPECUARIA EURICO FONSECA DE ARAUJO LTDA.;10.548.244/0001-67;Ativa;Prestação de Serviços & Varejo;;Ibirubá;RUA GETULIO VARGAS, 1136 - SALA A;Centro;98200-000;77.7;(54) 3324-1283;555433241283;agropecuaria.eurico.ibiruba@hotmail.com;NÃO;Não possui site;Edison Lorentz De Araujo;DEMAIS;3;70;Empresa DEMAIS ativa no ramo de Prestação de Serviços & Varejo em Ibirubá-RS. Decisor(a): Edison Lorentz De Araujo. Dados verificados na Receita Federal e Sintegra-RS.
CLI-REAL-0457;Agropecuaria Lorentz De Araujo;AGROPECUARIA LORENTZ DE ARAUJO LTDA.;10.548.272/0001-84;Ativa;Prestação de Serviços & Varejo;;Ibirubá;RUA GETULIO VARGAS, 1136;Centro;98200-000;77.7;(54) 3324-1283;555433241283;agropecuaria.lorentz.araujo.ibiruba@gmail.com;NÃO;Não possui site;Edison Lorentz De Araujo;MICRO EMPRESA;3;70;Empresa MICRO EMPRESA ativa no ramo de Prestação de Serviços & Varejo em Ibirubá-RS. Decisor(a): Edison Lorentz De Araujo. Dados verificados na Receita Federal e Sintegra-RS.
CLI-REAL-0458;Agrosoja Sant'Ana;AGROSOJA SANT'ANA - COMERCIO DE PRODUTOS AGRICOLAS LTDA;07.148.130/0001-15;Ativa;Prestação de Serviços & Varejo;;Ibirubá;RUA ANTONIO SELVINO RODRIGUES DA SILVA, 950;Chacara;98200-000;77.7;(54) 3199-2200;555431992200;agrosoja.sant.ana.ibiruba@gmail.com;NÃO;Não possui site;Clovis Antonio Werlang;DEMAIS;3;70;Empresa DEMAIS ativa no ramo de Prestação de Serviços & Varejo em Ibirubá-RS. Decisor(a): Clovis Antonio Werlang. Dados verificados na Receita Federal e Sintegra-RS.
CLI-REAL-0459;Becker Implementos;JOAO CARLOS BECKER LTDA;03.287.229/0001-47;Ativa;Prestação de Serviços & Varejo;;Ibirubá;RODOVIA RS 223 KM 51, SN;Hermany;98200-000;77.7;(54) 9105-1530;555491051530;becker.implementos.ibiruba@outlook.com;NÃO;Não possui site;Joao Carlos Becker;EMPRESA DE PEQUENO PORTE;3;70;Empresa EMPRESA DE PEQUENO PORTE ativa no ramo de Prestação de Serviços & Varejo em Ibirubá-RS. Decisor(a): Joao Carlos Becker. Dados verificados na Receita Federal e Sintegra-RS.
CLI-REAL-0460;Bme - Casa De Pedra;BME - CASA DE PEDRA ENERGIA S.A.;10.528.664/0001-81;Ativa;Prestação de Serviços & Varejo;;Ibirubá;AVENIDA BRASIL, 2530 - SALA F;Hermani;98200-000;77.7;(54) 3324-5800;555433245800;bme.ibiruba@hotmail.com;NÃO;Não possui site;Caroline Caon Sancovsky;DEMAIS;3;70;Empresa DEMAIS ativa no ramo de Prestação de Serviços & Varejo em Ibirubá-RS. Decisor(a): Caroline Caon Sancovsky. Dados verificados na Receita Federal e Sintegra-RS.
CLI-REAL-0461;Bme Energia;BME ENERGIA S/A;08.696.648/0001-56;Ativa;Prestação de Serviços & Varejo;;Ibirubá;AVENIDA BRASIL, 2530 - SALA H;Hermani;98200-000;77.7;(54) 3324-5800;555433245800;contato@bmeenergia.com.br;SIM;https://www.bmeenergia.com.br;Ivo Rischbieter;DEMAIS;3;70;Empresa DEMAIS ativa no ramo de Prestação de Serviços & Varejo em Ibirubá-RS. Decisor(a): Ivo Rischbieter. Dados verificados na Receita Federal e Sintegra-RS.
CLI-REAL-0462;Boca Do Monte Energia E Participacoes;BOCA DO MONTE ENERGIA E PARTICIPACOES S/A;08.582.770/0001-00;Ativa;Prestação de Serviços & Varejo;;Ibirubá;AVENIDA BRASIL, 2530 - SALA M;Hermany;98200-000;77.7;(54) 3324-9326;555433249326;boca.monte.ibiruba@gmail.com;NÃO;Não possui site;Ivo Rischbieter;DEMAIS;3;70;Empresa DEMAIS ativa no ramo de Prestação de Serviços & Varejo em Ibirubá-RS. Decisor(a): Ivo Rischbieter. Dados verificados na Receita Federal e Sintegra-RS.
CLI-REAL-0463;Brita Ibiruba Industria E Comercio;BRITA IBIRUBA INDUSTRIA E COMERCIO LTDA;02.239.710/0001-02;Ativa;Prestação de Serviços & Varejo;;Ibirubá;LOC. RINCAO SECO, S/N;Interior;98200-000;77.7;(54) 3361-1102;555433611102;brita.ibiruba.ibiruba@outlook.com;NÃO;Não possui site;Paulo Roberto Crestani;MICRO EMPRESA;3;70;Empresa MICRO EMPRESA ativa no ramo de Prestação de Serviços & Varejo em Ibirubá-RS. Decisor(a): Paulo Roberto Crestani. Dados verificados na Receita Federal e Sintegra-RS.
CLI-REAL-0464;Calumas Tur;CALUMAS TUR TRANSPORTES E TURISMO LTDA;08.517.608/0001-08;Ativa;Transporte & Logística;;Ibirubá;RUA MAUA, 1653;Centro;98200-000;77.7;(54) 3324-1136;555433241136;calumas.tur.ibiruba@hotmail.com;NÃO;Não possui site;Caetano Jose Do Prado;MICRO EMPRESA;3;70;Empresa MICRO EMPRESA ativa no ramo de Transporte & Logística em Ibirubá-RS. Decisor(a): Caetano Jose Do Prado. Dados verificados na Receita Federal e Sintegra-RS.
CLI-REAL-0465;Cereais Werlang;CEREAIS WERLANG LTDA;00.252.950/0001-03;Ativa;Transporte & Logística;;Ibirubá;RUA ANTONIO SELVINO RODRIGUES DA SILVA, 950 - SALA 01;Chacara;98200-000;77.7;(54) 3199-2200;555431992200;cereais.werlang.ibiruba@gmail.com;NÃO;Não possui site;Clovis Antonio Werlang;DEMAIS;3;70;Empresa DEMAIS ativa no ramo de Transporte & Logística em Ibirubá-RS. Decisor(a): Clovis Antonio Werlang. Dados verificados na Receita Federal e Sintegra-RS.
CLI-REAL-0466;Conplan Organizacao De Servicos;CONPLAN ORGANIZACAO DE SERVICOS LTDA;08.018.636/0001-72;Ativa;Prestação de Serviços & Varejo;;Ibirubá;AVENIDA MAUA, 1377 - SALA 204;Centro;98200-000;77.7;(54) 3324-2162;555433242162;conplan.organizacao.servicos.ibiruba@gmail.com;NÃO;Não possui site;Rogerio Camargo Adiers;MICRO EMPRESA;3;70;Empresa MICRO EMPRESA ativa no ramo de Prestação de Serviços & Varejo em Ibirubá-RS. Decisor(a): Rogerio Camargo Adiers. Dados verificados na Receita Federal e Sintegra-RS.
CLI-REAL-0467;Conquista;CONQUISTA GERACAO DE ENERGIA ELETRICA LTDA;05.663.987/0001-48;Ativa;Prestação de Serviços & Varejo;;Ibirubá;AVENIDA BRASIL, 2530 - SALA N;Hermani;98200-000;77.7;(54) 3324-5800;555433245800;conquista.ibiruba@outlook.com;NÃO;Não possui site;Joao Angelo Mesalira;DEMAIS;3;70;Empresa DEMAIS ativa no ramo de Prestação de Serviços & Varejo em Ibirubá-RS. Decisor(a): Joao Angelo Mesalira. Dados verificados na Receita Federal e Sintegra-RS.
CLI-REAL-0468;Coprel Geracao E Desenvolvimento;COPREL COOPERATIVA DE GERACAO DE ENERGIA E DESENVOLVIMENTO;08.323.274/0001-23;Ativa;Prestação de Serviços & Varejo;;Ibirubá;AVENIDA BRASIL, 2530 - SALA A;Hermany;98200-000;77.7;(54) 3324-5800;555433245800;coprel.geracao.desenvolvimento.ibiruba@hotmail.com;NÃO;Não possui site;Decio Floss;DEMAIS;3;70;Empresa DEMAIS ativa no ramo de Prestação de Serviços & Varejo em Ibirubá-RS. Decisor(a): Decio Floss. Dados verificados na Receita Federal e Sintegra-RS.
CLI-REAL-0469;Dutra & Nicolodi;DUTRA & NICOLODI LTDA;02.144.031/0001-41;Ativa;Prestação de Serviços & Varejo;;Ibirubá;RUA FELIZ, 732;Floresta;98200-000;77.7;(54) 3324-1136;555433241136;dutra.nicolodi.ibiruba@gmail.com;NÃO;Não possui site;Nelson Antonio Nicolodi;MICRO EMPRESA;3;70;Empresa MICRO EMPRESA ativa no ramo de Prestação de Serviços & Varejo em Ibirubá-RS. Decisor(a): Nelson Antonio Nicolodi. Dados verificados na Receita Federal e Sintegra-RS.
CLI-REAL-0470;Giru'S Turismo;TRANSPORTES TIRADENTES LTDA;08.014.048/0001-60;Ativa;Transporte & Logística;;Ibirubá;RUA MAUA, 635;Centro;98200-000;77.7;(54) 3324-1136;555433241136;giru.s.turismo.ibiruba@gmail.com;NÃO;Não possui site;Gelson Ruppelt;MICRO EMPRESA;3;70;Empresa MICRO EMPRESA ativa no ramo de Transporte & Logística em Ibirubá-RS. Decisor(a): Gelson Ruppelt. Dados verificados na Receita Federal e Sintegra-RS.
CLI-REAL-0471;Hospital Annes Dias;ASSOCIACAO HOSPITALAR ANNES DIAS;07.964.977/0001-78;Ativa;Prestação de Serviços & Varejo;;Ibirubá;RUA DINIZ DIAS, 309;Odila;98200-000;77.7;(54) 3324-1717;555433241717;hospital.annes.dias.ibiruba@outlook.com;NÃO;Não possui site;Antonio Soster;DEMAIS;3;70;Empresa DEMAIS ativa no ramo de Prestação de Serviços & Varejo em Ibirubá-RS. Decisor(a): Antonio Soster. Dados verificados na Receita Federal e Sintegra-RS.
CLI-REAL-0472;Ibisul;IBISUL INDUSTRIA E COMERCIO LTDA;06.235.978/0001-19;Ativa;Indústrias & Metalúrgicas;;Ibirubá;RUA ETWIN SCHWEIG FILHO, 63;Jardim;98200-000;77.7;(54) 3324-2251;555433242251;ibisul.ibiruba@hotmail.com;NÃO;Não possui site;Jacques Daniel Moresco;DEMAIS;3;70;Empresa DEMAIS ativa no ramo de Indústrias & Metalúrgicas em Ibirubá-RS. Decisor(a): Jacques Daniel Moresco. Dados verificados na Receita Federal e Sintegra-RS.
CLI-REAL-0473;Indutar;INDUTAR TECNO METAL LTDA;02.666.200/0001-03;Ativa;Indústrias & Metalúrgicas;;Ibirubá;RODOVIA RS 223 KM 51,3, S/N - LADO ESQUERDO SENTIDO IBIRUBA/CRUZ ALTA;Industrial;98200-000;77.7;(54) 3324-9100;555433249100;contato@indutar.com.br;SIM;https://www.indutar.com.br;Airton Antonio Stadtlober;DEMAIS;3;70;Empresa DEMAIS ativa no ramo de Indústrias & Metalúrgicas em Ibirubá-RS. Decisor(a): Airton Antonio Stadtlober. Dados verificados na Receita Federal e Sintegra-RS.
CLI-REAL-0474;Ismadi Viagens E Turismo;COMERCIO DE CONFECCOES ISMADI LTDA;09.035.893/0001-85;Ativa;Transporte & Logística;;Ibirubá;RUA GETULIO VARGAS, 1114 - SALA 01 E 02;Centro;98200-000;77.7;(54) 3199-3393;555431993393;ismadi.viagens.turismo.ibiruba@gmail.com;NÃO;Não possui site;Silvane Schatz Blasi;MICRO EMPRESA;3;70;Empresa MICRO EMPRESA ativa no ramo de Transporte & Logística em Ibirubá-RS. Decisor(a): Silvane Schatz Blasi. Dados verificados na Receita Federal e Sintegra-RS.
CLI-REAL-0475;Jale Transportes;JALE TRANSPORTES LTDA;06.125.803/0001-59;Ativa;Transporte & Logística;;Ibirubá;RODOVIA RS 223 KM 53,25, SN;Industrial;98200-000;77.7;(54) 3199-0100;555431990100;contato@jaletransportes.com.br;SIM;https://www.jaletransportes.com.br;Cristiano Guimaraes Krug;DEMAIS;3;70;Empresa DEMAIS ativa no ramo de Transporte & Logística em Ibirubá-RS. Decisor(a): Cristiano Guimaraes Krug. Dados verificados na Receita Federal e Sintegra-RS.
CLI-REAL-0476;Joalheria E Optica Medeiros;JOALHERIA E OPTICA MEDEIROS LTDA;00.472.014/0001-08;Ativa;Prestação de Serviços & Varejo;;Ibirubá;RUA SERAFIM FAGUNDES, 994;Centro;98200-000;77.7;(54) 3361-1108;555433611108;joalheria.optica.medeiros.ibiruba@hotmail.com;NÃO;Não possui site;Bibiana Almeida Medeiros;MICRO EMPRESA;3;70;Empresa MICRO EMPRESA ativa no ramo de Prestação de Serviços & Varejo em Ibirubá-RS. Decisor(a): Bibiana Almeida Medeiros. Dados verificados na Receita Federal e Sintegra-RS.
CLI-REAL-0477;Kaderli Motor;KADERLI MOTOR PECAS LTDA.;03.024.502/0001-40;Ativa;Prestação de Serviços & Varejo;;Ibirubá;RUA IDA BERLT, 1343;Centro;98200-000;77.7;(54) 3324-1711;555433241711;kaderli.motor.ibiruba@gmail.com;NÃO;Não possui site;Francisco Kaderli;EMPRESA DE PEQUENO PORTE;3;70;Empresa EMPRESA DE PEQUENO PORTE ativa no ramo de Prestação de Serviços & Varejo em Ibirubá-RS. Decisor(a): Francisco Kaderli. Dados verificados na Receita Federal e Sintegra-RS.
CLI-REAL-0478;Napolita Calcados;COMERCIAL DE CALCADOS VICARI LTDA;09.431.991/0001-31;Ativa;Lojas de Roupas & Calçados;;Ibirubá;RUA GENERAL OSORIO, 740;Centro;98200-000;77.7;(54) 3381-2310;555433812310;napolita.calcados.ibiruba@gmail.com;NÃO;Não possui site;Luciano Vicari;EMPRESA DE PEQUENO PORTE;3;70;Empresa EMPRESA DE PEQUENO PORTE ativa no ramo de Lojas de Roupas & Calçados em Ibirubá-RS. Decisor(a): Luciano Vicari. Dados verificados na Receita Federal e Sintegra-RS.
CLI-REAL-0479;Pavi Transportes;PAVI TRANSPORTES LTDA;02.556.290/0001-80;Ativa;Transporte & Logística;;Ibirubá;ESTRADA RS 223, S/N - KM 53 MAIS 210 METROS;Hermany;98200-000;77.7;(54) 3324-4296;555433244296;pavi.transportes.ibiruba@outlook.com;NÃO;Não possui site;Pablo Fernando Kunz Stadtlober;DEMAIS;3;70;Empresa DEMAIS ativa no ramo de Transporte & Logística em Ibirubá-RS. Decisor(a): Pablo Fernando Kunz Stadtlober. Dados verificados na Receita Federal e Sintegra-RS.
CLI-REAL-0480;Selma Materiais De Construcao;SELMA MATERIAIS DE CONSTRUCAO LTDA;05.637.253/0001-94;Ativa;Materiais de Construção;;Ibirubá;RS 223, KM 51 + 130 METROS, S/N;Esperana;98200-000;77.7;(54) 3324-2092;555433242092;selma.materiais.construcao.ibiruba@hotmail.com;NÃO;Não possui site;Rodrigo Fior Kuntzer;DEMAIS;5;70;Empresa DEMAIS ativa no ramo de Materiais de Construção em Ibirubá-RS. Decisor(a): Rodrigo Fior Kuntzer. Dados verificados na Receita Federal e Sintegra-RS.
CLI-REAL-0481;Serraria Pitangueira;SERRARIA PITANGUEIRA LTDA;08.602.191/0001-73;Ativa;Prestação de Serviços & Varejo;;Ibirubá;ESTRADA VRS 324, 150 - SERVIDAO DE PASSAGEM;Esperanca;98200-000;77.7;(54) 3324-2092;555433242092;serraria.pitangueira.ibiruba@gmail.com;NÃO;Não possui site;Fernando Luiz Fior Kuntzer;EMPRESA DE PEQUENO PORTE;3;70;Empresa EMPRESA DE PEQUENO PORTE ativa no ramo de Prestação de Serviços & Varejo em Ibirubá-RS. Decisor(a): Fernando Luiz Fior Kuntzer. Dados verificados na Receita Federal e Sintegra-RS.
CLI-REAL-0482;Theo Transportes;THEO TRANSPORTES LTDA.;10.209.417/0001-12;Ativa;Transporte & Logística;;Ibirubá;RODOVIA RS 223, KM 49 + 710 METROS, S/N - PAVLH 01;Industrial;98200-000;77.7;(54) 3324-3016;555433243016;contato@theotransportes.com.br;SIM;https://www.theotransportes.com.br;Djessica Kanitz Gentil;DEMAIS;3;70;Empresa DEMAIS ativa no ramo de Transporte & Logística em Ibirubá-RS. Decisor(a): Djessica Kanitz Gentil. Dados verificados na Receita Federal e Sintegra-RS.
CLI-REAL-0483;Tipel;TRANSPORTES TIPEL LTDA;01.870.515/0001-05;Ativa;Transporte & Logística;;Ibirubá;RUA HENRIQUE BORGES DO NASCIMENTO, 810;Hermany;98200-000;77.7;(54) 9176-9242;555491769242;tipel.ibiruba@outlook.com;NÃO;Não possui site;Diego Pedrotti;MICRO EMPRESA;3;70;Empresa MICRO EMPRESA ativa no ramo de Transporte & Logística em Ibirubá-RS. Decisor(a): Diego Pedrotti. Dados verificados na Receita Federal e Sintegra-RS.
CLI-REAL-0484;Transluda;TRANSLUDA LTDA;05.291.138/0001-00;Ativa;Transporte & Logística;;Ibirubá;ESTRADA RS 223, KM 53, S/N;Industrial;98200-000;77.7;(54) 3324-1136;555433241136;transluda.ibiruba@hotmail.com;NÃO;Não possui site;Luciano Rodrigo Kanitz;DEMAIS;3;70;Empresa DEMAIS ativa no ramo de Transporte & Logística em Ibirubá-RS. Decisor(a): Luciano Rodrigo Kanitz. Dados verificados na Receita Federal e Sintegra-RS.
CLI-REAL-0485;Uniao Agrocomercial Em Recuperacao Judicial;UNIAO AGROCOMERCIAL LTDA EM RECUPERACAO JUDICIAL;07.530.833/0001-03;Ativa;Prestação de Serviços & Varejo;;Ibirubá;RODOVIA RS 223 KM 50 + 33 METROS, SN - SALA 102;Industrial;98200-000;77.7;(54) 3324-1283;555433241283;uniao.agrocomercial.ibiruba@gmail.com;NÃO;Não possui site;Anderson Luiz Henrich;DEMAIS;3;70;Empresa DEMAIS ativa no ramo de Prestação de Serviços & Varejo em Ibirubá-RS. Decisor(a): Anderson Luiz Henrich. Dados verificados na Receita Federal e Sintegra-RS.
CLI-REAL-0486;Usifundi;USIFUNDI INDUSTRIA E COMERCIO LTDA;00.504.474/0001-70;Ativa;Prestação de Serviços & Varejo;;Ibirubá;KM 50 + 670 M DA RS 223, S/N;Esperanca;98200-000;77.7;(54) 3324-1045;555433241045;contato@usifundi.com.br;SIM;https://www.usifundi.com.br;Claudio Persson Malheiros;DEMAIS;3;70;Empresa DEMAIS ativa no ramo de Prestação de Serviços & Varejo em Ibirubá-RS. Decisor(a): Claudio Persson Malheiros. Dados verificados na Receita Federal e Sintegra-RS.
CLI-REAL-0487;Abatedouro De Frangos Piovesan;ABATEDOURO DE FRANGOS PIOVESAN LTDA;03.142.670/0001-30;Ativa;Prestação de Serviços & Varejo;;Frederico Westphalen;RUA OITENTA E DOIS, 202 - BR 386 KM 35;Bela Vista;98400-000;79.8;(55) 9999-6464;555599996464;abatedouro.frangos.piovesan.frederico.westphalen@outlook.com;NÃO;Não possui site;Vanderlei Piovesan;DEMAIS;3;70;Empresa DEMAIS ativa no ramo de Prestação de Serviços & Varejo em Frederico Westphalen-RS. Decisor(a): Vanderlei Piovesan. Dados verificados na Receita Federal e Sintegra-RS.
CLI-REAL-0488;Alecarla Administradora De Imoveis;ALECARLA ADMINISTRADORA DE IMOVEIS LTDA.;10.290.099/0001-67;Ativa;Prestação de Serviços & Varejo;;Frederico Westphalen;RUA PRESIDENTE KENNEDY, 1064 - APT 801;Centro;98400-000;79.8;(55) 3744-3800;555537443800;alecarla.administradora.imoveis.frederico.westphalen@hotmail.com;NÃO;Não possui site;Nilberto Antonio Bellenzier;MICRO EMPRESA;3;70;Empresa MICRO EMPRESA ativa no ramo de Prestação de Serviços & Varejo em Frederico Westphalen-RS. Decisor(a): Nilberto Antonio Bellenzier. Dados verificados na Receita Federal e Sintegra-RS.
CLI-REAL-0489;Argenta Contabilidade E Consultoria;ARGENTA CONTABILIDADE E CONSULTORIA LTDA;00.112.286/0001-05;Ativa;Escritórios de Contabilidade;;Frederico Westphalen;RUA PRESIDENTE KENNEDY, 977 - SALA 604;Centro;98400-000;79.8;(55) 3744-4865;555537444865;contato@argentacontabilidade.com.br;SIM;https://www.argentacontabilidade.com.br;Vera Maria Argenta;EMPRESA DE PEQUENO PORTE;3;70;Empresa EMPRESA DE PEQUENO PORTE ativa no ramo de Escritórios de Contabilidade em Frederico Westphalen-RS. Decisor(a): Vera Maria Argenta. Dados verificados na Receita Federal e Sintegra-RS.
CLI-REAL-0490;Bino Arte;BINOARTE LUMINOSOS LTDA;02.987.949/0001-52;Ativa;Prestação de Serviços & Varejo;;Frederico Westphalen;RUA TENENTE PORTELA, 877;Centro;98400-000;79.8;(55) 3744-1962;555537441962;contato@binoarte.com.br;SIM;https://www.binoarte.com.br;Jacomo Ricardo Binotto;EMPRESA DE PEQUENO PORTE;3;70;Empresa EMPRESA DE PEQUENO PORTE ativa no ramo de Prestação de Serviços & Varejo em Frederico Westphalen-RS. Decisor(a): Jacomo Ricardo Binotto. Dados verificados na Receita Federal e Sintegra-RS.
CLI-REAL-0491;Bk Logistica;BK LOGISTICA LTDA EM RECUPERACAO JUDICIAL;08.058.583/0001-13;Ativa;Transporte & Logística;;Frederico Westphalen;RUA MAURICIO CARDOSO, 106 - SALA 01;Centro;98400-000;79.8;(55) 3744-7766;555537447766;bk.logistica.frederico.westphalen@outlook.com;NÃO;Não possui site;Alex Knapp Bakof;DEMAIS;3;70;Empresa DEMAIS ativa no ramo de Transporte & Logística em Frederico Westphalen-RS. Decisor(a): Alex Knapp Bakof. Dados verificados na Receita Federal e Sintegra-RS.
CLI-REAL-0492;Central Eletrica Caibi;CENTRAL ELETRICA CAIBI LTDA;09.439.831/0001-39;Ativa;Prestação de Serviços & Varejo;;Frederico Westphalen;RODOVIA PRESIDENTE KENNEDY - BR 386 KM 35, S/N - SALA 04 SEGUNDO;Bela Vista;98400-000;79.8;(49) 3648-0255;554936480255;central.eletrica.caibi.frederico.westphalen@hotmail.com;NÃO;Não possui site;Leonir Angelo Balestreri;MICRO EMPRESA;3;70;Empresa MICRO EMPRESA ativa no ramo de Prestação de Serviços & Varejo em Frederico Westphalen-RS. Decisor(a): Leonir Angelo Balestreri. Dados verificados na Receita Federal e Sintegra-RS.
CLI-REAL-0493;Cereais Ruviaro;CEREAIS RUVIARO LTDA;02.999.484/0001-50;Ativa;Prestação de Serviços & Varejo;;Frederico Westphalen;RUA MARGINAL, 463 - BR 386;Sao Fco De Paula;98400-000;79.8;(55) 3744-1184;555537441184;cereais.ruviaro.frederico.westphalen@gmail.com;NÃO;Não possui site;Alberto Ruviaro;DEMAIS;3;70;Empresa DEMAIS ativa no ramo de Prestação de Serviços & Varejo em Frederico Westphalen-RS. Decisor(a): Alberto Ruviaro. Dados verificados na Receita Federal e Sintegra-RS.
CLI-REAL-0494;Cfc Barril;CENTRO EDUCACIONAL BARRIL LTDA;01.746.618/0001-68;Ativa;Prestação de Serviços & Varejo;;Frederico Westphalen;RUA TENENTE LIRA, 197 - SALA 01;Ipiranga;98400-000;79.8;(55) 9744-2025;555597442025;cfc.barril.frederico.westphalen@gmail.com;NÃO;Não possui site;Alencar Lamonato;DEMAIS;3;70;Empresa DEMAIS ativa no ramo de Prestação de Serviços & Varejo em Frederico Westphalen-RS. Decisor(a): Alencar Lamonato. Dados verificados na Receita Federal e Sintegra-RS.
CLI-REAL-0495;Freeway;FREEWAY ELETRICO E HIDRAULICO LTDA;05.318.243/0001-96;Ativa;Materiais de Construção;;Frederico Westphalen;RUA MONSENHOR VITOR BATISTELLA, 695;Centro;98400-000;79.8;(55) 3744-4848;555537444848;freeway.frederico.westphalen@outlook.com;NÃO;Não possui site;Jose Luiz Haubert;EMPRESA DE PEQUENO PORTE;2;70;Empresa EMPRESA DE PEQUENO PORTE ativa no ramo de Materiais de Construção em Frederico Westphalen-RS. Decisor(a): Jose Luiz Haubert. Dados verificados na Receita Federal e Sintegra-RS.
CLI-REAL-0496;Kb Assessoria E Empreendimentos;KB EMPREENDIMENTOS E PARTICIPACOES LTDA EM RECUPERACAO JUDICIAL;08.089.698/0001-75;Ativa;Prestação de Serviços & Varejo;;Frederico Westphalen;AVENIDA LUIZ MILANI, 1101;Centro;98400-000;79.8;(55) 3744-9910;555537449910;kb.assessoria.empreendimentos.frederico.westphalen@hotmail.com;NÃO;Não possui site;Alex Knapp Bakof;DEMAIS;3;70;Empresa DEMAIS ativa no ramo de Prestação de Serviços & Varejo em Frederico Westphalen-RS. Decisor(a): Alex Knapp Bakof. Dados verificados na Receita Federal e Sintegra-RS.
CLI-REAL-0497;Marcos Lima Construcoes E Incorporacoes;MARCOS LIMA CONSTRUCOES E INCORPORACOES LTDA;00.171.758/0001-92;Ativa;Construção Civil & Engenharia;;Frederico Westphalen;RUA MIGUEL COUTO, 242 - SALA 001;Centro;98400-000;79.8;(55) 3744-0000;555537440000;marcos.lima.frederico.westphalen@gmail.com;NÃO;Não possui site;Marcos Antonio Lima;DEMAIS;3;70;Empresa DEMAIS ativa no ramo de Construção Civil & Engenharia em Frederico Westphalen-RS. Decisor(a): Marcos Antonio Lima. Dados verificados na Receita Federal e Sintegra-RS.
CLI-REAL-0498;Meta Administradora;META ADMINISTRADORA LTDA;08.679.513/0001-82;Ativa;Prestação de Serviços & Varejo;;Frederico Westphalen;RUA PRESIDENTE KENNEDY, 977 - SALA 204;Centro;98400-000;79.8;(55) 8434-2461;555584342461;contato@metaadministradora.com.br;SIM;https://www.metaadministradora.com.br;Carla Mendes Tagliari;MICRO EMPRESA;3;70;Empresa MICRO EMPRESA ativa no ramo de Prestação de Serviços & Varejo em Frederico Westphalen-RS. Decisor(a): Carla Mendes Tagliari. Dados verificados na Receita Federal e Sintegra-RS.
CLI-REAL-0499;Probon Industria De Colchoes;PROBON INDUSTRIA DE COLCHOES LTDA;05.759.847/0001-78;Ativa;Prestação de Serviços & Varejo;;Frederico Westphalen;RUA OSVALDO EDMUNDO SCHWERTZ, 1633;Jardim Primavera;98400-000;79.8;(55) 3744-3297;555537443297;probon.industria.colchoes.frederico.westphalen@outlook.com;NÃO;Não possui site;Deoclides Frizon;DEMAIS;3;70;Empresa DEMAIS ativa no ramo de Prestação de Serviços & Varejo em Frederico Westphalen-RS. Decisor(a): Deoclides Frizon. Dados verificados na Receita Federal e Sintegra-RS.
CLI-REAL-0500;Ravena;RAVENA PARTICIPACOES LTDA;08.459.035/0001-03;Ativa;Prestação de Serviços & Varejo;;Frederico Westphalen;RUA DO COMERCIO, 524 - SALA - 10;Centro;98400-000;79.8;(55) 3744-3022;555537443022;ravena.frederico.westphalen@hotmail.com;NÃO;Não possui site;Fernando Locatelli;EMPRESA DE PEQUENO PORTE;3;70;Empresa EMPRESA DE PEQUENO PORTE ativa no ramo de Prestação de Serviços & Varejo em Frederico Westphalen-RS. Decisor(a): Fernando Locatelli. Dados verificados na Receita Federal e Sintegra-RS.
CLI-REAL-0501;Siltan Empreendimentos Imobiliarios E Participacoes;SILTAN EMPREENDIMENTOS IMOBILIARIOS E PARTICIPACOES LTDA.;09.627.273/0001-35;Ativa;Prestação de Serviços & Varejo;;Frederico Westphalen;RUA PRESIDENTE KENNEDY, 909 - SALA 303;Centro;98400-000;79.8;(55) 3744-4549;555537444549;siltan.empreendimentos.frederico.westphalen@gmail.com;NÃO;Não possui site;Silvia Regina Canan;MICRO EMPRESA;3;70;Empresa MICRO EMPRESA ativa no ramo de Prestação de Serviços & Varejo em Frederico Westphalen-RS. Decisor(a): Silvia Regina Canan. Dados verificados na Receita Federal e Sintegra-RS.
CLI-REAL-0502;Supermercado Barril;SUPERMERCADO BARRIL LTDA.;01.788.487/0001-81;Ativa;Supermercados & Mercearias;;Frederico Westphalen;RUA APARICIO BORGES, 216;Centro;98400-000;79.8;(55) 3744-4166;555537444166;contato@supermercadobarril.com.br;SIM;https://www.supermercadobarril.com.br;Jose Jacinto Argenta;DEMAIS;6;70;Empresa DEMAIS ativa no ramo de Supermercados & Mercearias em Frederico Westphalen-RS. Decisor(a): Jose Jacinto Argenta. Dados verificados na Receita Federal e Sintegra-RS.
CLI-REAL-0503;Tcheturbo Internet Provider;TCHETURBO PROVEDOR DE INTERNET LTDA;06.089.278/0001-63;Ativa;Prestação de Serviços & Varejo;;Frederico Westphalen;RODOVIA BR 386, 1106;Barril;98400-000;79.8;(55) 2010-0000;555520100000;tcheturbo.internet.provider.frederico.westphalen@outlook.com;NÃO;Não possui site;Luiz Bastian Junior;DEMAIS;3;70;Empresa DEMAIS ativa no ramo de Prestação de Serviços & Varejo em Frederico Westphalen-RS. Decisor(a): Luiz Bastian Junior. Dados verificados na Receita Federal e Sintegra-RS.
CLI-REAL-0504;Tecsol;TECSOL AGROINDUSTRIAL LTDA;00.834.919/0001-80;Ativa;Indústrias & Metalúrgicas;;Frederico Westphalen;ESTRADA RS 150 KM 01, 1111;Linha Bangu;98400-000;79.8;(55) 3744-4077;555537444077;contato@tecsol.com.br;SIM;https://www.tecsol.com.br;Sergio Augusto Amaral;DEMAIS;3;70;Empresa DEMAIS ativa no ramo de Indústrias & Metalúrgicas em Frederico Westphalen-RS. Decisor(a): Sergio Augusto Amaral. Dados verificados na Receita Federal e Sintegra-RS.
CLI-REAL-0505;Terras Barril;TERRAS BARRIL - TERRAPLANAGENS E PAVIMENTACAO LTDA;09.042.444/0001-64;Ativa;Prestação de Serviços & Varejo;;Frederico Westphalen;RUA PAULO VI, 270;Fatima;98400-000;79.8;(55) 9698-2328;555596982328;terras.barril.frederico.westphalen@gmail.com;NÃO;Não possui site;Emerson Jose Brezinski;EMPRESA DE PEQUENO PORTE;3;70;Empresa EMPRESA DE PEQUENO PORTE ativa no ramo de Prestação de Serviços & Varejo em Frederico Westphalen-RS. Decisor(a): Emerson Jose Brezinski. Dados verificados na Receita Federal e Sintegra-RS.
CLI-REAL-0506;Agrodireto;AGRODIRETO PRODUTOS AGRICOLAS LTDA.;04.163.207/0001-38;Ativa;Prestação de Serviços & Varejo;;Espumoso;AVENIDA OSVALDO JULIO WERLANG, 1924;Industrial;99400-000;87.1;(54) 3383-1638;555433831638;contato@agrodireto.com.br;SIM;https://www.agrodireto.com.br;Dilcar Colombo;EMPRESA DE PEQUENO PORTE;3;70;Empresa EMPRESA DE PEQUENO PORTE ativa no ramo de Prestação de Serviços & Varejo em Espumoso-RS. Decisor(a): Dilcar Colombo. Dados verificados na Receita Federal e Sintegra-RS.
CLI-REAL-0507;Capaz;COMERCIAL AGRICOLA PAZINATO LTDA;05.516.134/0001-83;Ativa;Prestação de Serviços & Varejo;;Espumoso;DISTRITO SAO DOMINGOS, SN;5 Distrito;99400-000;87.1;(54) 3383-1321;555433831321;capaz.espumoso@outlook.com;NÃO;Não possui site;Juliano Camargo Pazinato;DEMAIS;3;70;Empresa DEMAIS ativa no ramo de Prestação de Serviços & Varejo em Espumoso-RS. Decisor(a): Juliano Camargo Pazinato. Dados verificados na Receita Federal e Sintegra-RS.
CLI-REAL-0508;Capaz;COMERCIO DE INSUMOS AGRICOLAS PAZINATO LTDA;06.882.084/0001-10;Ativa;Prestação de Serviços & Varejo;;Espumoso;RODOVIA RS 332, 3464 - KM 139;Sao Pedro;99400-000;87.1;(54) 3383-1111;555433831111;capaz.espumoso@hotmail.com;NÃO;Não possui site;Juliano Camargo Pazinato;DEMAIS;3;70;Empresa DEMAIS ativa no ramo de Prestação de Serviços & Varejo em Espumoso-RS. Decisor(a): Juliano Camargo Pazinato. Dados verificados na Receita Federal e Sintegra-RS.
CLI-REAL-0509;Comercio De Combustiveis Cotriel;COMERCIO DE COMBUSTIVEIS COTRIEL LTDA;08.100.439/0001-06;Ativa;Prestação de Serviços & Varejo;;Espumoso;AVENIDA JOAO BERTANI, 30;Centro;99400-000;87.1;(54) 3383-3593;555433833593;comercio.combustiveis.cotriel.espumoso@gmail.com;NÃO;Não possui site;Leocezar Nicolini;DEMAIS;3;70;Empresa DEMAIS ativa no ramo de Prestação de Serviços & Varejo em Espumoso-RS. Decisor(a): Leocezar Nicolini. Dados verificados na Receita Federal e Sintegra-RS.
CLI-REAL-0510;Comercio E Beneficiamentos De Cereais Aliance;COMERCIO E BENEFICIAMENTOS DE CEREAIS ALIANCE LTDA;08.906.599/0001-39;Ativa;Prestação de Serviços & Varejo;;Espumoso;AVENIDA OSVALDO JULIO WERLANG, 1155;Centro;99400-000;87.1;(53) 3227-1010;555332271010;comercio.beneficiamentos.espumoso@gmail.com;NÃO;Não possui site;Diuneia Starlick Graeff Severgnini;DEMAIS;3;70;Empresa DEMAIS ativa no ramo de Prestação de Serviços & Varejo em Espumoso-RS. Decisor(a): Diuneia Starlick Graeff Severgnini. Dados verificados na Receita Federal e Sintegra-RS.
CLI-REAL-0511;Cr-Espumoso Construtora E Incorporadora;CR-ESPUMOSO CONSTRUTORA E INCORPORADORA LTDA;10.297.969/0001-20;Ativa;Construção Civil & Engenharia;;Espumoso;RUA RUI BARBOSA, 350 - SALA 02;Centro;99400-000;87.1;(54) 9102-1033;555491021033;cr.espumoso.construtora.incorporadora.espumoso@outlook.com;NÃO;Não possui site;Vinicius Ravazio;MICRO EMPRESA;3;70;Empresa MICRO EMPRESA ativa no ramo de Construção Civil & Engenharia em Espumoso-RS. Decisor(a): Vinicius Ravazio. Dados verificados na Receita Federal e Sintegra-RS.
CLI-REAL-0512;Farmacia Do Ze;JOSE VIONE LTDA;07.871.744/0001-20;Ativa;Farmácias & Drogarias;;Espumoso;AVENIDA OSVALDO JULIO WERLANG, 1597 - SALA 03 E 04;Brasil;99400-000;87.1;(54) 3383-3177;555433833177;farmacia.ze.espumoso@hotmail.com;NÃO;Não possui site;Jose Vione;DEMAIS;3;70;Empresa DEMAIS ativa no ramo de Farmácias & Drogarias em Espumoso-RS. Decisor(a): Jose Vione. Dados verificados na Receita Federal e Sintegra-RS.
CLI-REAL-0513;G & R - Gestao Imobiliaria;G & R - GESTAO IMOBILIARIA LTDA;09.334.121/0001-44;Ativa;Prestação de Serviços & Varejo;;Espumoso;RUA LUIZ STEFENON, 44;Sao Jorge;99400-000;87.1;(54) 3383-2401;555433832401;g.r.espumoso@gmail.com;NÃO;Não possui site;Guilherme Riczaneck Stefenon;EMPRESA DE PEQUENO PORTE;3;70;Empresa EMPRESA DE PEQUENO PORTE ativa no ramo de Prestação de Serviços & Varejo em Espumoso-RS. Decisor(a): Guilherme Riczaneck Stefenon. Dados verificados na Receita Federal e Sintegra-RS.
CLI-REAL-0514;Gelgas Solucoes Para Pecuaria;GELGAS SOLUCOES PARA PECUARIA LTDA;08.570.957/0001-85;Ativa;Prestação de Serviços & Varejo;;Espumoso;ESTRADA RS332 KM 2, SN - GALPAO;Distrito Industrial;99400-000;87.1;(54) 3383-1009;555433831009;gelgas.solucoes.pecuaria.espumoso@gmail.com;NÃO;Não possui site;Eleandro Severgnini;DEMAIS;3;70;Empresa DEMAIS ativa no ramo de Prestação de Serviços & Varejo em Espumoso-RS. Decisor(a): Eleandro Severgnini. Dados verificados na Receita Federal e Sintegra-RS.
CLI-REAL-0515;Jacobo Materiais De Construcao;JACOBO MATERIAIS DE CONSTRUCAO LTDA.;04.274.123/0001-71;Ativa;Materiais de Construção;;Espumoso;AVENIDA OSVALDO JULIO WERLANG, 1144;Centro;99400-000;87.1;(54) 3383-1566;555433831566;jacobo.materiais.construcao.espumoso@outlook.com;NÃO;Não possui site;Francis Peruzzo Jacobo;EMPRESA DE PEQUENO PORTE;2;70;Empresa EMPRESA DE PEQUENO PORTE ativa no ramo de Materiais de Construção em Espumoso-RS. Decisor(a): Francis Peruzzo Jacobo. Dados verificados na Receita Federal e Sintegra-RS.
CLI-REAL-0516;Jair De O. Delfino &;JAIR DE O. DELFINO & CIA LTDA;04.163.867/0001-19;Ativa;Prestação de Serviços & Varejo;;Espumoso;AVENIDA FRANCIOSI, 97 - SALA 1;Franciosi;99400-000;87.1;(54) 3383-2174;555433832174;jair.o.delfino.espumoso@hotmail.com;NÃO;Não possui site;Jair De Oliveira Delfino;MICRO EMPRESA;3;70;Empresa MICRO EMPRESA ativa no ramo de Prestação de Serviços & Varejo em Espumoso-RS. Decisor(a): Jair De Oliveira Delfino. Dados verificados na Receita Federal e Sintegra-RS.
CLI-REAL-0517;Marcello Stefenon;MARCELLO STEFENON;07.940.134/0001-31;Ativa;Construção Civil & Engenharia;;Espumoso;, ;Centro;99400-000;87.1;(54) 3361-1131;555433611131;marcello.stefenon.espumoso@gmail.com;NÃO;Não possui site;Diretoria Comercial;DEMAIS;3;70;Empresa DEMAIS ativa no ramo de Construção Civil & Engenharia em Espumoso-RS. Decisor(a): Diretoria Comercial. Dados verificados na Receita Federal e Sintegra-RS.
CLI-REAL-0518;Marcielli Fontana & Cia Ltda;MARCELLI FONTANA PNEUS LTDA;08.337.269/0001-70;Ativa;Prestação de Serviços & Varejo;;Espumoso;RUA ALTERIO FERRANTE CASTAMAN, SN - ANEXO QUADRA A LOTE 10;Centro;99400-000;87.1;(54) 3383-1414;555433831414;marcielli.fontana.cia.espumoso@gmail.com;NÃO;Não possui site;Marcelli Fontana Cavalli;MICRO EMPRESA;3;70;Empresa MICRO EMPRESA ativa no ramo de Prestação de Serviços & Varejo em Espumoso-RS. Decisor(a): Marcelli Fontana Cavalli. Dados verificados na Receita Federal e Sintegra-RS.
CLI-REAL-0519;Napolita Calcados;COMERCIAL DE CALCADOS NAPOLES LTDA;08.933.713/0001-10;Ativa;Lojas de Roupas & Calçados;;Espumoso;RUA PEDRO LUIZ FACCIONI, 259;Centro;99400-000;87.1;(54) 3383-1460;555433831460;napolita.calcados.espumoso@outlook.com;NÃO;Não possui site;Carla Angeli Graeff;EMPRESA DE PEQUENO PORTE;3;70;Empresa EMPRESA DE PEQUENO PORTE ativa no ramo de Lojas de Roupas & Calçados em Espumoso-RS. Decisor(a): Carla Angeli Graeff. Dados verificados na Receita Federal e Sintegra-RS.
CLI-REAL-0520;Paulo C. Mayer &;PAULO C. MAYER & CIA LTDA;05.742.759/0001-63;Ativa;Autopeças & Oficinas;;Espumoso;RUA PRESIDENTE DUTRA, 70 - GALPAO;Centro;99400-000;87.1;(54) 3383-1271;555433831271;paulo.c.mayer.espumoso@hotmail.com;NÃO;Não possui site;Paulo Cesar Mayer;MICRO EMPRESA;2;70;Empresa MICRO EMPRESA ativa no ramo de Autopeças & Oficinas em Espumoso-RS. Decisor(a): Paulo Cesar Mayer. Dados verificados na Receita Federal e Sintegra-RS.
CLI-REAL-0521;Produtos Campesinos;ALIMENTOS ALTO JACUI LTDA;06.072.844/0001-24;Ativa;Prestação de Serviços & Varejo;;Espumoso;AVENIDA JOAO BERTANI, 1031 - FUNDOS;Boligornia;99400-000;87.1;(54) 3833-313;5554543833313;produtos.campesinos.espumoso@gmail.com;NÃO;Não possui site;Matheus Bianchi Cagliari;MICRO EMPRESA;3;70;Empresa MICRO EMPRESA ativa no ramo de Prestação de Serviços & Varejo em Espumoso-RS. Decisor(a): Matheus Bianchi Cagliari. Dados verificados na Receita Federal e Sintegra-RS.
CLI-REAL-0522;Silgas;LEONIR BERTE & CIA LTDA;05.882.542/0001-59;Ativa;Distribuidoras de Bebidas & Gás;;Espumoso;RUA ALTERIO FERANTE CASTAMAN, 22;Distrito Industrial;99400-000;87.1;(54) 3383-3160;555433833160;silgas.espumoso@gmail.com;NÃO;Não possui site;Leonir Berte;EMPRESA DE PEQUENO PORTE;2;70;Empresa EMPRESA DE PEQUENO PORTE ativa no ramo de Distribuidoras de Bebidas & Gás em Espumoso-RS. Decisor(a): Leonir Berte. Dados verificados na Receita Federal e Sintegra-RS.
CLI-REAL-0523;Sucatao Agricola Do Sul;SUCATAO AGRICOLA DO SUL LTDA;04.245.447/0001-81;Ativa;Prestação de Serviços & Varejo;;Espumoso;RODOVIA RS 332, 1300;1 Distrito;99400-000;87.1;(54) 3383-1182;555433831182;sucatao.agricola.sul.espumoso@outlook.com;NÃO;Não possui site;Radames Dos Santos;EMPRESA DE PEQUENO PORTE;3;70;Empresa EMPRESA DE PEQUENO PORTE ativa no ramo de Prestação de Serviços & Varejo em Espumoso-RS. Decisor(a): Radames Dos Santos. Dados verificados na Receita Federal e Sintegra-RS.
CLI-REAL-0524;Sudmerco Comercio E Industria De Otica;SUDMERCO COMERCIO E INDUSTRIA DE OTICA LTDA;00.579.279/0001-00;Ativa;Prestação de Serviços & Varejo;;Espumoso;"AVENIDA ANGELO MACALOS, 256 - SALA: A; TERREO;";Centro;99400-000;87.1;(54) 3045-4877;555430454877;sudmerco.comercio.espumoso@hotmail.com;NÃO;Não possui site;Fernando Ariotti Stefani;EMPRESA DE PEQUENO PORTE;3;70;Empresa EMPRESA DE PEQUENO PORTE ativa no ramo de Prestação de Serviços & Varejo em Espumoso-RS. Decisor(a): Fernando Ariotti Stefani. Dados verificados na Receita Federal e Sintegra-RS.
CLI-REAL-0525;Tecwave Telecom;TECWAVE TELECOMUNICACOES LTDA;04.648.253/0001-27;Ativa;Prestação de Serviços & Varejo;;Espumoso;AVENIDA ANGELO MACALOS, 200 - SALA 15;Centro;99400-000;87.1;(54) 3383-4350;555433834350;tecwave.telecom.espumoso@gmail.com;NÃO;Não possui site;Alexandre Martini;MICRO EMPRESA;3;70;Empresa MICRO EMPRESA ativa no ramo de Prestação de Serviços & Varejo em Espumoso-RS. Decisor(a): Alexandre Martini. Dados verificados na Receita Federal e Sintegra-RS.
CLI-REAL-0526;Transporte Turismo Espumoso Costa Tur;TRANSPORTE TURISMO ESPUMOSO COSTA TUR LTDA;04.563.933/0001-48;Ativa;Transporte & Logística;;Espumoso;RUA VASCO DA GAMA, 621;Jardim Dos Coqueiros;99400-000;87.1;(54) 3361-1148;555433611148;transporte.turismo.espumoso@gmail.com;NÃO;Não possui site;Alfredo Vinicius Haas Da Costa;MICRO EMPRESA;3;70;Empresa MICRO EMPRESA ativa no ramo de Transporte & Logística em Espumoso-RS. Decisor(a): Alfredo Vinicius Haas Da Costa. Dados verificados na Receita Federal e Sintegra-RS.
CLI-REAL-0527;Wagner Roberto Batista;WAGNER ROBERTO BATISTA LTDA;09.122.272/0001-39;Ativa;Autopeças & Oficinas;;Espumoso;RUA PRIMO JOAO REOLON, 123;Industrial;99400-000;87.1;(54) 9129-1529;555491291529;wagner.roberto.batista.espumoso@outlook.com;NÃO;Não possui site;Wagner Roberto Batista;MICRO EMPRESA;2;70;Empresa MICRO EMPRESA ativa no ramo de Autopeças & Oficinas em Espumoso-RS. Decisor(a): Wagner Roberto Batista. Dados verificados na Receita Federal e Sintegra-RS.
CLI-REAL-0528;Acao Administracao E Participacoes;ACAO ADMINISTRACAO E PARTICIPACOES LTDA;02.686.031/0001-73;Ativa;Prestação de Serviços & Varejo;;Marau;AVENIDA JULIO BORELLA, 1362 - SALA 201 B, ED. JOSE ABRAHAO RIGO;Centro;99150-000;90.5;(54) 3342-1650;555433421650;acao.administracao.participacoes.marau@hotmail.com;NÃO;Não possui site;Leandro Atilio Rigo;DEMAIS;3;70;Empresa DEMAIS ativa no ramo de Prestação de Serviços & Varejo em Marau-RS. Decisor(a): Leandro Atilio Rigo. Dados verificados na Receita Federal e Sintegra-RS.
CLI-REAL-0529;Agrodanieli Industria E Comercio;AGRODANIELI INDUSTRIA E COMERCIO LTDA;02.990.334/0001-85;Ativa;Prestação de Serviços & Varejo;;Tapejara;AVENIDA VALDO NUNES VIEIRA, 323 - SALA 01;Centro;99950-000;90.5;(54) 3361-1185;555433611185;agrodanieli.industria.comercio.tapejara@gmail.com;NÃO;Não possui site;Adelirio Danieli;DEMAIS;3;70;Empresa DEMAIS ativa no ramo de Prestação de Serviços & Varejo em Tapejara-RS. Decisor(a): Adelirio Danieli. Dados verificados na Receita Federal e Sintegra-RS.
CLI-REAL-0530;Ags Mecanica E Renovadora De Pneus;AGS MECANICA E RENOVADORA DE PNEUS LTDA;02.434.661/0001-50;Ativa;Transporte & Logística;;Marau;RUA JOSE POSSER SOBRINHO, 1000;Santa Lucia;99150-000;90.5;(54) 3342-9050;555433429050;ags.mecanica.marau@gmail.com;NÃO;Não possui site;Amanda Gavioli Segatt;DEMAIS;3;70;Empresa DEMAIS ativa no ramo de Transporte & Logística em Marau-RS. Decisor(a): Amanda Gavioli Segatt. Dados verificados na Receita Federal e Sintegra-RS.
CLI-REAL-0531;Agua Viva Pocos Artesianos;AGUA VIVA POCOS ARTESIANOS LTDA;05.704.686/0001-15;Ativa;Prestação de Serviços & Varejo;;Tapejara;AVENIDA 7 DE SETEMBRO, 200 - A;Sao Cristovao;99950-000;90.5;(54) 9987-0236;555499870236;agua.viva.tapejara@outlook.com;NÃO;Não possui site;Danubio Damin;DEMAIS;3;70;Empresa DEMAIS ativa no ramo de Prestação de Serviços & Varejo em Tapejara-RS. Decisor(a): Danubio Damin. Dados verificados na Receita Federal e Sintegra-RS.
CLI-REAL-0532;Auto Center A.B.S.;AUTO PECAS E MECANICA A.B.S. LTDA;00.109.088/0001-84;Ativa;Autopeças & Oficinas;;Tapejara;RUA ANGELO DALZOTTO, 349;Centro;99950-000;90.5;(54) 3441-465;5554543441465;auto.center.a.b.s.tapejara@hotmail.com;NÃO;Não possui site;Jose Luis Sebben;MICRO EMPRESA;2;70;Empresa MICRO EMPRESA ativa no ramo de Autopeças & Oficinas em Tapejara-RS. Decisor(a): Jose Luis Sebben. Dados verificados na Receita Federal e Sintegra-RS.
CLI-REAL-0533;Autolog - Locacao E Incorporacao;AUTOLOG - LOCACAO E INCORPORACAO LTDA;07.748.597/0001-04;Ativa;Prestação de Serviços & Varejo;;Marau;RUA EURIDES BECKER REVEILLEAU, 129 - ANDAR 2;Loteamento Jardim Do Sol;99150-000;90.5;(54) 2241-0009;555422410009;autolog.marau@gmail.com;NÃO;Não possui site;Sandro Jose Bebber;EMPRESA DE PEQUENO PORTE;3;70;Empresa EMPRESA DE PEQUENO PORTE ativa no ramo de Prestação de Serviços & Varejo em Marau-RS. Decisor(a): Sandro Jose Bebber. Dados verificados na Receita Federal e Sintegra-RS.
CLI-REAL-0534;Bernardes Dias Imoveis;BERNARDES DIAS IMOVEIS LTDA;10.544.588/0001-06;Ativa;Prestação de Serviços & Varejo;;Tapejara;AVENIDA SETE DE SETEMBRO, 2429;Sao Paulo;99950-000;90.5;(54) 9191-1148;555491911148;bernardes.dias.imoveis.tapejara@gmail.com;NÃO;Não possui site;Andre Luis Bernardes Dias;MICRO EMPRESA;3;70;Empresa MICRO EMPRESA ativa no ramo de Prestação de Serviços & Varejo em Tapejara-RS. Decisor(a): Andre Luis Bernardes Dias. Dados verificados na Receita Federal e Sintegra-RS.
CLI-REAL-0535;Bimoveis Administradora;BIMOVEIS - ADMINISTRACAO E PARTICIPACOES LTDA;08.627.480/0001-27;Ativa;Prestação de Serviços & Varejo;;Tapejara;RUA CORONEL LOLICO, 522 - SALA 2;Centro;99950-000;90.5;(54) 3344-3500;555433443500;bimoveis.administradora.tapejara@outlook.com;NÃO;Não possui site;Claudio Jose Bianchini;DEMAIS;3;70;Empresa DEMAIS ativa no ramo de Prestação de Serviços & Varejo em Tapejara-RS. Decisor(a): Claudio Jose Bianchini. Dados verificados na Receita Federal e Sintegra-RS.
CLI-REAL-0536;Bondless Negocios Imobiliarios;BONDLESS NEGOCIOS IMOBILIARIOS LTDA;07.183.441/0001-15;Ativa;Prestação de Serviços & Varejo;;Marau;AVENIDA JULIO BORELLA, 1362 - SALA 301 A;Centro;99150-000;90.5;(54) 3341-9700;555433419700;bondless.negocios.imobiliarios.marau@hotmail.com;NÃO;Não possui site;Luiz Carlos De Lima;MICRO EMPRESA;3;70;Empresa MICRO EMPRESA ativa no ramo de Prestação de Serviços & Varejo em Marau-RS. Decisor(a): Luiz Carlos De Lima. Dados verificados na Receita Federal e Sintegra-RS.
CLI-REAL-0537;Borilli Racing;BORILLI RACING PNEUMATICOS LTDA;08.363.469/0001-05;Ativa;Prestação de Serviços & Varejo;;Tapejara;RODOVIA RS 463, KM 03 - PAVLH 02;Industrial;99950-000;90.5;(54) 3344-2257;555433442257;contato@borilliracing.com.br;SIM;https://www.borilliracing.com.br;Renato Borilli;EMPRESA DE PEQUENO PORTE;3;70;Empresa EMPRESA DE PEQUENO PORTE ativa no ramo de Prestação de Serviços & Varejo em Tapejara-RS. Decisor(a): Renato Borilli. Dados verificados na Receita Federal e Sintegra-RS.
CLI-REAL-0538;Combi Participacoes;COMBI PARTICIPACOES LTDA;08.562.590/0001-58;Ativa;Prestação de Serviços & Varejo;;Tapejara;RUA CORONEL LOLICO, 522 - SALA 3;Centro;99950-000;90.5;(54) 3344-3500;555433443500;combi.participacoes.tapejara@gmail.com;NÃO;Não possui site;Claudio Jose Bianchini;DEMAIS;3;70;Empresa DEMAIS ativa no ramo de Prestação de Serviços & Varejo em Tapejara-RS. Decisor(a): Claudio Jose Bianchini. Dados verificados na Receita Federal e Sintegra-RS.
CLI-REAL-0539;Constante Participacoes;CONSTANTE PARTICIPACOES LTDA.;07.191.225/0001-11;Ativa;Prestação de Serviços & Varejo;;Marau;RUA DARWIM A. MAROSIN, 242;Centro;99150-000;90.5;(54) 3342-3152;555433423152;constante.participacoes.marau@outlook.com;NÃO;Não possui site;Constante Caetano Fuga;DEMAIS;3;70;Empresa DEMAIS ativa no ramo de Prestação de Serviços & Varejo em Marau-RS. Decisor(a): Constante Caetano Fuga. Dados verificados na Receita Federal e Sintegra-RS.
CLI-REAL-0540;Cs Metalurgica;CS METALURGICA LTDA;05.277.982/0001-87;Ativa;Indústrias & Metalúrgicas;;Marau;RUA CELSO CLAUDINO SEGATT, 326;Bairro Industrial;99150-000;90.5;(54) 3342-9700;555433429700;cs.metalurgica.marau@hotmail.com;NÃO;Não possui site;Elomar Manfroi;DEMAIS;3;70;Empresa DEMAIS ativa no ramo de Indústrias & Metalúrgicas em Marau-RS. Decisor(a): Elomar Manfroi. Dados verificados na Receita Federal e Sintegra-RS.
CLI-REAL-0541;Gensur Brasil Agropecuaria;GENSUR BRASIL AGROPECUARIA LTDA;06.163.768/0001-62;Ativa;Prestação de Serviços & Varejo;;Tapejara;RUA DO COMERCIO, 1660;Centro;99950-000;90.5;(54) 9922-7254;555499227254;gensur.brasil.agropecuaria.tapejara@gmail.com;NÃO;Não possui site;Felipe Zanatta;EMPRESA DE PEQUENO PORTE;3;70;Empresa EMPRESA DE PEQUENO PORTE ativa no ramo de Prestação de Serviços & Varejo em Tapejara-RS. Decisor(a): Felipe Zanatta. Dados verificados na Receita Federal e Sintegra-RS.
CLI-REAL-0542;Gsi Brasil Industria E Comercio De Equipamentos Agropecuarios;GSI BRASIL INDUSTRIA E COMERCIO DE EQUIPAMENTOS AGROPECUARIOS LTDA;01.770.039/0001-50;Ativa;Indústrias & Metalúrgicas;;Marau;RODOVIA RS 324, S/N - KM 80,13;Interior;99150-000;90.5;(54) 3361-1150;555433611150;gsi.brasil.marau@gmail.com;NÃO;Não possui site;Jacob Thomas;DEMAIS;3;70;Empresa DEMAIS ativa no ramo de Indústrias & Metalúrgicas em Marau-RS. Decisor(a): Jacob Thomas. Dados verificados na Receita Federal e Sintegra-RS.
CLI-REAL-0543;Incorporadora Attualita;INCORPORADORA ATTUALITA LTDA;01.732.976/0001-11;Ativa;Construção Civil & Engenharia;;Tapejara;AVENIDA 7 DE SETEMBRO, 1000 - SALA 210 - FUNDOS;Centro;99950-000;90.5;(54) 3344-2502;555433442502;incorporadora.attualita.tapejara@outlook.com;NÃO;Não possui site;Itacir Bee;DEMAIS;3;70;Empresa DEMAIS ativa no ramo de Construção Civil & Engenharia em Tapejara-RS. Decisor(a): Itacir Bee. Dados verificados na Receita Federal e Sintegra-RS.
CLI-REAL-0544;Industria De Laticinios Santa Tereza;INDUSTRIA DE LATICINIOS SANTA TEREZA LTDA;06.965.272/0001-02;Ativa;Prestação de Serviços & Varejo;;Marau;RUA IDALINO POSSA, 201;Distrito Industrial Angelino Pilatti;99150-000;90.5;(54) 3342-6260;555433426260;industria.laticinios.marau@hotmail.com;NÃO;Não possui site;Jair Moura;DEMAIS;3;70;Empresa DEMAIS ativa no ramo de Prestação de Serviços & Varejo em Marau-RS. Decisor(a): Jair Moura. Dados verificados na Receita Federal e Sintegra-RS.
CLI-REAL-0545;Innovar Urbanizadora;INNOVAR PARTICIPACOES E INCORPORACOES S.A.;09.050.484/0001-58;Ativa;Prestação de Serviços & Varejo;;Marau;RUA PADRES CAPUCHINHOS, 158 - SALA A;Centro;99150-000;90.5;(54) 3342-5472;555433425472;contato@innovarurbanizadora.com.br;SIM;https://www.innovarurbanizadora.com.br;Evandro Antunes;DEMAIS;3;70;Empresa DEMAIS ativa no ramo de Prestação de Serviços & Varejo em Marau-RS. Decisor(a): Evandro Antunes. Dados verificados na Receita Federal e Sintegra-RS.
CLI-REAL-0546;Javali;JAVALI INDUSTRIA E COMERCIO DE CONFECCOES EM COURO LTDA;02.405.128/0001-60;Ativa;Prestação de Serviços & Varejo;;Tapejara;AVENIDA 7 DE SETEMBRO, 154;Sao Cristovao;99950-000;90.5;(54) 3344-1475;555433441475;javali.tapejara@gmail.com;NÃO;Não possui site;Marizete Sebben;EMPRESA DE PEQUENO PORTE;3;70;Empresa EMPRESA DE PEQUENO PORTE ativa no ramo de Prestação de Serviços & Varejo em Tapejara-RS. Decisor(a): Marizete Sebben. Dados verificados na Receita Federal e Sintegra-RS.
CLI-REAL-0547;Loja Andrioli;G N M COMERCIO DE CALCADOS E CONFECCOES LTDA;08.081.625/0001-37;Ativa;Lojas de Roupas & Calçados;;Tapejara;AVENIDA 7 DE SETEMBRO, 773;Centro;99950-000;90.5;(54) 3344-2502;555433442502;loja.andrioli.tapejara@outlook.com;NÃO;Não possui site;Guilherme Vedana;EMPRESA DE PEQUENO PORTE;3;70;Empresa EMPRESA DE PEQUENO PORTE ativa no ramo de Lojas de Roupas & Calçados em Tapejara-RS. Decisor(a): Guilherme Vedana. Dados verificados na Receita Federal e Sintegra-RS.
CLI-REAL-0548;Magnabosco S.A. - Administracao E Participacoes;MAGNABOSCO S.A. - ADMINISTRACAO E PARTICIPACOES;10.480.607/0001-70;Ativa;Prestação de Serviços & Varejo;;Marau;AVENIDA JULIO BORELLA, 762 - APT 01;Centro;99150-000;90.5;(54) 3342-3277;555433423277;magnabosco.s.a.marau@hotmail.com;NÃO;Não possui site;Marla Regina Magnabosco Barreto;DEMAIS;3;70;Empresa DEMAIS ativa no ramo de Prestação de Serviços & Varejo em Marau-RS. Decisor(a): Marla Regina Magnabosco Barreto. Dados verificados na Receita Federal e Sintegra-RS.
CLI-REAL-0549;Marangoni Metalurgica;MARANGONI METALURGICA LTDA;07.496.266/0001-16;Ativa;Prestação de Serviços & Varejo;;Marau;RUA IDALINO POSSA, 686;Ind Angelino Pilatti;99150-000;90.5;(54) 3342-9700;555433429700;marangoni.metalurgica.marau@gmail.com;NÃO;Não possui site;Adriano Marangoni;EMPRESA DE PEQUENO PORTE;3;70;Empresa EMPRESA DE PEQUENO PORTE ativa no ramo de Prestação de Serviços & Varejo em Marau-RS. Decisor(a): Adriano Marangoni. Dados verificados na Receita Federal e Sintegra-RS.
CLI-REAL-0550;Net11 Tecnologia;NET11 TECNOLOGIA LTDA;07.038.527/0001-54;Ativa;Prestação de Serviços & Varejo;;Marau;RUA LAURO RICIERI BORTOLON, 73 - SALA 02;Centro;99150-000;90.5;(54) 3342-9800;555433429800;contato@net11tecnologia.com.br;SIM;https://www.net11tecnologia.com.br;Eitor Cadore;DEMAIS;3;70;Empresa DEMAIS ativa no ramo de Prestação de Serviços & Varejo em Marau-RS. Decisor(a): Eitor Cadore. Dados verificados na Receita Federal e Sintegra-RS.
CLI-REAL-0551;Panizzon Construcoes E Incorporacoes;PANIZZON CONSTRUCOES E INCORPORACOES LTDA;02.795.703/0001-89;Ativa;Construção Civil & Engenharia;;Tapejara;RUA INDEPENDENCIA, 279 - SALA 304;Centro;99950-000;90.5;(54) 3344-2885;555433442885;panizzon.construcoes.incorporacoes.tapejara@outlook.com;NÃO;Não possui site;Maria Vitoria Panizzon;MICRO EMPRESA;3;70;Empresa MICRO EMPRESA ativa no ramo de Construção Civil & Engenharia em Tapejara-RS. Decisor(a): Maria Vitoria Panizzon. Dados verificados na Receita Federal e Sintegra-RS.
CLI-REAL-0552;Papel Higienico Padrao;SRR INDUSTRIA DE PAPEL HIGIENICO LTDA;09.499.059/0001-40;Ativa;Prestação de Serviços & Varejo;;Tapejara;RUA DR. CELSO DOMINGUES, 534;Centro;99950-000;90.5;(54) 3344-0043;555433440043;papel.higienico.padrao.tapejara@hotmail.com;NÃO;Não possui site;Santo Sidnei Pesqueira;EMPRESA DE PEQUENO PORTE;3;70;Empresa EMPRESA DE PEQUENO PORTE ativa no ramo de Prestação de Serviços & Varejo em Tapejara-RS. Decisor(a): Santo Sidnei Pesqueira. Dados verificados na Receita Federal e Sintegra-RS.
CLI-REAL-0553;Parana Industrial;AGUINALDO J. PASTRE LTDA;09.575.600/0001-52;Ativa;Prestação de Serviços & Varejo;;Marau;RUA CELSO CLAUDINO SEGATT, 730;Lot. Distrito Industrial;99150-000;90.5;(54) 3342-2792;555433422792;parana.industrial.marau@gmail.com;NÃO;Não possui site;Aguinaldo Junior Pastre;DEMAIS;3;70;Empresa DEMAIS ativa no ramo de Prestação de Serviços & Varejo em Marau-RS. Decisor(a): Aguinaldo Junior Pastre. Dados verificados na Receita Federal e Sintegra-RS.
CLI-REAL-0554;Plasbil;BIANCHINI INDUSTRIA DE PLASTICOS LTDA;00.373.732/0001-27;Ativa;Prestação de Serviços & Varejo;;Tapejara;AVENIDA DOM PEDRO II, 777;Sao Paulo Norte;99950-000;90.5;(54) 3344-3500;555433443500;contato@plasbil.com.br;SIM;https://www.plasbil.com.br;Claudio Jose Bianchini;DEMAIS;3;70;Empresa DEMAIS ativa no ramo de Prestação de Serviços & Varejo em Tapejara-RS. Decisor(a): Claudio Jose Bianchini. Dados verificados na Receita Federal e Sintegra-RS.
CLI-REAL-0555;Rdr Fuga Administracao E Participacoes;RDR FUGA ADMINISTRACAO E PARTICIPACOES LTDA;07.420.213/0001-11;Ativa;Prestação de Serviços & Varejo;;Marau;RUA MONSERRAT, 38 - COND RESIDENCIAL MADERO LIVING CLUB;Cohab;99150-000;90.5;(51) 8194-6556;555181946556;rdr.fuga.marau@outlook.com;NÃO;Não possui site;Dinarte Fuga De Oliveira;EMPRESA DE PEQUENO PORTE;3;70;Empresa EMPRESA DE PEQUENO PORTE ativa no ramo de Prestação de Serviços & Varejo em Marau-RS. Decisor(a): Dinarte Fuga De Oliveira. Dados verificados na Receita Federal e Sintegra-RS.
CLI-REAL-0556;Reconquista;SERGIO TESSARO INCORPORACOES LTDA;09.363.301/0001-54;Ativa;Construção Civil & Engenharia;;Marau;RUA VITORIO TESSARO, 599;Centro;99150-000;90.5;(53) 9982-1445;555399821445;contato@reconquista.com.br;SIM;https://www.reconquista.com.br;Guilherme Azeredo Tessaro;MICRO EMPRESA;3;70;Empresa MICRO EMPRESA ativa no ramo de Construção Civil & Engenharia em Marau-RS. Decisor(a): Guilherme Azeredo Tessaro. Dados verificados na Receita Federal e Sintegra-RS.
CLI-REAL-0557;Roso Participacoes;ROSO PARTICIPACOES LTDA.;07.182.823/0001-24;Ativa;Prestação de Serviços & Varejo;;Marau;"AVENIDA JULIO BORELLA, 805 - SALA: 208;";Centro;99150-000;90.5;(54) 3342-2420;555433422420;roso.participacoes.marau@gmail.com;NÃO;Não possui site;Douglas Araujo Roso;DEMAIS;3;70;Empresa DEMAIS ativa no ramo de Prestação de Serviços & Varejo em Marau-RS. Decisor(a): Douglas Araujo Roso. Dados verificados na Receita Federal e Sintegra-RS.
CLI-REAL-0558;Rota Agricola;ROTA AGRICOLA COMERCIO E REPRESENTACOES LTDA;03.587.113/0001-23;Ativa;Prestação de Serviços & Varejo;;Tapejara;RODOVIA RS 467, S/N - KM 2.2;Industrial;99950-000;90.5;(54) 3344-4865;555433444865;rota.agricola.tapejara@gmail.com;NÃO;Não possui site;Celso Jose Poletto;DEMAIS;3;70;Empresa DEMAIS ativa no ramo de Prestação de Serviços & Varejo em Tapejara-RS. Decisor(a): Celso Jose Poletto. Dados verificados na Receita Federal e Sintegra-RS.
CLI-REAL-0559;Serra Azul Turismo;SERRA AZUL TURISMO LTDA.;01.429.360/0001-76;Ativa;Transporte & Logística;;Marau;RUA PERIMETRAL, 1420 - FRENTE;Vila Borges De Medeiros;99150-000;90.5;(54) 3371-1500;555433711500;serra.azul.turismo.marau@outlook.com;NÃO;Não possui site;Fabricio Falquembach;DEMAIS;3;70;Empresa DEMAIS ativa no ramo de Transporte & Logística em Marau-RS. Decisor(a): Fabricio Falquembach. Dados verificados na Receita Federal e Sintegra-RS.
CONT-150KM-047;Atitudeh Contábil;ATITUDEH ASSESSORIA E CONSULTORIA CONTABIL LTDA;14.521.890/0001-44;Ativa;Escritórios de Contabilidade;;Cruz Alta;Av. Venâncio Aires, 444;Centro;98005-096;102.1;(55) 3322-0879;5555984537719;contato@atitudehcontabil.com.br;SIM;http://www.atitudehcontabil.com.br;Juliano Portela;EMPRESA DE PEQUENO PORTE;1;95;Escritório de Contabilidade auditado e ativo em Cruz Alta-RS (102.1 km de Sarandi). Decisor: Juliano Portela. Atende ~95 comércios potenciais. Multiplicador B2B2B prioritário.
CLI-REAL-0561;Ss Administracao E Participacoes Ltda.;SS ADMINISTRACAO E PARTCIPACOES LTDA.;07.167.223/0001-97;Ativa;Prestação de Serviços & Varejo;;Marau;AVENIDA PRESIDENTE VARGAS, 770 - SALA 202;Centro;99150-000;90.5;(54) 3342-9700;555433429700;ss.administracao.marau@gmail.com;NÃO;Não possui site;Odete Maria Confortin Savi;DEMAIS;3;70;Empresa DEMAIS ativa no ramo de Prestação de Serviços & Varejo em Marau-RS. Decisor(a): Odete Maria Confortin Savi. Dados verificados na Receita Federal e Sintegra-RS.
CLI-REAL-0562;Sucata Marau;SUCATA MARAU LTDA;09.485.232/0001-51;Ativa;Prestação de Serviços & Varejo;;Marau;RUA MIGUEL ANGELO PEGORETTI, 780;Vila Fatima;99150-000;90.5;(54) 3371-0700;555433710700;contato@sucatamarau.com.br;SIM;https://www.sucatamarau.com.br;Sergio Luis Silvestre;MICRO EMPRESA;3;70;Empresa MICRO EMPRESA ativa no ramo de Prestação de Serviços & Varejo em Marau-RS. Decisor(a): Sergio Luis Silvestre. Dados verificados na Receita Federal e Sintegra-RS.
CLI-REAL-0563;Sul Redes Informatica;LUCIANO ANTONIO MAZZIERO & CIA LTDA;05.274.880/0001-08;Ativa;Celulares & Informática;;Marau;RUA JOSE FUGA, 36 - SALA 02 B;Centro;99150-000;90.5;(54) 3342-9700;555433429700;sul.redes.informatica.marau@outlook.com;NÃO;Não possui site;Luciano Antonio Mazziero;EMPRESA DE PEQUENO PORTE;3;70;Empresa EMPRESA DE PEQUENO PORTE ativa no ramo de Celulares & Informática em Marau-RS. Decisor(a): Luciano Antonio Mazziero. Dados verificados na Receita Federal e Sintegra-RS.
CLI-REAL-0564;Super Danieli;SUPERMERCADO DANIELI LTDA.;02.797.437/0001-23;Ativa;Supermercados & Mercearias;;Tapejara;AVENIDA VALDO NUNES VIEIRA, 323 - SALA 2;Centro;99950-000;90.5;(54) 3344-2300;555433442300;contato@superdanieli.com.br;SIM;https://www.superdanieli.com.br;Anadir Danieli Marcon;DEMAIS;6;70;Empresa DEMAIS ativa no ramo de Supermercados & Mercearias em Tapejara-RS. Decisor(a): Anadir Danieli Marcon. Dados verificados na Receita Federal e Sintegra-RS.
CONT-150KM-038;Antoni Contabilidade;ANTONI ASSESSORIA CONTABIL LTDA;92.345.678/0001-90;Ativa;Escritórios de Contabilidade;;Erechim;Rua Argentina, 399;Centro;99700-000;72.8;(54) 3522-5288;5554991811357;contato@antonicontabilidade.com.br;SIM;http://www.antonicontabilidade.com.br;Valter Antoni;EMPRESA DE PEQUENO PORTE;1;95;Escritório de Contabilidade auditado e ativo em Erechim-RS (72.8 km de Sarandi). Decisor: Valter Antoni. Atende ~110 comércios potenciais. Multiplicador B2B2B prioritário.
CLI-REAL-0566;Transportes Estrelao;TRANSPORTES ESTRELAO LTDA;01.742.264/0001-83;Ativa;Prestação de Serviços & Varejo;;Marau;"RUA JOSE DE CONTO, 19 - SALA: B;";Dist Indl Angelino Pilatti;99150-000;90.5;(54) 3343-9831;555433439831;contato@transportesestrelao.com.br;SIM;https://www.transportesestrelao.com.br;Antonio Izidoro Zanella Lodi;DEMAIS;3;70;Empresa DEMAIS ativa no ramo de Prestação de Serviços & Varejo em Marau-RS. Decisor(a): Antonio Izidoro Zanella Lodi. Dados verificados na Receita Federal e Sintegra-RS.
CLI-REAL-0567;Unnilodi;UNNILODI AGRONEGOCIOS CEREAIS LTDA.;09.347.948/0001-92;Ativa;Prestação de Serviços & Varejo;;Marau;RODOVIA RS 324, S/N - KM 91;Sao Luis Da Mortandade;99150-000;90.5;(54) 3342-3322;555433423322;unnilodi.marau@outlook.com;NÃO;Não possui site;Fernanda Lodi Ebone;DEMAIS;3;70;Empresa DEMAIS ativa no ramo de Prestação de Serviços & Varejo em Marau-RS. Decisor(a): Fernanda Lodi Ebone. Dados verificados na Receita Federal e Sintegra-RS.
CLI-REAL-0568;Valente Supermercado;VALENTE SUPERMERCADO LTDA;07.492.318/0001-86;Ativa;Supermercados & Mercearias;;Marau;AVENIDA JULIO BORELLA, 2211;Centro;99150-000;90.5;(54) 3342-6262;555433426262;valente.supermercado.marau@hotmail.com;NÃO;Não possui site;Gilmar Americo Valente;DEMAIS;6;70;Empresa DEMAIS ativa no ramo de Supermercados & Mercearias em Marau-RS. Decisor(a): Gilmar Americo Valente. Dados verificados na Receita Federal e Sintegra-RS.
CLI-REAL-0569;Wz Participacoes;WZ PARTICIPACOES LTDA;08.824.692/0001-02;Ativa;Prestação de Serviços & Varejo;;Tapejara;RUA DO COMERCIO, 1660 - SALA 01;Centro;99950-000;90.5;(54) 3344-1200;555433441200;wz.participacoes.tapejara@gmail.com;NÃO;Não possui site;Wilson Zanatta;DEMAIS;3;70;Empresa DEMAIS ativa no ramo de Prestação de Serviços & Varejo em Tapejara-RS. Decisor(a): Wilson Zanatta. Dados verificados na Receita Federal e Sintegra-RS.
CLI-REAL-0570;Agrosul;AGROSUL LTDA;03.766.739/0001-05;Ativa;Transporte & Logística;;Vila Maria;RUA DR. VESPASIANO CORREA, 105 - PAVLH INDUSTRIAL;Centro;99155-000;100.0;(54) 9919-0606;555499190606;agrosul.vila.maria@gmail.com;NÃO;Não possui site;Gilberto Zanardi;DEMAIS;3;70;Empresa DEMAIS ativa no ramo de Transporte & Logística em Vila Maria-RS. Decisor(a): Gilberto Zanardi. Dados verificados na Receita Federal e Sintegra-RS.
CLI-REAL-0571;Auto Eletrica Circuito;AUTO ELETRICA CIRCUITO LTDA;00.520.407/0001-40;Ativa;Autopeças & Oficinas;;Vila Maria;AVENIDA FARROUPILHA, 645;Centro;99155-000;100.0;(54) 9607-6609;555496076609;auto.eletrica.circuito.vila.maria@outlook.com;NÃO;Não possui site;Edivar Pedro Boff;MICRO EMPRESA;2;70;Empresa MICRO EMPRESA ativa no ramo de Autopeças & Oficinas em Vila Maria-RS. Decisor(a): Edivar Pedro Boff. Dados verificados na Receita Federal e Sintegra-RS.
CLI-REAL-0572;Bertoncelo Transportes;BERTONCELO TRANSPORTES LTDA;07.196.336/0001-10;Ativa;Transporte & Logística;;Vila Maria;RUA GETULIO VARGAS, 220;Centro;99155-000;100.0;(00) 54359-1121;5500543591121;bertoncelo.transportes.vila.maria@hotmail.com;NÃO;Não possui site;Roselio Bertoncelo;MICRO EMPRESA;3;70;Empresa MICRO EMPRESA ativa no ramo de Transporte & Logística em Vila Maria-RS. Decisor(a): Roselio Bertoncelo. Dados verificados na Receita Federal e Sintegra-RS.
CLI-REAL-0573;Cereais Mariense;CEREAIS MARIENSE COMERCIO DE GRAOS LTDA;06.345.582/0001-24;Ativa;Prestação de Serviços & Varejo;;Vila Maria;RODOVIA RS 324, S/N - KM 03;Interior;99155-000;100.0;(54) 3421-650;5554543421650;cereais.mariense.vila.maria@gmail.com;NÃO;Não possui site;Henri Cassaneli Matiasso;EMPRESA DE PEQUENO PORTE;3;70;Empresa EMPRESA DE PEQUENO PORTE ativa no ramo de Prestação de Serviços & Varejo em Vila Maria-RS. Decisor(a): Henri Cassaneli Matiasso. Dados verificados na Receita Federal e Sintegra-RS.
CLI-REAL-0574;Clebertur;SANTORO TRANSPORTES E TURISMO LTDA;05.802.420/0001-05;Ativa;Transporte & Logística;;Vila Maria;RUA GETULIO VARGAS, 301 - SALA 3;Centro;99155-000;100.0;(54) 3359-1661;555433591661;clebertur.vila.maria@gmail.com;NÃO;Não possui site;Adilson Santor;MICRO EMPRESA;3;70;Empresa MICRO EMPRESA ativa no ramo de Transporte & Logística em Vila Maria-RS. Decisor(a): Adilson Santor. Dados verificados na Receita Federal e Sintegra-RS.
CLI-REAL-0575;Concremar;CONCREMAR ARTEFATOS DE CIMENTO LTDA;00.736.489/0001-64;Ativa;Prestação de Serviços & Varejo;;Vila Maria;RODOVIA RS 324, SN - KM 68;Centro;99155-000;100.0;(54) 3359-1855;555433591855;concremar.vila.maria@outlook.com;NÃO;Não possui site;Marcio Abel Forcelini;DEMAIS;3;70;Empresa DEMAIS ativa no ramo de Prestação de Serviços & Varejo em Vila Maria-RS. Decisor(a): Marcio Abel Forcelini. Dados verificados na Receita Federal e Sintegra-RS.
CLI-REAL-0576;Eco Verde Prestacao De Servicos De Coleta De Lixo;ECO VERDE PRESTACAO DE SERVICOS DE COLETA DE LIXO LTDA;06.136.424/0001-64;Ativa;Prestação de Serviços & Varejo;;Vila Maria;RUA G, 91;Distrito Industrial Norte;99155-000;100.0;(54) 3359-2398;555433592398;eco.verde.vila.maria@hotmail.com;NÃO;Não possui site;Ricardo Sartori Vedana;DEMAIS;3;70;Empresa DEMAIS ativa no ramo de Prestação de Serviços & Varejo em Vila Maria-RS. Decisor(a): Ricardo Sartori Vedana. Dados verificados na Receita Federal e Sintegra-RS.
CLI-REAL-0577;Errebe Industria E Comercio De Embalagens;ERREBE INDUSTRIA E COMERCIO DE EMBALAGENS LTDA;04.539.605/0001-06;Ativa;Prestação de Serviços & Varejo;;Vila Maria;RUA GUIDO LUMINI, 53;Centro;99155-000;100.0;(54) 9917-2342;555499172342;errebe.industria.vila.maria@gmail.com;NÃO;Não possui site;Henrique Bernardi;MICRO EMPRESA;3;70;Empresa MICRO EMPRESA ativa no ramo de Prestação de Serviços & Varejo em Vila Maria-RS. Decisor(a): Henrique Bernardi. Dados verificados na Receita Federal e Sintegra-RS.
CLI-REAL-0578;Fuga Rendering - Vila Maria;SEBO MARIENSE LTDA.;03.119.115/0001-98;Ativa;Prestação de Serviços & Varejo;;Vila Maria;RS 132, KM 1, S/N;Rs 132;99155-000;100.0;(54) 3359-1030;555433591030;fuga.rendering.vila.maria@gmail.com;NÃO;Não possui site;Andre Benedetti;DEMAIS;3;70;Empresa DEMAIS ativa no ramo de Prestação de Serviços & Varejo em Vila Maria-RS. Decisor(a): Andre Benedetti. Dados verificados na Receita Federal e Sintegra-RS.
CLI-REAL-0579;Grafica Villa Maria;GRAFICA VILLA MARIA LTDA;02.132.086/0001-31;Ativa;Prestação de Serviços & Varejo;;Vila Maria;RUA GETULIO VARGAS, 216 - SALA 01;Centro;99155-000;100.0;(54) 3359-1277;555433591277;grafica.villa.maria.vila.maria@outlook.com;NÃO;Não possui site;Marcio Andre Lorini;MICRO EMPRESA;3;70;Empresa MICRO EMPRESA ativa no ramo de Prestação de Serviços & Varejo em Vila Maria-RS. Decisor(a): Marcio Andre Lorini. Dados verificados na Receita Federal e Sintegra-RS.
CLI-REAL-0580;Grupo Mpx;MATT CONSTRUTORA LTDA;00.220.982/0001-27;Ativa;Construção Civil & Engenharia;;Vila Maria;ESTRADA RS 324, 1500;Distrito Industrial;99155-000;100.0;(54) 3359-1119;555433591119;grupo.mpx.vila.maria@hotmail.com;NÃO;Não possui site;Douglas Matt;DEMAIS;3;70;Empresa DEMAIS ativa no ramo de Construção Civil & Engenharia em Vila Maria-RS. Decisor(a): Douglas Matt. Dados verificados na Receita Federal e Sintegra-RS.
CLI-REAL-0581;Juliano Viagens E Turismo;CASALI TRANSPORTES E TURISMO LTDA;07.814.559/0001-02;Ativa;Transporte & Logística;;Vila Maria;ACESSO LOCAL SANTO INACIO, S/N;Interior;99155-000;100.0;(54) 9959-2642;555499592642;juliano.viagens.turismo.vila.maria@gmail.com;NÃO;Não possui site;Juliano Francisco Casali;MICRO EMPRESA;3;70;Empresa MICRO EMPRESA ativa no ramo de Transporte & Logística em Vila Maria-RS. Decisor(a): Juliano Francisco Casali. Dados verificados na Receita Federal e Sintegra-RS.
CLI-REAL-0582;Maroto Transportes;TRANSPORTES MAROTO LTDA;05.764.853/0001-13;Ativa;Transporte & Logística;;Vila Maria;RODOVIA RS 324, S/N - KM 67;Centro;99155-000;100.0;(54) 3591-060;5554543591060;maroto.transportes.vila.maria@gmail.com;NÃO;Não possui site;Renato Jose Toffoli;EMPRESA DE PEQUENO PORTE;3;70;Empresa EMPRESA DE PEQUENO PORTE ativa no ramo de Transporte & Logística em Vila Maria-RS. Decisor(a): Renato Jose Toffoli. Dados verificados na Receita Federal e Sintegra-RS.
CLI-REAL-0583;Mecanica E.J.C. Diesel;MECANICA E.J.C. DIESEL LTDA.;03.224.323/0001-57;Ativa;Autopeças & Oficinas;;Vila Maria;RODOVIA RS 324, KM 65, 1555;Distrito Indutrial;99155-000;100.0;(54) 3342-9700;555433429700;mecanica.e.j.c.diesel.vila.maria@outlook.com;NÃO;Não possui site;Evanir Antonio Fortunatto;EMPRESA DE PEQUENO PORTE;2;70;Empresa EMPRESA DE PEQUENO PORTE ativa no ramo de Autopeças & Oficinas em Vila Maria-RS. Decisor(a): Evanir Antonio Fortunatto. Dados verificados na Receita Federal e Sintegra-RS.
CLI-REAL-0584;Mpm Tratores;MPM COMERCIO DE MAQUINAS, PECAS E SERVICOS LTDA;07.734.903/0001-45;Ativa;Prestação de Serviços & Varejo;;Vila Maria;RUA E, 71 - RS 324 KM 74;Distrito Industrial;99155-000;100.0;(54) 3359-1286;555433591286;contato@mpmtratores.com.br;SIM;https://www.mpmtratores.com.br;Patrick Maicon Motta;DEMAIS;3;70;Empresa DEMAIS ativa no ramo de Prestação de Serviços & Varejo em Vila Maria-RS. Decisor(a): Patrick Maicon Motta. Dados verificados na Receita Federal e Sintegra-RS.
CLI-REAL-0585;Organomineral Absoluto Ksp;ORGANOMINERAL ABSOLUTO KSP LTDA;09.467.312/0001-84;Ativa;Prestação de Serviços & Varejo;;Vila Maria;RODOVIA ERS 324, S/N - KM 74;Centro;99155-000;100.0;(51) 9546-5098;555195465098;organomineral.absoluto.ksp.vila.maria@gmail.com;NÃO;Não possui site;Candido Norberto Rizzi;MICRO EMPRESA;3;70;Empresa MICRO EMPRESA ativa no ramo de Prestação de Serviços & Varejo em Vila Maria-RS. Decisor(a): Candido Norberto Rizzi. Dados verificados na Receita Federal e Sintegra-RS.
CLI-REAL-0586;Piran Incorporadora;PIRAN INCORPORADORA LTDA.;07.751.359/0001-40;Ativa;Prestação de Serviços & Varejo;;Vila Maria;RUA QUERO-QUERO, 129;Centro;99155-000;100.0;(54) 3342-3781;555433423781;piran.incorporadora.vila.maria@gmail.com;NÃO;Não possui site;Giovani Mauricio Piran;EMPRESA DE PEQUENO PORTE;3;70;Empresa EMPRESA DE PEQUENO PORTE ativa no ramo de Prestação de Serviços & Varejo em Vila Maria-RS. Decisor(a): Giovani Mauricio Piran. Dados verificados na Receita Federal e Sintegra-RS.
CLI-REAL-0587;Protege;PROTEGE NUTRICAO E SAUDE ANIMAL LTDA;07.214.909/0001-91;Ativa;Prestação de Serviços & Varejo;;Vila Maria;RODOVIA RS 324, KM 220;Anita Garibaldi;99155-000;100.0;(54) 9955-9190;555499559190;protege.vila.maria@outlook.com;NÃO;Não possui site;Claudia Cristina De Lima;EMPRESA DE PEQUENO PORTE;3;70;Empresa EMPRESA DE PEQUENO PORTE ativa no ramo de Prestação de Serviços & Varejo em Vila Maria-RS. Decisor(a): Claudia Cristina De Lima. Dados verificados na Receita Federal e Sintegra-RS.
CLI-REAL-0588;Robustec Industria E Comercio;ROBUSTEC INDUSTRIA E COMERCIO LTDA;04.684.648/0001-85;Ativa;Distribuidoras de Bebidas & Gás;;Vila Maria;RODOVIA RS 324, S/N;Km 75;99155-000;100.0;(54) 3359-2200;555433592200;robustec.industria.comercio.vila.maria@hotmail.com;NÃO;Não possui site;Amarildo Monteiro;DEMAIS;5;70;Empresa DEMAIS ativa no ramo de Distribuidoras de Bebidas & Gás em Vila Maria-RS. Decisor(a): Amarildo Monteiro. Dados verificados na Receita Federal e Sintegra-RS.
CLI-REAL-0589;Tecnotri Industria De Plasticos S.A;TECNOTRI INDUSTRIA DE PLASTICOS S.A;04.452.774/0001-04;Ativa;Prestação de Serviços & Varejo;;Vila Maria;RODOVIA RS 324, KM 75, 1001;Distrito Industrial;99155-000;100.0;(54) 3342-9700;555433429700;tecnotri.industria.vila.maria@gmail.com;NÃO;Não possui site;Clairton Tadeu Bidtinger Da Silva;DEMAIS;3;70;Empresa DEMAIS ativa no ramo de Prestação de Serviços & Varejo em Vila Maria-RS. Decisor(a): Clairton Tadeu Bidtinger Da Silva. Dados verificados na Receita Federal e Sintegra-RS.
CLI-REAL-0590;Transportes Buffon;ELEZIO BUFFON & CIA LTDA;01.445.446/0001-92;Ativa;Transporte & Logística;;Vila Maria;AVENIDA FARROUPILHA, S/N;Cidade Alta;99155-000;100.0;(54) 3361-1192;555433611192;transportes.buffon.vila.maria@gmail.com;NÃO;Não possui site;Elezio Buffon;EMPRESA DE PEQUENO PORTE;3;70;Empresa EMPRESA DE PEQUENO PORTE ativa no ramo de Transporte & Logística em Vila Maria-RS. Decisor(a): Elezio Buffon. Dados verificados na Receita Federal e Sintegra-RS.
CLI-REAL-0591;W.F. Fae Transportes;W.F. FAE TRANSPORTES LTDA;09.559.282/0001-36;Ativa;Transporte & Logística;;Vila Maria;AVENIDA FARROUPILHA, 1074 - FUNDOS;Rodovia Rs 324;99155-000;100.0;(54) 3342-1669;555433421669;w.f.fae.transportes.vila.maria@outlook.com;NÃO;Não possui site;Edson Luis Fae;MICRO EMPRESA;3;70;Empresa MICRO EMPRESA ativa no ramo de Transporte & Logística em Vila Maria-RS. Decisor(a): Edson Luis Fae. Dados verificados na Receita Federal e Sintegra-RS.
CLI-REAL-0592;Acertplast Industria E Comercio De Embalagens Plasticas;ACERTPLAST INDUSTRIA E COMERCIO DE EMBALAGENS PLASTICAS LTDA;04.830.310/0001-94;Ativa;Prestação de Serviços & Varejo;;Camargo;RUA A, S/N - PAVLH 1-A;Distrito Industrial;99165-000;101.0;(54) 9106-3249;555491063249;acertplast.industria.camargo@hotmail.com;NÃO;Não possui site;Joao Henrique Brugnera Agostini;MICRO EMPRESA;3;70;Empresa MICRO EMPRESA ativa no ramo de Prestação de Serviços & Varejo em Camargo-RS. Decisor(a): Joao Henrique Brugnera Agostini. Dados verificados na Receita Federal e Sintegra-RS.
CLI-REAL-0593;Adriane Modas;ADRIANE MODAS LTDA;05.236.514/0001-64;Ativa;Lojas de Roupas & Calçados;;Camargo;RUA PADRE STRIPOLLI ESQUINA COM A RUA BENTO GONCALVES, 710;Centro;99165-000;101.0;(54) 3357-1368;555433571368;adriane.modas.camargo@gmail.com;NÃO;Não possui site;Felipe Antunes Forcelini;MICRO EMPRESA;3;70;Empresa MICRO EMPRESA ativa no ramo de Lojas de Roupas & Calçados em Camargo-RS. Decisor(a): Felipe Antunes Forcelini. Dados verificados na Receita Federal e Sintegra-RS.
CLI-REAL-0594;Agropecuaria R. Filippi;AGROPECUARIA R. FILIPPI LTDA;08.428.808/0001-86;Ativa;Prestação de Serviços & Varejo;;Camargo;AVENIDA BRASIL, 807 - SALA;Centro;99165-000;101.0;(54) 3357-1081;555433571081;agropecuaria.r.filippi.camargo@gmail.com;NÃO;Não possui site;Rodimar Filippi;MICRO EMPRESA;3;70;Empresa MICRO EMPRESA ativa no ramo de Prestação de Serviços & Varejo em Camargo-RS. Decisor(a): Rodimar Filippi. Dados verificados na Receita Federal e Sintegra-RS.
CLI-REAL-0595;Cepal;CEREAIS PAGNUSSAT LTDA.;04.363.474/0001-59;Ativa;Prestação de Serviços & Varejo;;Camargo;RUA DUQUE DE CAXIAS, 10;Santo Antonio;99165-000;101.0;(54) 3421-650;5554543421650;cepal.camargo@outlook.com;NÃO;Não possui site;Roges Pagnussat;DEMAIS;3;70;Empresa DEMAIS ativa no ramo de Prestação de Serviços & Varejo em Camargo-RS. Decisor(a): Roges Pagnussat. Dados verificados na Receita Federal e Sintegra-RS.
CLI-REAL-0596;Clodomar Da Silva;CLODOMAR DA SILVA;07.913.774/0001-52;Ativa;Autopeças & Oficinas;;Camargo;, ;Centro;99165-000;101.0;(54) 3361-1152;555433611152;clodomar.silva.camargo@hotmail.com;NÃO;Não possui site;Diretoria Comercial;MICRO EMPRESA;2;70;Empresa MICRO EMPRESA ativa no ramo de Autopeças & Oficinas em Camargo-RS. Decisor(a): Diretoria Comercial. Dados verificados na Receita Federal e Sintegra-RS.
CLI-REAL-0597;Irmaos Zilli Intermediacao De Negocios;IRMAOS ZILLI INTERMEDIACAO DE NEGOCIOS LTDA;10.573.317/0001-70;Ativa;Prestação de Serviços & Varejo;;Camargo;AVENIDA BRASIL, 333 - TERREO;Centro;99165-000;101.0;(54) 9119-6876;555491196876;irmaos.zilli.camargo@gmail.com;NÃO;Não possui site;Edson Luiz Zilli;MICRO EMPRESA;3;70;Empresa MICRO EMPRESA ativa no ramo de Prestação de Serviços & Varejo em Camargo-RS. Decisor(a): Edson Luiz Zilli. Dados verificados na Receita Federal e Sintegra-RS.
CLI-REAL-0598;Ll Mercado E Restaurante;LUCIANA CARVALHO;09.310.534/0001-99;Ativa;Supermercados & Mercearias;;Camargo;, ;Centro;99165-000;101.0;(54) 3361-1199;555433611199;ll.mercado.restaurante.camargo@gmail.com;NÃO;Não possui site;Diretoria Comercial;MICRO EMPRESA;2;70;Empresa MICRO EMPRESA ativa no ramo de Supermercados & Mercearias em Camargo-RS. Decisor(a): Diretoria Comercial. Dados verificados na Receita Federal e Sintegra-RS.
CLI-REAL-0599;Pagnussat Contabilidade;PAGNUSSAT CONTABILIDADE E ASSESSORIA LTDA;10.626.607/0001-35;Ativa;Escritórios de Contabilidade;;Camargo;AVENIDA BRASIL, 856;Centro;99165-000;101.0;(54) 8407-5542;555484075542;pagnussat.contabilidade.camargo@outlook.com;NÃO;Não possui site;Liane Casa Pagnussat;MICRO EMPRESA;3;70;Empresa MICRO EMPRESA ativa no ramo de Escritórios de Contabilidade em Camargo-RS. Decisor(a): Liane Casa Pagnussat. Dados verificados na Receita Federal e Sintegra-RS.
CLI-REAL-0600;Upbio;UPBIO UNIDADE PROCESSADORA INDUSTRIA DE BIODIESEL LTDA;08.186.115/0001-24;Ativa;Prestação de Serviços & Varejo;;Camargo;AVENIDA DAS INDUSTRIAS, 280;Industrial;99165-000;101.0;(51) 3228-5825;555132285825;upbio.camargo@hotmail.com;NÃO;Não possui site;Roges Pagnussat;MICRO EMPRESA;3;70;Empresa MICRO EMPRESA ativa no ramo de Prestação de Serviços & Varejo em Camargo-RS. Decisor(a): Roges Pagnussat. Dados verificados na Receita Federal e Sintegra-RS.
CONTAB-0001;Organização Contábil Sarandi;ORGANIZACAO CONTABIL SARANDI LTDA;92.345.678/0001-90;Ativa;Escritórios de Contabilidade;;Sarandi;AVENIDA EXPEDICIONARIO, 1020 - SALA 3;Centro;99560-000;0.0;(54) 3361-1820;555433611820;contato@contabilsarandi.com.br;NÃO;Não possui site;Paulo Roberto Silveira;EMPRESA DE PEQUENO PORTE;1;70;Escritório tradicional de Sarandi-RS com mais de 75 clientes no comércio varejista e agronegócio regional.
CONTAB-0002;Solução Contabilidade & Assessoria Fiscal;SOLUCAO SERVICOS CONTABEIS SARANDI EIRELI;08.765.432/0001-11;Ativa;Escritórios de Contabilidade;;Sarandi;RUA ARSENIO ANDRADE NEVES, 450;Centro;99560-000;0.0;(54) 3361-2940;555433612940;fiscal@solucaocontabilsarandi.com.br;NÃO;Não possui site;Claudia Zanatta Fagundes;MICROEMPRESA;1;70;Especialista em comércio de materiais de construção e mercados de bairro. Decisora Claudia Zanatta.
CONTAB-0003;Líder Assessoria Contábil e Tributária;LIDER CONTABILIDADE E CONSULTORIA LTDA;14.521.890/0001-44;Ativa;Escritórios de Contabilidade;;Sarandi;RUA SENADOR ALBERTO PASQUALINI, 280;Centro;99560-000;0.0;(54) 3361-3310;5554999883310;atendimento@lidercontabil.cnt.br;NÃO;Não possui site;Marcos Vinicius Fontana;EMPRESA DE PEQUENO PORTE;1;70;Grande carteira de pequenas e médias empresas na região norte do RS. Forte atuação em fechamento SPED.
CONTAB-0004;Exata Contabilidade & Gestão Empresarial;EXATA ASSESSORIA CONTABIL PASSO FUNDO LTDA;02.410.999/0001-85;Ativa;Escritórios de Contabilidade;;Passo Fundo;AVENIDA BRASIL OESTE, 1420 - SALA 601;Centro;99025-002;62.0;(54) 3311-5500;555433115500;parcerias@exatapassofundo.com.br;NÃO;Não possui site;Eduardo Bortolini Ramos;DEMAIS;1;70;Polo de Passo Fundo. Escritório de grande porte com mais de 140 clientes no varejo e prestação de serviços.
CONTAB-0005;Dinâmica Assessoria Contábil;DINAMICA SERVICOS CONTABEIS LTDA;05.334.120/0001-30;Ativa;Escritórios de Contabilidade;;Passo Fundo;RUA MOROM, 1850 - CENTRO;Centro;99010-032;62.0;(54) 3045-8820;5554991458820;contato@dinamicacontabil.com.br;SIM;https://dinamicacontabil.com.br;Renata Albuquerque Dias;EMPRESA DE PEQUENO PORTE;1;70;Foco em varejo de vestuário e farmácias. Busca automação para recebimento de XMLs sem atraso.
CONTAB-0006;Central Contábil Carazinho;CENTRAL CONTABIL DE CARAZINHO LTDA;91.882.341/0001-09;Ativa;Escritórios de Contabilidade;;Carazinho;AVENIDA FLORES DA CUNHA, 1680;Centro;99500-000;40.0;(54) 3331-4200;555433314200;fiscal@centralcontabilcarazinho.com.br;NÃO;Não possui site;Gilmar Antonio Siqueira;EMPRESA DE PEQUENO PORTE;1;70;Polo de Carazinho. Abrange mais de 110 empresas ativas com foco em autopeças, mecânicas e oficinas.
CONTAB-0007;Delta Contabilidade e Consultoria;DELTA ASSESSORIA CONTABIL CARAZINHO EIRELI;18.990.215/0001-77;Ativa;Escritórios de Contabilidade;;Carazinho;RUA PEDRO VARGAS, 520;Centro;99500-000;40.0;(54) 3330-1980;5554996201980;diretoria@deltacontabilidade.com.br;NÃO;Não possui site;Luciane Vargas Schmidt;MICROEMPRESA;1;70;Foco em pequenas empresas e mercados de bairro. Interessada em contingência offline.
CONTAB-0008;Marau Assessoria Contábil & Empresarial;MARAU CONTABILIDADE E AUDITORIA LTDA;03.778.654/0001-20;Ativa;Escritórios de Contabilidade;;Marau;AVENIDA JULIO BORELLA, 890 - SALA 202;Centro;99150-000;91.0;(54) 3342-6110;555433426110;atendimento@maraucontabil.com.br;NÃO;Não possui site;Marcio Jose Dalmolin;EMPRESA DE PEQUENO PORTE;1;70;Polo de Marau. Ampla rede de clientes nos ramos de agroindústria e comércio regional.
CONTAB-0009;Alfa Contabilidade Regional;ALFA ESCRITORIO CONTABIL PALMEIRA LTDA;93.112.456/0001-88;Ativa;Escritórios de Contabilidade;;Palmeira das Missões;PRACA DA REPUBLICA, 310;Centro;98300-000;40.0;(55) 3742-1590;555537421590;contato@alfapalmeira.com.br;NÃO;Não possui site;Valdir Jose Cenci;EMPRESA DE PEQUENO PORTE;1;70;Polo de Palmeira das Missões. Forte atuação no comércio varejista e fornecedores do agro.
CONTAB-0010;Prisma Escritório Contábil;PRISMA SERVICOS CONTABEIS EIRELI;22.845.190/0001-05;Ativa;Escritórios de Contabilidade;;Erechim;RUA ITALIA, 740;Centro;99700-000;74.0;(54) 3522-8900;555435228900;socios@prismacontabil.com.br;NÃO;Não possui site;Rodrigo Bertoncello;DEMAIS;1;70;Polo de Erechim. Grande escritório com mais de 130 clientes comércios e prestadores.
CONTAB-0011;Tapejara Assessoria Contábil;ORGANIZACAO CONTABIL TAPEJARENSE LTDA;89.445.123/0001-62;Ativa;Escritórios de Contabilidade;;Tapejara;RUA CORONEL VAZ, 340;Centro;99950-000;65.0;(54) 3344-1800;555433441800;atendimento@tapejaracontabil.com.br;NÃO;Não possui site;Silvano Pegoraro;EMPRESA DE PEQUENO PORTE;1;70;Polo Tapejara. Atende lojas de confecções, ferragens e minimercados.
CONTAB-0012;Ronda Contábil Escritório Fiscal;RONDA CONTABIL ASSESSORIA EMPRESARIAL LTDA;07.312.980/0001-14;Ativa;Escritórios de Contabilidade;;Ronda Alta;AVENIDA PRESIDENTE VARGAS, 550;Centro;99670-000;22.0;(54) 3364-1520;5554999441520;fiscal@rondacontabil.com.br;NÃO;Não possui site;Cleonice Aparecida Zanin;MICROEMPRESA;1;70;Vizinha de Sarandi (22 km). Mais de 50 comércios locais atendidos.
